number,opened_at,resolved_at,closed_at,state,priority,category,subcategory,assignment_group,assigned_to,short_description,description,work_notes,close_notes,made_sla,reopen_count,assignment_path
INC1200003,2026-04-26T09:43:37-04:00,2026-04-26T18:44:14-04:00,2026-04-26T21:08:55-04:00,Closed,3-Moderate,desktop,other-desktop,Service Desk,Riley Cho,Mapped network drive missing at logon,"Mapped network drive missing at logon
Please assist.
Thanks,
Riley Cho
@example.invalid","2026-04-26 09:43:37 - Riley Cho (Work notes)
User reports: Mapped network drive missing at logon. Routing toward Service Desk.",Rebuilt profile; network drive mapped.,true,0,Service Desk|Endpoint Engineering|Service Desk
INC1200008,2026-03-12T12:59:25-04:00,2026-03-12T21:28:31-04:00,2026-03-15T02:46:49-04:00,Closed,4-Low,app,zoom-teams,Collaboration Services,Wynn Foster,Zoom meeting audio missing on Surface Laptop,"Zoom meeting audio missing on Surface Laptop
Please assist.
Thanks,
Wynn Foster
@example.invalid","2026-03-12 12:59:25 - Wynn Foster (Work notes)
User reports: Zoom meeting audio missing on Surface Laptop. Routing toward Collaboration Services.",Teams cache cleared.,true,0,Service Desk|Collaboration Services
INC1200012,2026-04-20T10:09:42-04:00,2026-04-25T11:25:37-04:00,2026-04-25T14:25:53-04:00,Closed,3-Moderate,app,zoom-teams,Service Desk,Quinn Patel,Zoom client crash on screen share,"Zoom client crash on screen share
Please assist.
Thanks,
Quinn Patel
@example.invalid","2026-04-20 10:09:42 - Quinn Patel (Work notes)
User reports: Zoom client crash on screen share. Routing toward Service Desk.",Teams cache cleared.,false,0,Service Desk|Collaboration Services|Service Desk
INC1200017,2026-06-18T04:01:47-04:00,2026-06-22T06:27:56-04:00,2026-06-22T12:03:48-04:00,Closed,3-Moderate,app,outlook,Collaboration Services,Wynn Foster,Cannot search mailbox after weekend,"Cannot search mailbox after weekend
Please assist.
Thanks,
Wynn Foster
@example.invalid","2026-06-18 04:01:47 - Wynn Foster (Work notes)
User reports: Cannot search mailbox after weekend. Routing toward Collaboration Services.",Remapped shared mailbox.,false,0,Collaboration Services
INC1200018,2026-07-24T15:09:07-04:00,2026-07-26T06:58:04-04:00,2026-07-26T16:03:32-04:00,Closed,2-High,network,vpn,Major Incident,,Cannot connect VPN from home — anyconnect timeout,"Cannot connect VPN from home — anyconnect timeout
Please assist.
Thanks,
End User
@example.invalid","2026-07-24 15:09:07 - Riley Cho (Work notes)
User reports: Cannot connect VPN from home — anyconnect timeout. Routing toward Major Incident.
2026-07-24 16:09:14 - Quinn Patel (Work notes)
Escalating to Network Ops.",VPN profile rebuilt; tunnel stable.,false,0,Service Desk|Network Ops|Service Desk|Major Incident
INC1200019,2026-08-26T15:27:45-04:00,2026-08-27T16:24:29-04:00,2026-08-27T23:02:16-04:00,Closed,3-Moderate,desktop,laptop-hardware,Vendor Mgmt,Tatum Rhodes,Laptop lid sensor false sleep on ThinkPad T14,"Laptop lid sensor false sleep on ThinkPad T14
Please assist.
Thanks,
Tatum Rhodes
@example.invalid","2026-08-26 15:27:45 - Tatum Rhodes (Work notes)
User reports: Laptop lid sensor false sleep on ThinkPad T14. Routing toward Vendor Mgmt.
2026-08-26 16:27:52 - Tatum Rhodes (Work notes)
Checked laptop-hardware path; still failing.",Replaced charger and retested battery.,true,0,Vendor Mgmt
INC1200026,2026-03-12T10:42:29-04:00,2026-03-12T11:52:07-04:00,2026-03-13T23:01:45-04:00,Closed,2-High,network,dns,Vendor Mgmt,Sutton Grey,DNS will not resolve internal host,"DNS will not resolve internal host
Please assist.
Thanks,
Sutton Grey
@example.invalid","2026-03-12 10:42:29 - Sutton Grey (Work notes)
User reports: DNS will not resolve internal host. Routing toward Vendor Mgmt.
2026-03-12 11:42:36 - Sutton Grey (Work notes)
Applied standard workaround.
2026-03-12 12:42:43 - Sutton Grey (Work notes)
Applied standard workaround.",Corrected VPN DNS servers.,true,0,Service Desk|Major Incident|Vendor Mgmt
INC1200027,2026-03-16T07:01:42-04:00,2026-03-18T14:41:08-04:00,2026-03-18T20:42:55-04:00,Closed,3-Moderate,app,zoom-teams,Collaboration Services,Wynn Foster,Teams presence stuck offline,,"2026-03-16 07:01:42 - Wynn Foster (Work notes)
User reports: Teams presence stuck offline. Routing toward Collaboration Services.
2026-03-16 08:01:49 - Wynn Foster (Work notes)
Applied standard workaround.",Teams cache cleared.,false,1,Service Desk|Collaboration Services|Service Desk|Collaboration Services
INC1200034,2026-05-04T15:47:16-04:00,2026-05-05T11:13:41-04:00,,Resolved,2-High,network,vpn,Network Ops,Hayden Cruz,VPN client drops every few minutes,"VPN client drops every few minutes
Please assist.
Thanks,
Hayden Cruz
@example.invalid",,Fixed DNS suffix on VPN adapter.,false,0,Service Desk|Network Ops
INC1200036,2026-03-11T15:01:47-04:00,2026-03-11T20:03:08-04:00,2026-03-13T00:26:59-04:00,Closed,3-Moderate,network,wifi,Network Ops,Skyler Bond,Cannot join corporate SSID after laptop rebuild,"Cannot join corporate SSID after laptop rebuild
Please assist.
Thanks,
Skyler Bond
@example.invalid","2026-03-11 15:01:47 - Skyler Bond (Work notes)
User reports: Cannot join corporate SSID after laptop rebuild. Routing toward Network Ops.
2026-03-11 16:01:54 - Skyler Bond (Work notes)
Checked wifi path; still failing.",Replaced wireless driver.,true,0,Service Desk|Network Ops|Network Ops
INC1200042,2026-07-31T13:12:19-04:00,2026-08-03T04:21:06-04:00,2026-08-03T17:41:41-04:00,Closed,4-Low,desktop,os-software,Desktop Support,Cameron Ortiz,OS freeze / blue screen on Surface Laptop,"OS freeze / blue screen on Surface Laptop
Please assist.
Thanks,
Cameron Ortiz
@example.invalid",,Repaired Chrome install.,true,0,Major Incident|Desktop Support
INC1200047,2026-05-20T05:32:44-04:00,2026-05-20T14:05:56-04:00,2026-05-20T19:38:38-04:00,Closed,3-Moderate,identity,account-lockout,Major Incident,Cassidy Rowe,Account lockout repeating every hour,"Account lockout repeating every hour
Please assist.
Thanks,
Cassidy Rowe
@example.invalid","2026-05-20 05:32:44 - Cassidy Rowe (Work notes)
User reports: Account lockout repeating every hour. Routing toward Major Incident.
2026-05-20 06:32:51 - Cassidy Rowe (Work notes)
Waiting on user callback.
2026-05-20 07:32:58 - Cassidy Rowe (Work notes)
Waiting on user callback.",Unlocked AD account; advised password hygiene.,true,0,Major Incident
INC1200049,2026-08-08T02:13:31-04:00,2026-08-12T14:20:29-04:00,2026-08-15T03:11:46-04:00,Closed,3-Moderate,facilities,badge-access,Facilities,Lane Ortiz,Badge access denied on Floor 3,"Badge access denied on Floor 3
Please assist.
Thanks,
Lane Ortiz
@example.invalid","2026-08-08 02:13:31 - Lane Ortiz (Work notes)
User reports: Badge access denied on Floor 3. Routing toward Facilities.
2026-08-08 03:13:38 - Lane Ortiz (Work notes)
Applied standard workaround.",Door controller reset.,false,0,Service Desk|Facilities
INC1200054,2026-06-30T08:37:46-04:00,2026-07-01T06:25:26-04:00,2026-07-01T14:56:19-04:00,Closed,3-Moderate,network,dns,Network Ops,Hayden Cruz,Cannot resolve printer hostname,"Cannot resolve printer hostname
Please assist.
Thanks,
Hayden Cruz
@example.invalid","2026-06-30 08:37:46 - Hayden Cruz (Work notes)
User reports: Cannot resolve printer hostname. Routing toward Network Ops.
2026-06-30 09:37:53 - Hayden Cruz (Work notes)
Escalating to Network Ops.",Flushed DNS; internal zones resolve.,true,0,Service Desk|Network Ops|Service Desk|Network Ops
INC1200056,2026-08-19T15:23:17-04:00,2026-08-20T07:50:10-04:00,2026-08-20T15:05:27-04:00,Closed,3-Moderate,desktop,peripheral,Vendor Mgmt,Ellis Prado,Webcam disabled after patch,,"2026-08-19 15:23:17 - Ellis Prado (Work notes)
User reports: Webcam disabled after patch. Routing toward Vendor Mgmt.",Swapped headset; mute works.,true,0,Service Desk|Vendor Mgmt
INC1200059,2026-03-10T11:28:23-04:00,2026-03-11T00:57:06-04:00,2026-03-16T18:43:39-04:00,Closed,3-Moderate,app,sap,SAP Support,Shiloh Grant,Slow SAP transaction FB01 this morning,"Slow SAP transaction FB01 this morning
Please assist.
Thanks,
Shiloh Grant
@example.invalid","2026-03-10 11:28:23 - Shiloh Grant (Work notes)
User reports: Slow SAP transaction FB01 this morning. Routing toward SAP Support.",Transport reapplied; tile restored.,true,0,Service Desk|SAP Support
INC1200064,2026-07-22T10:11:41-04:00,2026-07-24T19:11:44-04:00,,Resolved,4-Low,identity,mfa,Identity/IAM,Sloane Adler,MFA device lost; need reset,"MFA device lost; need reset
Please assist.
Thanks,
Sloane Adler
@example.invalid","2026-07-22 10:11:41 - Sloane Adler (Work notes)
User reports: MFA device lost; need reset. Routing toward Identity/IAM.",Resynced TOTP; MFA prompt succeeds.,true,0,Service Desk|Identity/IAM
INC1200070,2026-08-18T15:31:39-04:00,,,In Progress,4-Low,desktop,other-desktop,Service Desk,Drew Kimura,Slow logon on Latitude 5540,"Slow logon on Latitude 5540
Please assist.
Thanks,
Drew Kimura
@example.invalid",,,,0,Service Desk|Service Desk|Service Desk|Service Desk
INC1200077,2026-05-05T14:28:07-04:00,2026-05-07T09:07:53-04:00,2026-05-08T20:08:45-04:00,Closed,4-Low,desktop,printer,Desktop Support,Cameron Ortiz,Cannot print PDF to Latitude 5540,"Cannot print PDF to Latitude 5540
Please assist.
Thanks,
Cameron Ortiz
@example.invalid","2026-05-05 14:28:07 - Cameron Ortiz (Work notes)
User reports: Cannot print PDF to Latitude 5540. Routing toward Desktop Support.",Power-cycled printer; queue drained.,true,0,Facilities|Desktop Support
INC1200080,2026-05-26T13:12:30-04:00,2026-05-28T00:45:52-04:00,,Resolved,3-Moderate,desktop,os-software,Endpoint Engineering,Emerson Vale,Windows update stuck at 87% on Latitude 5540,"Windows update stuck at 87% on Latitude 5540
Please assist.
Thanks,
Emerson Vale
@example.invalid",,Cleared update cache; reboot succeeded.,false,0,Service Desk|Endpoint Engineering
INC1200083,2026-05-09T19:52:33-04:00,2026-05-09T21:55:18-04:00,2026-05-10T06:52:37-04:00,Closed,1-Critical,network,vpn,Network Ops,Hayden Cruz,VPN client will not launch on EliteBook 840,"VPN client will not launch on EliteBook 840
Please assist.
Thanks,
Hayden Cruz
@example.invalid","2026-05-09 19:52:33 - Hayden Cruz (Work notes)
User reports: VPN client will not launch on EliteBook 840. Routing toward Network Ops.
2026-05-09 20:52:40 - Hayden Cruz (Work notes)
Applied standard workaround.
2026-05-09 21:52:47 - Hayden Cruz (Work notes)
Checked vpn path; still failing.",Reset AnyConnect and refreshed cert.,true,0,Service Desk|Network Ops
INC1200087,2026-08-21T10:00:40-04:00,,,On Hold,2-High,network,vpn,Service Desk,Riley Cho,Split tunnel missing file share over VPN,"Split tunnel missing file share over VPN
Please assist.
Thanks,
Riley Cho
@example.invalid","2026-08-21 10:00:40 - Riley Cho (Work notes)
User reports: Split tunnel missing file share over VPN. Routing toward Service Desk.
2026-08-21 11:00:47 - Riley Cho (Work notes)
Escalating to Service Desk.
2026-08-21 12:00:54 - Riley Cho (Work notes)
Applied standard workaround.",,,0,Service Desk|Service Desk
INC1200091,2026-07-24T10:36:19-04:00,2026-07-25T00:27:19-04:00,2026-07-25T02:52:06-04:00,Closed,3-Moderate,app,sap,SAP Support,,SAP dump while saving SU01,"SAP dump while saving SU01
Please assist.
Thanks,
End User
@example.invalid","2026-07-24 10:36:19 - Drew Kimura (Work notes)
User reports: SAP dump while saving SU01. Routing toward SAP Support.
2026-07-24 11:36:26 - Drew Kimura (Work notes)
Escalating to SAP Support.
2026-07-24 12:36:33 - Riley Cho (Work notes)
Escalating to SAP Support.",Transport reapplied; tile restored.,true,0,Service Desk|SAP Support
INC1200098,2026-07-16T14:24:42-04:00,,,On Hold,3-Moderate,network,vpn,Network Ops,Logan West,AnyConnect error after password change,"AnyConnect error after password change
Please assist.
Thanks,
Logan West
@example.invalid","2026-07-16 14:24:42 - Logan West (Work notes)
User reports: AnyConnect error after password change. Routing toward Network Ops.",,,0,Service Desk|Network Ops
INC1200103,2026-08-07T10:48:53-04:00,2026-08-07T15:59:52-04:00,2026-08-08T05:18:33-04:00,Closed,3-Moderate,app,other-app,App Support,Shay Ortega,Business app will not start after patch,"Business app will not start after patch
Please assist.
Thanks,
Shay Ortega
@example.invalid","2026-08-07 10:48:53 - Shay Ortega (Work notes)
User reports: Business app will not start after patch. Routing toward App Support.
2026-08-07 11:48:00 - Shay Ortega (Work notes)
Waiting on user callback.
2026-08-07 12:48:07 - Shay Ortega (Work notes)
Checked other-app path; still failing.",Repaired client install; license refreshed.,true,0,Service Desk|App Support|Service Desk|App Support
INC1200104,2026-05-06T14:59:58-04:00,2026-05-08T21:14:59-04:00,2026-05-08T23:52:07-04:00,Closed,4-Low,network,vpn,Vendor Mgmt,Sutton Grey,Cannot connect VPN from home — anyconnect timeout,"Cannot connect VPN from home — anyconnect timeout
Please assist.
Thanks,
Sutton Grey
@example.invalid","2026-05-06 14:59:58 - Sutton Grey (Work notes)
User reports: Cannot connect VPN from home — anyconnect timeout. Routing toward Vendor Mgmt.
2026-05-06 15:59:05 - Sutton Grey (Work notes)
Checked vpn path; still failing.",Fixed DNS suffix on VPN adapter.,true,0,Service Desk|Vendor Mgmt|Service Desk|Service Desk|Vendor Mgmt
INC1200107,2026-07-20T10:14:19-04:00,2026-08-27T05:23:13-04:00,2026-08-27T13:03:20-04:00,Closed,4-Low,identity,mfa,Identity/IAM,Eden Park,MFA device lost; need reset,"MFA device lost; need reset
Please assist.
Thanks,
Eden Park
@example.invalid",,Reset Duo device; enrollment complete.,false,0,Service Desk|Identity/IAM
INC1200110,2026-07-20T04:48:48-04:00,2026-07-23T02:19:28-04:00,,Resolved,4-Low,network,wifi,Network Ops,Skyler Bond,WiFi drops in Building East Floor 4,,"2026-07-20 04:48:48 - Skyler Bond (Work notes)
User reports: WiFi drops in Building East Floor 4. Routing toward Network Ops.
2026-07-20 05:48:55 - Skyler Bond (Work notes)
Waiting on user callback.",AP reset on Floor — signal restored.,true,0,Service Desk|Network Ops
INC1200116,2026-05-07T10:56:25-04:00,2026-05-11T07:16:06-04:00,,Resolved,3-Moderate,desktop,printer,Desktop Support,Harper Nunez,MFA prompt loop — Duo push never arrives,"MFA prompt loop — Duo push never arrives
Please assist.
Thanks,
Harper Nunez
@example.invalid","2026-05-07 10:56:25 - Harper Nunez (Work notes)
User reports: MFA prompt loop — Duo push never arrives. Routing toward Desktop Support.",Reset print queue and republished printer.,false,0,Service Desk|Desktop Support
INC1200121,2026-08-24T14:06:18-04:00,2026-08-25T17:09:29-04:00,2026-08-26T06:16:20-04:00,Closed,3-Moderate,app,outlook,Service Desk,Riley Cho,Cannot search mailbox after weekend,"Cannot search mailbox after weekend
Please assist.
Thanks,
Riley Cho
@example.invalid","2026-08-24 14:06:18 - Riley Cho (Work notes)
User reports: Cannot search mailbox after weekend. Routing toward Service Desk.
2026-08-24 15:06:25 - Riley Cho (Work notes)
Waiting on user callback.",Remapped shared mailbox.,true,0,Service Desk|App Support|Service Desk
INC1200126,2026-08-09T18:32:49-04:00,2026-08-10T13:33:32-04:00,2026-08-10T17:23:37-04:00,Closed,4-Low,desktop,other-desktop,Vendor Mgmt,,Slow logon on Surface Laptop,"Slow logon on Surface Laptop
Please assist.
Thanks,
End User
@example.invalid",,Granted temporary local admin.,true,0,Service Desk|Vendor Mgmt
INC1200133,2026-07-16T09:40:17-04:00,2026-07-18T06:27:43-04:00,2026-07-19T04:00:28-04:00,Closed,4-Low,app,zoom-teams,App Support,Kendall Frost,Teams presence stuck offline,"Teams presence stuck offline
Please assist.
Thanks,
Kendall Frost
@example.invalid","2026-07-16 09:40:17 - Kendall Frost (Work notes)
User reports: Teams presence stuck offline. Routing toward App Support.
2026-07-16 10:40:24 - Kendall Frost (Work notes)
Waiting on user callback.",Reinstalled Zoom client; audio device set.,true,1,Service Desk|App Support|Service Desk|App Support
INC1200135,2026-03-13T03:51:24-04:00,2026-03-15T07:00:50-04:00,2026-03-16T03:57:10-04:00,Closed,3-Moderate,desktop,peripheral,Service Desk,Quinn Patel,Second monitor no signal after dock swap,"Second monitor no signal after dock swap
Please assist.
Thanks,
Quinn Patel
@example.invalid","2026-03-13 03:51:24 - Quinn Patel (Work notes)
User reports: Second monitor no signal after dock swap. Routing toward Service Desk.
2026-03-13 04:51:31 - Quinn Patel (Work notes)
Checked peripheral path; still failing.",Updated dock firmware.,false,0,Service Desk|Desktop Support|Service Desk
INC1200137,2026-05-15T09:44:30-04:00,2026-05-16T01:36:30-04:00,2026-05-16T07:39:11-04:00,Closed,3-Moderate,app,sap,Service Desk,Jordan Hale,SAP dump while saving SU01,"SAP dump while saving SU01
Please assist.
Thanks,
Jordan Hale
@example.invalid","2026-05-15 09:44:30 - Jordan Hale (Work notes)
User reports: SAP dump while saving SU01. Routing toward Service Desk.",GUI cache cleared; S/4 opens.,true,1,Service Desk|SAP Support|Service Desk
INC1200139,2026-04-14T11:48:40-04:00,2026-04-15T00:46:33-04:00,2026-04-16T05:46:13-04:00,Closed,4-Low,network,wifi,Network Ops,Skyler Bond,Wireless adapter missing after sleep,"Wireless adapter missing after sleep
Please assist.
Thanks,
Skyler Bond
@example.invalid",,Replaced wireless driver.,true,0,Network Ops
INC1200142,2026-04-15T15:51:34-04:00,2026-04-15T22:58:08-04:00,2026-04-16T04:27:24-04:00,Closed,3-Moderate,facilities,badge-access,Facilities,River Santos,Door lock stuck after badge tap,"Door lock stuck after badge tap
Please assist.
Thanks,
River Santos
@example.invalid","2026-04-15 15:51:34 - River Santos (Work notes)
User reports: Door lock stuck after badge tap. Routing toward Facilities.
2026-04-15 16:51:41 - River Santos (Work notes)
Waiting on user callback.",Badge recoded; reader tested.,true,0,Service Desk|Facilities
INC1200145,2026-05-08T09:02:51-04:00,2026-05-09T01:50:32-04:00,2026-05-09T14:05:13-04:00,Closed,3-Moderate,identity,mfa,Service Desk,Blake Ibarra,Cannot enroll MFA token on new phone,,,Resynced TOTP; MFA prompt succeeds.,true,0,Service Desk|Service Desk|Service Desk|Service Desk
INC1200150,2026-07-01T14:01:56-04:00,2026-07-09T01:37:16-04:00,2026-07-09T05:16:43-04:00,Closed,4-Low,identity,mfa,Service Desk,Quinn Patel,Cannot enroll MFA token on new phone,"Cannot enroll MFA token on new phone
Please assist.
Thanks,
Quinn Patel
@example.invalid","2026-07-01 14:01:56 - Quinn Patel (Work notes)
User reports: Cannot enroll MFA token on new phone. Routing toward Service Desk.",Resynced TOTP; MFA prompt succeeds.,false,0,Service Desk
INC1200154,2026-07-07T09:36:10-04:00,2026-07-08T15:51:35-04:00,2026-07-08T17:57:01-04:00,Closed,4-Low,facilities,other-facilities,Facilities,Sol Vega,Light out near desk,,"2026-07-07 09:36:10 - Sol Vega (Work notes)
User reports: Light out near desk. Routing toward Facilities.
2026-07-07 10:36:17 - Sol Vega (Work notes)
Waiting on user callback.",Work order closed with vendor.,true,0,Service Desk|Facilities
INC1200156,2026-04-29T08:09:14-04:00,2026-05-04T02:03:20-04:00,2026-05-04T04:54:33-04:00,Closed,3-Moderate,facilities,other-facilities,Facilities,Lane Ortiz,Light out near desk,"Light out near desk
Please assist.
Thanks,
Lane Ortiz
@example.invalid","2026-04-29 08:09:14 - Lane Ortiz (Work notes)
User reports: Light out near desk. Routing toward Facilities.
2026-04-29 09:09:21 - Lane Ortiz (Work notes)
Waiting on user callback.",Work order closed with vendor.,false,0,Service Desk|Facilities
INC1200163,2026-05-06T13:21:20-04:00,2026-05-07T07:26:56-04:00,2026-05-08T14:12:39-04:00,Closed,3-Moderate,network,vpn,Network Ops,Hayden Cruz,VPN client will not launch on ThinkPad T14,"VPN client will not launch on ThinkPad T14
Please assist.
Thanks,
Hayden Cruz
@example.invalid","2026-05-06 13:21:20 - Hayden Cruz (Work notes)
User reports: VPN client will not launch on ThinkPad T14. Routing toward Network Ops.
2026-05-06 14:21:27 - Hayden Cruz (Work notes)
Escalating to Network Ops.",VPN profile rebuilt; tunnel stable.,true,2,Service Desk|Network Ops
INC1200166,2026-08-26T13:04:06-04:00,,,In Progress,3-Moderate,app,sap,SAP Support,Shiloh Grant,S4HANA fiori tile missing after transport,"S4HANA fiori tile missing after transport
Please assist.
Thanks,
Shiloh Grant
@example.invalid","2026-08-26 13:04:06 - Shiloh Grant (Work notes)
User reports: S4HANA fiori tile missing after transport. Routing toward SAP Support.",,,0,Service Desk|SAP Support|Service Desk|SAP Support
INC1200171,2026-05-25T17:44:54-04:00,2026-05-26T02:43:08-04:00,2026-05-26T14:32:02-04:00,Closed,2-High,desktop,other-desktop,Service Desk,Casey Quintana,Slow logon on Latitude 5540,"Slow logon on Latitude 5540
Please assist.
Thanks,
Casey Quintana
@example.invalid","2026-05-25 17:44:54 - Casey Quintana (Work notes)
User reports: Slow logon on Latitude 5540. Routing toward Service Desk.",Rebuilt profile; network drive mapped.,false,0,Service Desk
INC1200173,2026-07-30T13:22:43-04:00,2026-07-30T18:36:42-04:00,2026-07-31T19:01:12-04:00,Closed,3-Moderate,app,web-app,App Support,Kendall Frost,Page timeout in Chrome after lunch,"Page timeout in Chrome after lunch
Please assist.
Thanks,
Kendall Frost
@example.invalid","2026-07-30 13:22:43 - Kendall Frost (Work notes)
User reports: Page timeout in Chrome after lunch. Routing toward App Support.
2026-07-30 14:22:50 - Kendall Frost (Work notes)
Checked web-app path; still failing.",Cleared SSO cookies; Chrome sign-in works.,true,1,Service Desk|App Support
INC1200174,2026-05-19T01:11:35-04:00,2026-05-19T05:47:19-04:00,2026-05-19T16:54:25-04:00,Closed,4-Low,desktop,other-desktop,Desktop Support,Finley Shah,Mapped network drive missing at logon,"Mapped network drive missing at logon
Please assist.
Thanks,
Finley Shah
@example.invalid","2026-05-19 01:11:35 - Finley Shah (Work notes)
User reports: Mapped network drive missing at logon. Routing toward Desktop Support.",Rebuilt profile; network drive mapped.,true,0,Service Desk|Desktop Support
INC1200181,2026-03-30T10:52:56-04:00,2026-03-31T02:07:24-04:00,2026-03-31T06:19:42-04:00,Closed,3-Moderate,desktop,os-software,Desktop Support,Reese Dalton,Windows patch failed on EliteBook 840; bitlocker prompt loop,"Windows patch failed on EliteBook 840; bitlocker prompt loop
Please assist.
Thanks,
Reese Dalton
@example.invalid",,Completed patch and verified BitLocker.,true,0,Service Desk|Desktop Support|Desktop Support
INC1200187,2026-05-27T13:55:35-04:00,2026-05-28T22:14:08-04:00,2026-05-29T23:16:57-04:00,Closed,3-Moderate,network,vpn,Service Desk,Sage Okonkwo,VPN client will not launch on ThinkPad T14,"VPN client will not launch on ThinkPad T14
Please assist.
Thanks,
Sage Okonkwo
@example.invalid","2026-05-27 13:55:35 - Sage Okonkwo (Work notes)
User reports: VPN client will not launch on ThinkPad T14. Routing toward Service Desk.
2026-05-27 14:55:42 - Sage Okonkwo (Work notes)
Checked vpn path; still failing.",Fixed DNS suffix on VPN adapter.,true,0,Service Desk|Service Desk|Service Desk
INC1200190,2026-04-16T08:54:10-04:00,2026-04-17T19:33:23-04:00,2026-04-17T20:23:09-04:00,Closed,3-Moderate,identity,password-reset,Service Desk,Casey Quintana,Password reset needed — account lockout,"Password reset needed — account lockout
Please assist.
Thanks,
Casey Quintana
@example.invalid","2026-04-16 08:54:10 - Casey Quintana (Work notes)
User reports: Password reset needed — account lockout. Routing toward Service Desk.",Password reset completed; user logged on.,true,1,Service Desk
INC1200192,2026-08-16T04:32:07-04:00,,,In Progress,3-Moderate,desktop,peripheral,Endpoint Engineering,Taylor Brooks,Keyboard not detected after sleep,"Keyboard not detected after sleep
Please assist.
Thanks,
Taylor Brooks
@example.invalid","2026-08-16 04:32:07 - Taylor Brooks (Work notes)
User reports: Keyboard not detected after sleep. Routing toward Endpoint Engineering.
2026-08-16 05:32:14 - Taylor Brooks (Work notes)
Waiting on user callback.",,,0,Service Desk|Endpoint Engineering
INC1200196,2026-07-10T03:22:04-04:00,,2026-07-10T06:41:49-04:00,Canceled,3-Moderate,facilities,badge-access,Facilities,River Santos,New badge not provisioned,"New badge not provisioned
Please assist.
Thanks,
River Santos
@example.invalid","2026-07-10 03:22:04 - River Santos (Work notes)
User reports: New badge not provisioned. Routing toward Facilities.
2026-07-10 04:22:11 - River Santos (Work notes)
Escalating to Facilities.",Canceled — user no-response,,0,Service Desk|Facilities|Service Desk|Facilities
INC1200197,2026-05-20T15:13:42-04:00,2026-05-20T17:13:02-04:00,2026-05-20T21:34:08-04:00,Closed,2-High,identity,password-reset,Service Desk,Casey Quintana,User forgot password after leave,"User forgot password after leave
Please assist.
Thanks,
Casey Quintana
@example.invalid","2026-05-20 15:13:42 - Casey Quintana (Work notes)
User reports: User forgot password after leave. Routing toward Service Desk.",Password reset completed; user logged on.,true,0,Service Desk|Service Desk|Service Desk
INC1200199,2026-07-13T15:57:40-04:00,2026-07-19T15:35:54-04:00,2026-07-20T03:20:35-04:00,Closed,4-Low,facilities,badge-access,Service Desk,Sage Okonkwo,Door lock stuck after badge tap,"Door lock stuck after badge tap
Please assist.
Thanks,
Sage Okonkwo
@example.invalid","2026-07-13 15:57:40 - Sage Okonkwo (Work notes)
User reports: Door lock stuck after badge tap. Routing toward Service Desk.
2026-07-13 16:57:47 - Sage Okonkwo (Work notes)
Checked badge-access path; still failing.",Door controller reset.,false,1,Service Desk|Facilities|Service Desk
INC1200204,2026-08-26T03:52:38-04:00,2026-08-27T18:45:06-04:00,2026-08-29T16:39:18-04:00,Closed,4-Low,app,other-app,Service Desk,Casey Quintana,Business app will not start after patch,"Business app will not start after patch
Please assist.
Thanks,
Casey Quintana
@example.invalid","2026-08-26 03:52:38 - Casey Quintana (Work notes)
User reports: Business app will not start after patch. Routing toward Service Desk.",Repaired client install; license refreshed.,true,0,Service Desk
INC1200209,2026-03-31T19:26:07-04:00,2026-04-01T12:52:17-04:00,2026-04-01T13:30:23-04:00,Closed,4-Low,facilities,other-facilities,Facilities,Lane Ortiz,Water leak reported Building A,"Water leak reported Building A
Please assist.
Thanks,
Lane Ortiz
@example.invalid","2026-03-31 19:26:07 - Lane Ortiz (Work notes)
User reports: Water leak reported Building A. Routing toward Facilities.
2026-03-31 20:26:14 - Lane Ortiz (Work notes)
Checked other-facilities path; still failing.",Work order closed with vendor.,true,0,Service Desk|Facilities
INC1200216,2026-06-01T15:34:31-04:00,2026-06-02T00:59:39-04:00,2026-06-02T10:55:09-04:00,Closed,3-Moderate,app,sap,SAP Support,Nico Alvarez,SAP password expired; GUI will not open,"SAP password expired; GUI will not open
Please assist.
Thanks,
Nico Alvarez
@example.invalid","2026-06-01 15:34:31 - Nico Alvarez (Work notes)
User reports: SAP password expired; GUI will not open. Routing toward SAP Support.
2026-06-01 16:34:38 - Nico Alvarez (Work notes)
Checked sap path; still failing.",Transport reapplied; tile restored.,true,0,Service Desk|SAP Support
INC1200222,2026-04-06T09:04:08-04:00,2026-04-07T04:57:53-04:00,,Resolved,4-Low,desktop,laptop-hardware,Desktop Support,Parker Singh,Keyboard keys sticking on MacBook,"Keyboard keys sticking on MacBook
Please assist.
Thanks,
Parker Singh
@example.invalid","2026-04-06 09:04:08 - Parker Singh (Work notes)
User reports: Keyboard keys sticking on MacBook. Routing toward Desktop Support.",Reseated dock; display path restored.,true,0,Service Desk|Desktop Support
INC1200223,2026-06-03T11:24:16-04:00,2026-06-05T05:58:55-04:00,2026-06-06T03:17:50-04:00,Closed,4-Low,facilities,badge-access,Service Desk,Morgan Voss,New badge not provisioned,"New badge not provisioned
Please assist.
Thanks,
Morgan Voss
@example.invalid",,Badge recoded; reader tested.,true,0,Service Desk
INC1200226,2026-07-21T10:47:11-04:00,2026-07-22T09:24:34-04:00,2026-07-22T17:25:12-04:00,Closed,3-Moderate,facilities,badge-access,Vendor Mgmt,Ellis Prado,New badge not provisioned,"New badge not provisioned
Please assist.
Thanks,
Ellis Prado
@example.invalid","2026-07-21 10:47:11 - Ellis Prado (Work notes)
User reports: New badge not provisioned. Routing toward Vendor Mgmt.
2026-07-21 11:47:18 - Ellis Prado (Work notes)
Escalating to Vendor Mgmt.
2026-07-21 12:47:25 - Ellis Prado (Work notes)
Checked badge-access path; still failing.",Door controller reset.,true,0,Service Desk|Vendor Mgmt
INC1200229,2026-04-14T19:26:00-04:00,2026-04-18T04:52:46-04:00,2026-04-18T08:46:31-04:00,Closed,3-Moderate,desktop,other-desktop,Desktop Support,Finley Shah,Mapped network drive missing at logon,"Mapped network drive missing at logon
Please assist.
Thanks,
Finley Shah
@example.invalid","2026-04-14 19:26:00 - Finley Shah (Work notes)
User reports: Mapped network drive missing at logon. Routing toward Desktop Support.
2026-04-14 20:26:07 - Finley Shah (Work notes)
Waiting on user callback.",Rebuilt profile; network drive mapped.,false,1,Service Desk|Desktop Support
INC1200231,2026-06-04T10:55:16-04:00,2026-06-04T16:57:43-04:00,2026-06-05T18:35:10-04:00,Closed,2-High,app,sap,SAP Support,Nico Alvarez,S4HANA fiori tile missing after transport,"S4HANA fiori tile missing after transport
Please assist.
Thanks,
Nico Alvarez
@example.invalid","2026-06-04 10:55:16 - Nico Alvarez (Work notes)
User reports: S4HANA fiori tile missing after transport. Routing toward SAP Support.
2026-06-04 11:55:23 - Nico Alvarez (Work notes)
Waiting on user callback.
2026-06-04 12:55:30 - Nico Alvarez (Work notes)
Escalating to Service Desk.",SAP role provisioned; tcode authorized.,true,0,Service Desk|SAP Support|Service Desk|SAP Support
INC1200232,2026-06-10T09:48:22-04:00,2026-06-10T16:31:01-04:00,2026-06-10T17:50:04-04:00,Closed,3-Moderate,app,web-app,App Support,,Browser tab freeze on internal portal,"Browser tab freeze on internal portal
Please assist.
Thanks,
End User
@example.invalid","2026-06-10 09:48:22 - Rowan Ellis (Work notes)
User reports: Browser tab freeze on internal portal. Routing toward App Support.
2026-06-10 10:48:29 - Avery Lang (Work notes)
Waiting on user callback.",Cleared SSO cookies; Chrome sign-in works.,true,0,Major Incident|Major Incident|App Support
INC1200234,2026-03-23T10:47:44-04:00,2026-04-03T12:35:57-04:00,2026-04-04T07:47:29-04:00,Closed,4-Low,desktop,laptop-hardware,Desktop Support,Reese Dalton,Docking station not detecting EliteBook 840,"Docking station not detecting EliteBook 840
Please assist.
Thanks,
Reese Dalton
@example.invalid","2026-03-23 10:47:44 - Reese Dalton (Work notes)
User reports: Docking station not detecting EliteBook 840. Routing toward Desktop Support.
2026-03-23 11:47:51 - Reese Dalton (Work notes)
Waiting on user callback.
2026-03-23 12:47:58 - Reese Dalton (Work notes)
Waiting on user callback.",Imaged laptop; hardware test passed.,false,0,Service Desk|Desktop Support|Service Desk|Desktop Support
INC1200235,2026-07-30T15:57:35-04:00,2026-08-01T06:39:53-04:00,2026-08-02T16:09:20-04:00,Closed,4-Low,app,other-app,Service Desk,Sage Okonkwo,App crash on save,,"2026-07-30 15:57:35 - Sage Okonkwo (Work notes)
User reports: App crash on save. Routing toward Service Desk.",Repaired client install; license refreshed.,true,1,Service Desk|App Support|Service Desk
INC1200239,2026-04-30T13:28:22-04:00,2026-04-30T15:32:41-04:00,2026-04-30T16:53:53-04:00,Closed,3-Moderate,network,vpn,Network Ops,Peyton Ames,VPN disconnects during large file copy,"VPN disconnects during large file copy
Please assist.
Thanks,
Peyton Ames
@example.invalid","2026-04-30 13:28:22 - Peyton Ames (Work notes)
User reports: VPN disconnects during large file copy. Routing toward Network Ops.
2026-04-30 14:28:29 - Peyton Ames (Work notes)
Applied standard workaround.",Fixed DNS suffix on VPN adapter.,true,1,Service Desk|Network Ops
INC1200242,2026-08-18T21:44:15-04:00,2026-08-19T02:23:10-04:00,2026-08-20T01:42:25-04:00,Closed,2-High,desktop,os-software,Service Desk,Riley Cho,Windows patch failed on Surface Laptop; bitlocker prompt loop,"Windows patch failed on Surface Laptop; bitlocker prompt loop
Please assist.
Thanks,
Riley Cho
@example.invalid","2026-08-18 21:44:15 - Riley Cho (Work notes)
User reports: Windows patch failed on Surface Laptop; bitlocker prompt loop. Routing toward Service Desk.",Completed patch and verified BitLocker.,true,0,Service Desk|Service Desk|Service Desk
INC1200249,2026-04-19T08:56:43-04:00,2026-04-20T06:08:22-04:00,2026-04-20T10:35:59-04:00,Closed,4-Low,identity,password-reset,Service Desk,Rowan Ellis,Password expired; cannot log on,"Password expired; cannot log on
Please assist.
Thanks,
Rowan Ellis
@example.invalid","2026-04-19 08:56:43 - Rowan Ellis (Work notes)
User reports: Password expired; cannot log on. Routing toward Service Desk.
2026-04-19 09:56:50 - Rowan Ellis (Work notes)
Checked password-reset path; still failing.",Unlocked account and forced password change.,true,0,Service Desk
INC1200256,2026-06-19T15:47:48-04:00,2026-06-21T05:41:42-04:00,2026-06-21T07:41:48-04:00,Closed,4-Low,app,zoom-teams,App Support,Shay Ortega,Meeting headset not selected in Zoom,"Meeting headset not selected in Zoom
Please assist.
Thanks,
Shay Ortega
@example.invalid","2026-06-19 15:47:48 - Shay Ortega (Work notes)
User reports: Meeting headset not selected in Zoom. Routing toward App Support.
2026-06-19 16:47:55 - Shay Ortega (Work notes)
Applied standard workaround.
2026-06-19 17:47:02 - Shay Ortega (Work notes)
Waiting on user callback.",Teams cache cleared.,true,0,Service Desk|Collaboration Services|Service Desk|App Support
INC1200258,2026-08-10T00:16:16-04:00,2026-08-14T14:13:41-04:00,2026-08-14T19:30:45-04:00,Closed,4-Low,desktop,peripheral,Endpoint Engineering,Emerson Vale,Keyboard not detected after sleep,"Keyboard not detected after sleep
Please assist.
Thanks,
Emerson Vale
@example.invalid","2026-08-10 00:16:16 - Emerson Vale (Work notes)
User reports: Keyboard not detected after sleep. Routing toward Endpoint Engineering.
2026-08-10 01:16:23 - Emerson Vale (Work notes)
Escalating to Endpoint Engineering.",Re-enabled webcam in device manager.,true,0,Service Desk|Endpoint Engineering
INC1200264,2026-05-18T10:32:27-04:00,2026-05-22T01:17:51-04:00,2026-05-22T14:58:24-04:00,Closed,4-Low,network,vpn,Service Desk,,Cannot reach SAP over VPN client,"Cannot reach SAP over VPN client
Please assist.
Thanks,
End User
@example.invalid","2026-05-18 10:32:27 - Drew Kimura (Work notes)
User reports: Cannot reach SAP over VPN client. Routing toward Service Desk.
2026-05-18 11:32:34 - Rowan Ellis (Work notes)
Waiting on user callback.
2026-05-18 12:32:41 - Jordan Hale (Work notes)
Waiting on user callback.",Reset AnyConnect and refreshed cert.,true,0,Service Desk
INC1200268,2026-06-29T09:41:01-04:00,2026-06-30T19:39:52-04:00,2026-07-02T05:59:40-04:00,Closed,3-Moderate,desktop,os-software,Desktop Support,Cameron Ortiz,Windows patch failed on ThinkPad T14; bitlocker prompt loop,"Windows patch failed on ThinkPad T14; bitlocker prompt loop
Please assist.
Thanks,
Cameron Ortiz
@example.invalid","2026-06-29 09:41:01 - Cameron Ortiz (Work notes)
User reports: Windows patch failed on ThinkPad T14; bitlocker prompt loop. Routing toward Desktop Support.",Completed patch and verified BitLocker.,true,0,Service Desk|Desktop Support|Service Desk|Desktop Support
INC1200271,2026-07-06T10:24:41-04:00,2026-07-11T23:38:56-04:00,2026-07-12T20:42:26-04:00,Closed,4-Low,desktop,printer,Desktop Support,Finley Shah,Print queue will not clear for shared MacBook,"Print queue will not clear for shared MacBook
Please assist.
Thanks,
Finley Shah
@example.invalid",,Reset print queue and republished printer.,false,0,Service Desk|Desktop Support
INC1200273,2026-05-10T20:13:44-04:00,2026-05-12T09:48:33-04:00,,Resolved,3-Moderate,network,vpn,Network Ops,Hayden Cruz,Split tunnel missing file share over VPN,"Split tunnel missing file share over VPN
Please assist.
Thanks,
Hayden Cruz
@example.invalid","2026-05-10 20:13:44 - Hayden Cruz (Work notes)
User reports: Split tunnel missing file share over VPN. Routing toward Network Ops.
2026-05-10 21:13:51 - Hayden Cruz (Work notes)
Escalating to Network Ops.",VPN profile rebuilt; tunnel stable.,true,0,Service Desk|Network Ops
INC1200275,2026-07-19T02:15:37-04:00,2026-07-29T21:39:04-04:00,,Resolved,3-Moderate,facilities,badge-access,Service Desk,Sage Okonkwo,New badge not provisioned,"New badge not provisioned
Please assist.
Thanks,
Sage Okonkwo
@example.invalid","2026-07-19 02:15:37 - Sage Okonkwo (Work notes)
User reports: New badge not provisioned. Routing toward Service Desk.
2026-07-19 03:15:44 - Sage Okonkwo (Work notes)
Waiting on user callback.",Badge recoded; reader tested.,false,0,Service Desk
INC1200279,2026-05-21T03:14:03-04:00,2026-05-22T16:55:02-04:00,2026-05-23T14:45:00-04:00,Closed,3-Moderate,network,other-network,Network Ops,Hayden Cruz,Firewall prompt blocking vendor agent,"Firewall prompt blocking vendor agent
Please assist.
Thanks,
Hayden Cruz
@example.invalid","2026-05-21 03:14:03 - Hayden Cruz (Work notes)
User reports: Firewall prompt blocking vendor agent. Routing toward Network Ops.
2026-05-21 04:14:10 - Hayden Cruz (Work notes)
Applied standard workaround.
2026-05-21 05:14:17 - Hayden Cruz (Work notes)
Applied standard workaround.",Share path restored after ACL fix.,true,0,Service Desk|Network Ops
INC1200286,2026-05-04T20:40:21-04:00,2026-05-05T19:23:53-04:00,2026-05-05T19:53:04-04:00,Closed,3-Moderate,facilities,other-facilities,Facilities,Sol Vega,Light out near desk,"Light out near desk
Please assist.
Thanks,
Sol Vega
@example.invalid","2026-05-04 20:40:21 - Sol Vega (Work notes)
User reports: Light out near desk. Routing toward Facilities.
2026-05-04 21:40:28 - Sol Vega (Work notes)
Checked other-facilities path; still failing.
2026-05-04 22:40:35 - Sol Vega (Work notes)
Applied standard workaround.",Work order closed with vendor.,true,0,Service Desk|Facilities
INC1200290,2026-08-15T08:21:10-04:00,2026-08-17T19:56:08-04:00,2026-08-17T21:41:40-04:00,Closed,3-Moderate,facilities,workspace,Facilities,Sol Vega,MFA prompt loop — Duo push never arrives,"MFA prompt loop — Duo push never arrives
Please assist.
Thanks,
Sol Vega
@example.invalid","2026-08-15 08:21:10 - Sol Vega (Work notes)
User reports: MFA prompt loop — Duo push never arrives. Routing toward Facilities.
2026-08-15 09:21:17 - Sol Vega (Work notes)
Checked workspace path; still failing.",Desk move completed.,false,0,Service Desk|Facilities
INC1200297,2026-06-01T10:44:49-04:00,2026-06-03T08:00:23-04:00,2026-06-03T18:46:50-04:00,Closed,3-Moderate,desktop,printer,Desktop Support,,Cannot print PDF to ThinkPad T14,,"2026-06-01 10:44:49 - Rowan Ellis (Work notes)
User reports: Cannot print PDF to ThinkPad T14. Routing toward Desktop Support.
2026-06-01 11:44:56 - Casey Quintana (Work notes)
Checked printer path; still failing.
2026-06-01 12:44:03 - Blake Ibarra (Work notes)
Waiting on user callback.",Replaced toner and cleared jam.,true,0,Service Desk|Desktop Support
INC1200303,2026-08-12T22:34:35-04:00,2026-08-13T19:02:47-04:00,2026-08-13T22:01:32-04:00,Closed,3-Moderate,app,sap,App Support,Kendall Frost,SAP GUI timeout on tcode VA01,"SAP GUI timeout on tcode VA01
Please assist.
Thanks,
Kendall Frost
@example.invalid","2026-08-12 22:34:35 - Kendall Frost (Work notes)
User reports: SAP GUI timeout on tcode VA01. Routing toward App Support.
2026-08-12 23:34:42 - Kendall Frost (Work notes)
Escalating to App Support.",SAP role provisioned; tcode authorized.,true,0,Service Desk|App Support
INC1200304,2026-03-11T13:40:57-04:00,2026-03-14T05:43:07-04:00,2026-03-15T17:04:31-04:00,Closed,3-Moderate,desktop,laptop-hardware,Service Desk,Blake Ibarra,Laptop lid sensor false sleep on Latitude 5540,"Laptop lid sensor false sleep on Latitude 5540
Please assist.
Thanks,
Blake Ibarra
@example.invalid","2026-03-11 13:40:57 - Blake Ibarra (Work notes)
User reports: Laptop lid sensor false sleep on Latitude 5540. Routing toward Service Desk.
2026-03-11 14:40:04 - Blake Ibarra (Work notes)
Escalating to Desktop Support.
2026-03-11 15:40:11 - Blake Ibarra (Work notes)
Applied standard workaround.",Imaged laptop; hardware test passed.,false,0,Service Desk|Desktop Support|Service Desk
INC1200309,2026-05-18T11:29:14-04:00,2026-05-19T12:16:30-04:00,2026-05-19T14:35:01-04:00,Closed,4-Low,facilities,badge-access,Service Desk,Morgan Voss,Badge access denied on Floor 5,"Badge access denied on Floor 5
Please assist.
Thanks,
Morgan Voss
@example.invalid","2026-05-18 11:29:14 - Morgan Voss (Work notes)
User reports: Badge access denied on Floor 5. Routing toward Service Desk.
2026-05-18 12:29:21 - Morgan Voss (Work notes)
Applied standard workaround.",Door controller reset.,true,0,Service Desk|Facilities|Service Desk
INC1200312,2026-04-29T11:39:12-04:00,2026-04-29T22:09:01-04:00,2026-04-30T03:04:42-04:00,Closed,3-Moderate,network,vpn,Network Ops,Peyton Ames,Cannot reach SAP over VPN client,"Cannot reach SAP over VPN client
Please assist.
Thanks,
Peyton Ames
@example.invalid","2026-04-29 11:39:12 - Peyton Ames (Work notes)
User reports: Cannot reach SAP over VPN client. Routing toward Network Ops.",VPN profile rebuilt; tunnel stable.,true,0,Service Desk|Network Ops
INC1200319,2026-03-17T13:50:34-04:00,2026-03-17T22:06:17-04:00,2026-03-18T01:07:28-04:00,Closed,4-Low,identity,password-reset,Service Desk,Blake Ibarra,Password reset needed — account lockout,"Password reset needed — account lockout
Please assist.
Thanks,
Blake Ibarra
@example.invalid","2026-03-17 13:50:34 - Blake Ibarra (Work notes)
User reports: Password reset needed — account lockout. Routing toward Service Desk.
2026-03-17 14:50:41 - Blake Ibarra (Work notes)
Checked password-reset path; still failing.",Unlocked account and forced password change.,true,0,Service Desk
INC1200326,2026-06-25T04:30:20-04:00,2026-06-25T13:30:09-04:00,2026-06-25T19:14:51-04:00,Closed,3-Moderate,desktop,laptop-hardware,Service Desk,Jordan Hale,MacBook overheats under light load,,"2026-06-25 04:30:20 - Jordan Hale (Work notes)
User reports: MacBook overheats under light load. Routing toward Service Desk.",Imaged laptop; hardware test passed.,true,0,Major Incident|Service Desk
INC1200333,2026-05-22T09:45:51-04:00,2026-05-22T15:41:07-04:00,2026-05-22T16:28:00-04:00,Closed,3-Moderate,facilities,hvac,Facilities,River Santos,Temperature swing in conference room,"Temperature swing in conference room
Please assist.
Thanks,
River Santos
@example.invalid","2026-05-22 09:45:51 - River Santos (Work notes)
User reports: Temperature swing in conference room. Routing toward Facilities.
2026-05-22 10:45:58 - River Santos (Work notes)
Escalating to Facilities.",Thermostat reset; temperature stable.,true,0,Service Desk|Facilities
INC1200339,2026-04-21T10:15:18-04:00,2026-04-22T13:56:40-04:00,2026-04-22T21:53:32-04:00,Closed,3-Moderate,network,vpn,Network Ops,Hayden Cruz,VPN tunnel up but no internal DNS,"VPN tunnel up but no internal DNS
Please assist.
Thanks,
Hayden Cruz
@example.invalid","2026-04-21 10:15:18 - Hayden Cruz (Work notes)
User reports: VPN tunnel up but no internal DNS. Routing toward Network Ops.",Fixed DNS suffix on VPN adapter.,true,1,Service Desk|Network Ops
INC1200344,2026-05-21T10:56:14-04:00,2026-05-22T09:04:07-04:00,2026-05-22T20:30:20-04:00,Closed,4-Low,desktop,peripheral,Desktop Support,Cameron Ortiz,Headset mute button not working,"Headset mute button not working
Please assist.
Thanks,
Cameron Ortiz
@example.invalid","2026-05-21 10:56:14 - Cameron Ortiz (Work notes)
User reports: Headset mute button not working. Routing toward Desktop Support.
2026-05-21 11:56:21 - Cameron Ortiz (Work notes)
Waiting on user callback.",Updated dock firmware.,true,0,Service Desk|Desktop Support|Service Desk|Desktop Support
INC1200347,2026-05-05T14:43:32-04:00,2026-05-06T09:34:15-04:00,,Resolved,4-Low,network,vpn,Major Incident,Marlowe Quinn,VPN tunnel up but no internal DNS,"VPN tunnel up but no internal DNS
Please assist.
Thanks,
Marlowe Quinn
@example.invalid","2026-05-05 14:43:32 - Marlowe Quinn (Work notes)
User reports: VPN tunnel up but no internal DNS. Routing toward Major Incident.
2026-05-05 15:43:39 - Marlowe Quinn (Work notes)
Waiting on user callback.
2026-05-05 16:43:46 - Marlowe Quinn (Work notes)
Applied standard workaround.",Fixed DNS suffix on VPN adapter.,true,0,Service Desk|Major Incident
INC1200354,2026-02-27T15:54:45-05:00,2026-02-28T18:33:16-05:00,2026-02-28T21:51:50-05:00,Closed,3-Moderate,identity,mfa,Service Desk,Drew Kimura,MFA prompt loop — Duo push never arrives,"MFA prompt loop — Duo push never arrives
Please assist.
Thanks,
Drew Kimura
@example.invalid","2026-02-27 15:54:45 - Drew Kimura (Work notes)
User reports: MFA prompt loop — Duo push never arrives. Routing toward Service Desk.",Resynced TOTP; MFA prompt succeeds.,true,0,Service Desk|Service Desk|Service Desk|Service Desk
INC1200357,2026-06-30T13:51:32-04:00,2026-07-02T06:06:26-04:00,2026-07-03T10:05:02-04:00,Closed,3-Moderate,identity,mfa,Identity/IAM,Sloane Adler,Cannot enroll MFA token on new phone,,"2026-06-30 13:51:32 - Sloane Adler (Work notes)
User reports: Cannot enroll MFA token on new phone. Routing toward Identity/IAM.
2026-06-30 14:51:39 - Sloane Adler (Work notes)
Waiting on user callback.
2026-06-30 15:51:46 - Sloane Adler (Work notes)
Applied standard workaround.",Resynced TOTP; MFA prompt succeeds.,true,0,Service Desk|Identity/IAM
INC1200359,2026-08-13T14:56:55-04:00,2026-08-13T16:47:33-04:00,2026-08-13T18:35:02-04:00,Closed,3-Moderate,network,vpn,Network Ops,Peyton Ames,VPN disconnects during large file copy,"VPN disconnects during large file copy
Please assist.
Thanks,
Peyton Ames
@example.invalid","2026-08-13 14:56:55 - Peyton Ames (Work notes)
User reports: VPN disconnects during large file copy. Routing toward Network Ops.",Fixed DNS suffix on VPN adapter.,true,0,Major Incident|Network Ops
INC1200365,2026-07-07T11:10:30-04:00,2026-07-08T09:26:43-04:00,2026-07-08T19:11:29-04:00,Closed,3-Moderate,facilities,badge-access,Facilities,Lane Ortiz,New badge not provisioned,"New badge not provisioned
Please assist.
Thanks,
Lane Ortiz
@example.invalid","2026-07-07 11:10:30 - Lane Ortiz (Work notes)
User reports: New badge not provisioned. Routing toward Facilities.
2026-07-07 12:10:37 - Lane Ortiz (Work notes)
Applied standard workaround.",Door controller reset.,true,0,Service Desk|Facilities|Service Desk|Facilities
INC1200368,2026-05-07T10:55:42-04:00,2026-05-09T04:51:14-04:00,,Resolved,3-Moderate,facilities,hvac,Facilities,,Thermostat unresponsive in Building East,"Thermostat unresponsive in Building East
Please assist.
Thanks,
End User
@example.invalid","2026-05-07 10:55:42 - Drew Kimura (Work notes)
User reports: Thermostat unresponsive in Building East. Routing toward Facilities.
2026-05-07 11:55:49 - Blake Ibarra (Work notes)
Checked hvac path; still failing.",Thermostat reset; temperature stable.,true,0,Service Desk|Facilities|Service Desk|Facilities
INC1200369,2026-07-14T02:43:45-04:00,2026-07-15T21:35:15-04:00,2026-07-15T23:23:18-04:00,Closed,3-Moderate,facilities,badge-access,Service Desk,Avery Lang,Badge reader at Building North door will not beep,,,Door controller reset.,true,1,Major Incident|Service Desk
INC1200376,2026-08-05T17:16:39-04:00,2026-08-11T10:42:59-04:00,2026-08-11T15:30:17-04:00,Closed,4-Low,identity,other-identity,Identity/IAM,Phoenix Lee,Contractor account expiration,"Contractor account expiration
Please assist.
Thanks,
Phoenix Lee
@example.invalid","2026-08-05 17:16:39 - Phoenix Lee (Work notes)
User reports: Contractor account expiration. Routing toward Identity/IAM.",Account reviewed and extended.,false,0,Service Desk|Identity/IAM|Service Desk|Identity/IAM
INC1200380,2026-05-18T13:46:57-04:00,2026-05-19T14:32:03-04:00,2026-05-20T20:41:32-04:00,Closed,3-Moderate,identity,mfa,Identity/IAM,Marlowe Singh,MFA device lost; need reset,"MFA device lost; need reset
Please assist.
Thanks,
Marlowe Singh
@example.invalid","2026-05-18 13:46:57 - Marlowe Singh (Work notes)
User reports: MFA device lost; need reset. Routing toward Identity/IAM.
2026-05-18 14:46:04 - Marlowe Singh (Work notes)
Applied standard workaround.
2026-05-18 15:46:11 - Marlowe Singh (Work notes)
Waiting on user callback.",Reset Duo device; enrollment complete.,true,0,Service Desk|Identity/IAM
INC1200386,2026-07-31T14:46:18-04:00,2026-07-31T22:53:14-04:00,2026-08-01T14:01:49-04:00,Closed,4-Low,identity,other-identity,Identity/IAM,Sloane Adler,Contractor account expiration,"Contractor account expiration
Please assist.
Thanks,
Sloane Adler
@example.invalid",,Account reviewed and extended.,true,0,Identity/IAM
INC1200391,2026-04-22T14:05:42-04:00,2026-04-25T09:45:00-04:00,2026-04-25T13:28:15-04:00,Closed,4-Low,facilities,hvac,Facilities,Sol Vega,Thermostat unresponsive in Building C,"Thermostat unresponsive in Building C
Please assist.
Thanks,
Sol Vega
@example.invalid","2026-04-22 14:05:42 - Sol Vega (Work notes)
User reports: Thermostat unresponsive in Building C. Routing toward Facilities. ad\jhale419",Vendor adjusted HVAC setpoint.,true,0,Service Desk|Facilities
INC1200394,2026-04-21T11:18:58-04:00,2026-04-21T19:52:50-04:00,2026-04-22T06:41:38-04:00,Closed,4-Low,identity,mfa,Service Desk,Rowan Ellis,Duo 2FA denied after travel,"Duo 2FA denied after travel
Please assist.
Thanks,
Rowan Ellis
@example.invalid",,Resynced TOTP; MFA prompt succeeds.,true,0,Service Desk
INC1200397,2026-07-03T22:42:59-04:00,,2026-07-04T08:08:17-04:00,Canceled,4-Low,identity,mfa,Service Desk,Drew Kimura,TOTP out of sync after clock change,"TOTP out of sync after clock change
Please assist.
Thanks,
Drew Kimura
@example.invalid","2026-07-03 22:42:59 - Drew Kimura (Work notes)
User reports: TOTP out of sync after clock change. Routing toward Service Desk.",Canceled — duplicate of INC1200385,,1,Service Desk|Service Desk|Service Desk|Service Desk
INC1200398,2026-08-17T20:44:01-04:00,2026-08-22T06:29:35-04:00,2026-08-22T14:29:04-04:00,Closed,3-Moderate,app,outlook,Collaboration Services,Wynn Foster,MFA enrollment week — new hire cannot complete Duo,"MFA enrollment week — new hire cannot complete Duo
Please assist.
Thanks,
Wynn Foster
@example.invalid","2026-08-17 20:44:01 - Wynn Foster (Work notes)
User reports: MFA enrollment week — new hire cannot complete Duo. Routing toward Collaboration Services.
2026-08-17 21:44:08 - Wynn Foster (Work notes)
Escalating to Collaboration Services.",Mailbox quota increased; Outlook sending.,false,0,Service Desk|Collaboration Services|Service Desk|Collaboration Services
INC1200401,2026-04-07T10:57:45-04:00,2026-04-09T03:37:28-04:00,2026-04-09T05:41:20-04:00,Closed,4-Low,network,wifi,Network Ops,Skyler Bond,Poor wifi near conference room 2,"Poor wifi near conference room 2
Please assist.
Thanks,
Skyler Bond
@example.invalid","2026-04-07 10:57:45 - Skyler Bond (Work notes)
User reports: Poor wifi near conference room 2. Routing toward Network Ops.
2026-04-07 11:57:52 - Skyler Bond (Work notes)
Escalating to Network Ops.
2026-04-07 12:57:59 - Skyler Bond (Work notes)
Waiting on user callback.",Reprovisioned SSID profile.,true,1,Service Desk|Network Ops
INC1200405,2026-06-12T14:11:56-04:00,2026-07-01T10:01:14-04:00,2026-07-02T03:08:00-04:00,Closed,3-Moderate,desktop,printer,Vendor Mgmt,Tatum Rhodes,Cannot add printer EliteBook 840 after profile rebuild,,"2026-06-12 14:11:56 - Tatum Rhodes (Work notes)
User reports: Cannot add printer EliteBook 840 after profile rebuild. Routing toward Vendor Mgmt.",Replaced toner and cleared jam.,false,0,Vendor Mgmt
INC1200409,2026-07-16T10:51:41-04:00,2026-07-19T01:45:52-04:00,2026-07-20T09:03:06-04:00,Closed,4-Low,app,sap,SAP Support,Shiloh Grant,Slow SAP transaction VA01 this morning,"Slow SAP transaction VA01 this morning
Please assist.
Thanks,
Shiloh Grant
@example.invalid",,Transport reapplied; tile restored.,true,0,Service Desk|SAP Support
INC1200411,2026-08-24T11:29:01-04:00,,,On Hold,1-Critical,facilities,other-facilities,Major Incident,Cassidy Rowe,Light out near desk,"Light out near desk
Please assist.
Thanks,
Cassidy Rowe
@example.invalid","2026-08-24 11:29:01 - Cassidy Rowe (Work notes)
User reports: Light out near desk. Routing toward Major Incident.",,,0,Facilities|Major Incident
INC1200414,2026-07-06T15:36:27-04:00,2026-07-07T01:37:43-04:00,2026-07-07T02:58:00-04:00,Closed,3-Moderate,desktop,laptop-hardware,Desktop Support,Cameron Ortiz,Keyboard keys sticking on MacBook,,"2026-07-06 15:36:27 - Cameron Ortiz (Work notes)
User reports: Keyboard keys sticking on MacBook. Routing toward Desktop Support. +1-212-555-0142",Reseated dock; display path restored.,true,0,Service Desk|Desktop Support
INC1200417,2026-05-26T09:29:14-04:00,2026-05-26T16:11:30-04:00,2026-05-26T22:39:15-04:00,Closed,3-Moderate,network,vpn,Service Desk,Riley Cho,VPN client will not launch on Latitude 5540,"VPN client will not launch on Latitude 5540
Please assist.
Thanks,
Riley Cho
@example.invalid","2026-05-26 09:29:14 - Riley Cho (Work notes)
User reports: VPN client will not launch on Latitude 5540. Routing toward Service Desk.",Fixed DNS suffix on VPN adapter.,true,0,Service Desk
INC1200422,2026-03-24T11:31:16-04:00,2026-03-31T03:04:54-04:00,2026-03-31T07:34:39-04:00,Closed,4-Low,facilities,other-facilities,Facilities,Sol Vega,Water leak reported Building North,"Water leak reported Building North
Please assist.
Thanks,
Sol Vega
@example.invalid",,Work order closed with vendor.,false,0,Service Desk|Facilities
INC1200428,2026-07-20T18:29:51-04:00,2026-07-21T17:14:48-04:00,2026-07-22T06:55:18-04:00,Closed,4-Low,identity,mfa,Identity/IAM,Sloane Adler,TOTP out of sync after clock change,"TOTP out of sync after clock change
Please assist.
Thanks,
Sloane Adler
@example.invalid","2026-07-20 18:29:51 - Sloane Adler (Work notes)
User reports: TOTP out of sync after clock change. Routing toward Identity/IAM.
2026-07-20 19:29:58 - Sloane Adler (Work notes)
Checked mfa path; still failing.
2026-07-20 20:29:05 - Sloane Adler (Work notes)
Escalating to Identity/IAM.",Resynced TOTP; MFA prompt succeeds.,true,0,Service Desk|Identity/IAM
INC1200434,2026-05-13T15:18:38-04:00,2026-05-13T21:59:23-04:00,2026-05-14T17:15:56-04:00,Closed,4-Low,network,wan-lan,Network Ops,Hayden Cruz,Wired port dead at desk,"Wired port dead at desk
Please assist.
Thanks,
Hayden Cruz
@example.invalid","2026-05-13 15:18:38 - Hayden Cruz (Work notes)
User reports: Wired port dead at desk. Routing toward Network Ops.
2026-05-13 16:18:45 - Hayden Cruz (Work notes)
Waiting on user callback.
2026-05-13 17:18:52 - Hayden Cruz (Work notes)
Checked wan-lan path; still failing.",Port bounce on switch; link up.,true,0,Major Incident|Network Ops
INC1200441,2026-03-23T14:36:51-04:00,2026-03-24T01:31:12-04:00,2026-03-26T21:16:35-04:00,Closed,3-Moderate,network,vpn,Service Desk,Avery Lang,AnyConnect error after password change,"AnyConnect error after password change
Please assist.
Thanks,
Avery Lang
@example.invalid","2026-03-23 14:36:51 - Avery Lang (Work notes)
User reports: AnyConnect error after password change. Routing toward Service Desk.
2026-03-23 15:36:58 - Avery Lang (Work notes)
Applied standard workaround.",VPN profile rebuilt; tunnel stable.,true,0,Service Desk
INC1200448,2026-07-22T10:15:17-04:00,2026-07-24T02:27:27-04:00,2026-07-24T04:46:14-04:00,Closed,3-Moderate,app,sap,App Support,Kendall Frost,SAP GUI timeout on tcode SU01,"SAP GUI timeout on tcode SU01
Please assist.
Thanks,
Kendall Frost
@example.invalid","2026-07-22 10:15:17 - Kendall Frost (Work notes)
User reports: SAP GUI timeout on tcode SU01. Routing toward App Support.
2026-07-22 11:15:24 - Kendall Frost (Work notes)
Escalating to App Support.
2026-07-22 12:15:31 - Kendall Frost (Work notes)
Checked sap path; still failing.",SAP role provisioned; tcode authorized.,true,0,Service Desk|App Support
INC1200449,2026-05-13T13:09:01-04:00,2026-05-16T09:01:30-04:00,,Resolved,4-Low,app,sap,SAP Support,Shiloh Grant,Cannot launch S/4 after role change,"Cannot launch S/4 after role change
Please assist.
Thanks,
Shiloh Grant
@example.invalid","2026-05-13 13:09:01 - Shiloh Grant (Work notes)
User reports: Cannot launch S/4 after role change. Routing toward SAP Support.",GUI cache cleared; S/4 opens.,true,0,Service Desk|SAP Support
INC1200450,2026-06-15T09:43:09-04:00,2026-06-17T01:03:31-04:00,2026-06-17T05:21:03-04:00,Closed,4-Low,desktop,laptop-hardware,Service Desk,Casey Quintana,Docking station not detecting ThinkPad T14,"Docking station not detecting ThinkPad T14
Please assist.
Thanks,
Casey Quintana
@example.invalid",,Reseated dock; display path restored.,true,1,Service Desk|Desktop Support|Service Desk
INC1200457,2026-06-06T19:40:59-04:00,2026-06-07T08:10:11-04:00,2026-06-07T10:46:58-04:00,Closed,4-Low,network,vpn,Service Desk,Jordan Hale,Cannot reach SAP over VPN client,"Cannot reach SAP over VPN client
Please assist.
Thanks,
Jordan Hale
@example.invalid","2026-06-06 19:40:59 - Jordan Hale (Work notes)
User reports: Cannot reach SAP over VPN client. Routing toward Service Desk.
2026-06-06 20:40:06 - Jordan Hale (Work notes)
Checked vpn path; still failing.
2026-06-06 21:40:13 - Jordan Hale (Work notes)
Escalating to Service Desk.",Reset AnyConnect and refreshed cert.,true,0,Service Desk
INC1200464,2026-05-07T10:57:39-04:00,2026-05-07T21:50:22-04:00,2026-05-08T01:58:18-04:00,Closed,3-Moderate,desktop,os-software,Desktop Support,,Windows update stuck at 87% on Latitude 5540,"Windows update stuck at 87% on Latitude 5540
Please assist.
Thanks,
End User
@example.invalid","2026-05-07 10:57:39 - Quinn Patel (Work notes)
User reports: Windows update stuck at 87% on Latitude 5540. Routing toward Desktop Support.
2026-05-07 11:57:46 - Jordan Hale (Work notes)
Applied standard workaround.
2026-05-07 12:57:53 - Rowan Ellis (Work notes)
Checked os-software path; still failing.",Repaired Chrome install.,true,0,Service Desk|Desktop Support
INC1200470,2026-06-29T13:05:56-04:00,2026-06-30T02:46:33-04:00,2026-06-30T05:17:20-04:00,Closed,3-Moderate,identity,mfa,Service Desk,Riley Cho,Duo 2FA denied after travel,"Duo 2FA denied after travel
Please assist.
Thanks,
Riley Cho
@example.invalid","2026-06-29 13:05:56 - Riley Cho (Work notes)
User reports: Duo 2FA denied after travel. Routing toward Service Desk.",Resynced TOTP; MFA prompt succeeds.,true,1,Vendor Mgmt|Service Desk
INC1200473,2026-03-16T02:07:05-04:00,2026-03-17T04:24:31-04:00,2026-03-17T14:25:28-04:00,Closed,3-Moderate,identity,mfa,Service Desk,Blake Ibarra,MFA enrollment week — new hire cannot complete Duo,"MFA enrollment week — new hire cannot complete Duo
Please assist.
Thanks,
Blake Ibarra
@example.invalid","2026-03-16 02:07:05 - Blake Ibarra (Work notes)
User reports: MFA enrollment week — new hire cannot complete Duo. Routing toward Service Desk.
2026-03-16 03:07:12 - Blake Ibarra (Work notes)
Escalating to Service Desk.
2026-03-16 04:07:19 - Blake Ibarra (Work notes)
Checked mfa path; still failing.",Resynced TOTP; MFA prompt succeeds.,true,0,Service Desk
INC1200476,2026-04-02T11:19:16-04:00,2026-04-03T03:37:50-04:00,2026-04-05T17:04:05-04:00,Closed,3-Moderate,app,zoom-teams,App Support,Shay Ortega,Cannot reach SAP over VPN client,"Cannot reach SAP over VPN client
Please assist.
Thanks,
Shay Ortega
@example.invalid","2026-04-02 11:19:16 - Shay Ortega (Work notes)
User reports: Cannot reach SAP over VPN client. Routing toward App Support.
2026-04-02 12:19:23 - Shay Ortega (Work notes)
Escalating to App Support.",Reinstalled Zoom client; audio device set.,true,0,Service Desk|App Support
INC1200478,2026-08-24T09:25:42-04:00,2026-08-26T13:35:12-04:00,2026-08-26T21:17:00-04:00,Closed,4-Low,app,outlook,App Support,Shay Ortega,Distribution list bounce on send,"Distribution list bounce on send
Please assist.
Thanks,
Shay Ortega
@example.invalid","2026-08-24 09:25:42 - Shay Ortega (Work notes)
User reports: Distribution list bounce on send. Routing toward App Support.
2026-08-24 10:25:49 - Shay Ortega (Work notes)
Escalating to App Support.",Remapped shared mailbox.,true,3,Service Desk|Service Desk|App Support
INC1200479,2026-08-17T17:40:53-04:00,2026-08-18T06:05:31-04:00,2026-08-18T20:10:25-04:00,Closed,4-Low,facilities,badge-access,Facilities,Lane Ortiz,Badge reader at Building East door will not beep,"Badge reader at Building East door will not beep
Please assist.
Thanks,
Lane Ortiz
@example.invalid","2026-08-17 17:40:53 - Lane Ortiz (Work notes)
User reports: Badge reader at Building East door will not beep. Routing toward Facilities.
2026-08-17 18:40:00 - Lane Ortiz (Work notes)
Applied standard workaround.
2026-08-17 19:40:07 - Lane Ortiz (Work notes)
Applied standard workaround.",Badge recoded; reader tested.,true,1,Facilities
INC1200486,2026-02-25T13:50:27-05:00,2026-02-28T00:49:08-05:00,2026-02-28T08:59:41-05:00,Closed,4-Low,desktop,printer,Desktop Support,Cameron Ortiz,Cannot add printer MacBook after profile rebuild,"Cannot add printer MacBook after profile rebuild
Please assist.
Thanks,
Cameron Ortiz
@example.invalid","2026-02-25 13:50:27 - Cameron Ortiz (Work notes)
User reports: Cannot add printer MacBook after profile rebuild. Routing toward Desktop Support.
2026-02-25 14:50:34 - Cameron Ortiz (Work notes)
Checked printer path; still failing.
2026-02-25 15:50:41 - Cameron Ortiz (Work notes)
Escalating to Desktop Support.",Reset print queue and republished printer.,true,0,Service Desk|Desktop Support
INC1200492,2026-08-07T14:58:00-04:00,2026-08-08T18:11:35-04:00,,Resolved,4-Low,desktop,os-software,Desktop Support,Cameron Ortiz,Windows patch failed on EliteBook 840; bitlocker prompt loop,"Windows patch failed on EliteBook 840; bitlocker prompt loop
Please assist.
Thanks,
Cameron Ortiz
@example.invalid","2026-08-07 14:58:00 - Cameron Ortiz (Work notes)
User reports: Windows patch failed on EliteBook 840; bitlocker prompt loop. Routing toward Desktop Support.",Cleared update cache; reboot succeeded.,true,0,Service Desk|Desktop Support
INC1200493,2026-03-23T10:09:20-04:00,2026-03-23T21:34:13-04:00,2026-03-24T17:47:11-04:00,Closed,3-Moderate,network,other-network,App Support,Jules Navarro,Firewall prompt blocking vendor agent,"Firewall prompt blocking vendor agent
Please assist.
Thanks,
Jules Navarro
@example.invalid","2026-03-23 10:09:20 - Jules Navarro (Work notes)
User reports: Firewall prompt blocking vendor agent. Routing toward App Support.
2026-03-23 11:09:27 - Jules Navarro (Work notes)
Applied standard workaround.",Share path restored after ACL fix.,true,0,App Support
INC1200498,2026-06-30T09:09:50-04:00,2026-06-30T12:01:41-04:00,2026-06-30T17:10:09-04:00,Closed,2-High,identity,password-reset,Service Desk,Riley Cho,Password reset via self-service failed,"Password reset via self-service failed
Please assist.
Thanks,
Riley Cho
@example.invalid","2026-06-30 09:09:50 - Riley Cho (Work notes)
User reports: Password reset via self-service failed. Routing toward Service Desk.",Unlocked account and forced password change.,true,0,Service Desk|Service Desk|Service Desk|Service Desk
INC1200502,2026-04-01T12:19:22-04:00,2026-04-13T14:04:05-04:00,2026-04-13T16:36:00-04:00,Closed,4-Low,app,sap,SAP Support,Shiloh Grant,Slow SAP transaction MM03 this morning,"Slow SAP transaction MM03 this morning
Please assist.
Thanks,
Shiloh Grant
@example.invalid","2026-04-01 12:19:22 - Shiloh Grant (Work notes)
User reports: Slow SAP transaction MM03 this morning. Routing toward SAP Support.",GUI cache cleared; S/4 opens.,false,1,Service Desk|SAP Support|Service Desk|SAP Support
INC1200505,2026-03-17T22:10:29-04:00,2026-03-23T15:02:51-04:00,2026-03-23T23:45:41-04:00,Closed,4-Low,desktop,laptop-hardware,Desktop Support,Reese Dalton,Laptop charger not seating; battery icon missing,"Laptop charger not seating; battery icon missing
Please assist.
Thanks,
Reese Dalton
@example.invalid","2026-03-17 22:10:29 - Reese Dalton (Work notes)
User reports: Laptop charger not seating; battery icon missing. Routing toward Desktop Support.",Imaged laptop; hardware test passed.,false,0,Service Desk|Desktop Support|Service Desk|Desktop Support
INC1200512,2026-08-04T14:51:50-04:00,2026-08-05T04:27:14-04:00,2026-08-05T14:32:53-04:00,Closed,3-Moderate,identity,password-reset,Service Desk,Quinn Patel,User forgot password after leave,"User forgot password after leave
Please assist.
Thanks,
Quinn Patel
@example.invalid","2026-08-04 14:51:50 - Quinn Patel (Work notes)
User reports: User forgot password after leave. Routing toward Service Desk.
2026-08-04 15:51:57 - Quinn Patel (Work notes)
Waiting on user callback.",Unlocked account and forced password change.,true,0,Service Desk|Identity/IAM|Service Desk|Service Desk
INC1200516,2026-07-27T03:17:36-04:00,2026-07-31T09:40:38-04:00,2026-07-31T13:10:19-04:00,Closed,3-Moderate,facilities,other-facilities,Facilities,Lane Ortiz,Light out near desk,"Light out near desk
Please assist.
Thanks,
Lane Ortiz
@example.invalid","2026-07-27 03:17:36 - Lane Ortiz (Work notes)
User reports: Light out near desk. Routing toward Facilities.
2026-07-27 04:17:43 - Lane Ortiz (Work notes)
Checked other-facilities path; still failing.",Work order closed with vendor.,false,0,Service Desk|Facilities
INC1200522,2026-07-21T14:01:00-04:00,2026-07-22T03:17:50-04:00,2026-07-22T16:12:50-04:00,Closed,3-Moderate,network,vpn,Network Ops,Hayden Cruz,Cannot reach SAP over VPN client,,"2026-07-21 14:01:00 - Hayden Cruz (Work notes)
User reports: Cannot reach SAP over VPN client. Routing toward Network Ops.
2026-07-21 15:01:07 - Hayden Cruz (Work notes)
Waiting on user callback.
2026-07-21 16:01:14 - Hayden Cruz (Work notes)
Applied standard workaround.",Reset AnyConnect and refreshed cert.,true,1,Service Desk|Vendor Mgmt|Service Desk|Network Ops
INC1200529,2026-06-08T11:29:49-04:00,2026-06-09T10:29:42-04:00,2026-06-09T12:24:26-04:00,Closed,4-Low,network,wifi,Network Ops,Logan West,Cannot join corporate SSID after laptop rebuild,"Cannot join corporate SSID after laptop rebuild
Please assist.
Thanks,
Logan West
@example.invalid","2026-06-08 11:29:49 - Logan West (Work notes)
User reports: Cannot join corporate SSID after laptop rebuild. Routing toward Network Ops.
2026-06-08 12:29:56 - Logan West (Work notes)
Waiting on user callback.",AP reset on Floor — signal restored.,true,0,Service Desk|Service Desk|Service Desk|Network Ops
INC1200532,2026-04-29T15:55:54-04:00,2026-05-04T08:06:33-04:00,2026-05-04T08:56:31-04:00,Closed,4-Low,identity,mfa,Identity/IAM,Eden Park,Duo 2FA denied after travel,"Duo 2FA denied after travel
Please assist.
Thanks,
Eden Park
@example.invalid","2026-04-29 15:55:54 - Eden Park (Work notes)
User reports: Duo 2FA denied after travel. Routing toward Identity/IAM.
2026-04-29 16:55:01 - Eden Park (Work notes)
Applied standard workaround.
2026-04-29 17:55:08 - Eden Park (Work notes)
Waiting on user callback.",Resynced TOTP; MFA prompt succeeds.,true,0,Vendor Mgmt|Identity/IAM
INC1200539,2026-04-27T08:19:07-04:00,2026-04-27T16:17:08-04:00,2026-04-27T22:23:07-04:00,Closed,3-Moderate,desktop,os-software,Desktop Support,Finley Shah,Windows update stuck at 87% on EliteBook 840,"Windows update stuck at 87% on EliteBook 840
Please assist.
Thanks,
Finley Shah
@example.invalid","2026-04-27 08:19:07 - Finley Shah (Work notes)
User reports: Windows update stuck at 87% on EliteBook 840. Routing toward Desktop Support.
2026-04-27 09:19:14 - Finley Shah (Work notes)
Waiting on user callback.
2026-04-27 10:19:21 - Finley Shah (Work notes)
Escalating to Desktop Support.",Repaired Chrome install.,true,0,Service Desk|Desktop Support
INC1200540,2026-07-20T13:11:07-04:00,2026-07-21T01:15:50-04:00,2026-07-21T03:06:25-04:00,Closed,3-Moderate,app,outlook,Collaboration Services,Wynn Foster,Outlook not sending; mailbox full,"Outlook not sending; mailbox full
Please assist.
Thanks,
Wynn Foster
@example.invalid","2026-07-20 13:11:07 - Wynn Foster (Work notes)
User reports: Outlook not sending; mailbox full. Routing toward Collaboration Services.
2026-07-20 14:11:14 - Wynn Foster (Work notes)
Waiting on user callback.
2026-07-20 15:11:21 - Wynn Foster (Work notes)
Escalating to Collaboration Services. ad\jhale419",Remapped shared mailbox.,true,0,Service Desk|Collaboration Services|Collaboration Services
INC1200544,2026-08-21T10:58:15-04:00,,,On Hold,4-Low,network,vpn,Network Ops,Hayden Cruz,VPN client will not launch on Surface Laptop,,"2026-08-21 10:58:15 - Hayden Cruz (Work notes)
User reports: VPN client will not launch on Surface Laptop. Routing toward Network Ops.
2026-08-21 11:58:22 - Hayden Cruz (Work notes)
Escalating to Network Ops.
2026-08-21 12:58:29 - Hayden Cruz (Work notes)
Escalating to Network Ops.",,,0,Service Desk|Network Ops
INC1200549,2026-06-29T10:04:20-04:00,2026-07-02T23:51:11-04:00,2026-07-04T17:45:59-04:00,Closed,4-Low,identity,mfa,Identity/IAM,Marlowe Singh,MFA prompt loop — Duo push never arrives,"MFA prompt loop — Duo push never arrives
Please assist.
Thanks,
Marlowe Singh
@example.invalid","2026-06-29 10:04:20 - Marlowe Singh (Work notes)
User reports: MFA prompt loop — Duo push never arrives. Routing toward Identity/IAM.
2026-06-29 11:04:27 - Marlowe Singh (Work notes)
Checked mfa path; still failing.
2026-06-29 12:04:34 - Marlowe Singh (Work notes)
Escalating to Identity/IAM.",Reset Duo device; enrollment complete.,true,0,Service Desk|Identity/IAM
INC1200555,2026-05-19T09:11:56-04:00,2026-05-23T04:35:39-04:00,2026-05-23T09:29:53-04:00,Closed,4-Low,app,web-app,App Support,Remy Cole,Cannot sign in to web app after MFA prompt,"Cannot sign in to web app after MFA prompt
Please assist.
Thanks,
Remy Cole
@example.invalid","2026-05-19 09:11:56 - Remy Cole (Work notes)
User reports: Cannot sign in to web app after MFA prompt. Routing toward App Support.
2026-05-19 10:11:03 - Remy Cole (Work notes)
Applied standard workaround.",Cleared SSO cookies; Chrome sign-in works.,true,0,Service Desk|App Support
INC1200558,2026-07-04T04:55:42-04:00,2026-07-04T13:46:06-04:00,2026-07-04T21:31:34-04:00,Closed,3-Moderate,desktop,laptop-hardware,Desktop Support,Cameron Ortiz,Laptop lid sensor false sleep on Surface Laptop,"Laptop lid sensor false sleep on Surface Laptop
Please assist.
Thanks,
Cameron Ortiz
@example.invalid","2026-07-04 04:55:42 - Cameron Ortiz (Work notes)
User reports: Laptop lid sensor false sleep on Surface Laptop. Routing toward Desktop Support.
2026-07-04 05:55:49 - Cameron Ortiz (Work notes)
Waiting on user callback.
2026-07-04 06:55:56 - Cameron Ortiz (Work notes)
Waiting on user callback.",Imaged laptop; hardware test passed.,true,0,Service Desk|Desktop Support
INC1200559,2026-07-02T10:41:14-04:00,2026-07-03T00:54:26-04:00,2026-07-03T06:30:36-04:00,Closed,3-Moderate,identity,mfa,Service Desk,Sage Okonkwo,MFA enrollment week — new hire cannot complete Duo,"MFA enrollment week — new hire cannot complete Duo
Please assist.
Thanks,
Sage Okonkwo
@example.invalid","2026-07-02 10:41:14 - Sage Okonkwo (Work notes)
User reports: MFA enrollment week — new hire cannot complete Duo. Routing toward Service Desk.
2026-07-02 11:41:21 - Sage Okonkwo (Work notes)
Escalating to Identity/IAM.
2026-07-02 12:41:28 - Sage Okonkwo (Work notes)
Applied standard workaround.",Reset Duo device; enrollment complete.,true,2,Service Desk|Identity/IAM|Service Desk|Service Desk
INC1200561,2026-05-06T04:22:04-04:00,2026-05-06T22:15:20-04:00,2026-05-08T07:59:25-04:00,Closed,4-Low,desktop,laptop-hardware,Desktop Support,Reese Dalton,Keyboard keys sticking on ThinkPad T14,"Keyboard keys sticking on ThinkPad T14
Please assist.
Thanks,
Reese Dalton
@example.invalid","2026-05-06 04:22:04 - Reese Dalton (Work notes)
User reports: Keyboard keys sticking on ThinkPad T14. Routing toward Desktop Support.
2026-05-06 05:22:11 - Reese Dalton (Work notes)
Waiting on user callback.
2026-05-06 06:22:18 - Reese Dalton (Work notes)
Escalating to Desktop Support.",Replaced charger and retested battery.,true,0,Major Incident|Desktop Support
INC1200565,2026-05-13T10:16:19-04:00,2026-05-17T06:26:42-04:00,,Resolved,4-Low,identity,password-reset,Service Desk,Blake Ibarra,Password reset needed — account lockout,"Password reset needed — account lockout
Please assist.
Thanks,
Blake Ibarra
@example.invalid","2026-05-13 10:16:19 - Blake Ibarra (Work notes)
User reports: Password reset needed — account lockout. Routing toward Service Desk.
2026-05-13 11:16:26 - Blake Ibarra (Work notes)
Escalating to Service Desk.",Unlocked account and forced password change.,true,0,Service Desk|Service Desk
INC1200566,2026-03-09T01:13:06-04:00,2026-03-10T13:47:00-04:00,2026-03-10T20:19:24-04:00,Closed,4-Low,app,other-app,App Support,Kendall Frost,VPN tunnel up but no internal DNS,"VPN tunnel up but no internal DNS
Please assist.
Thanks,
Kendall Frost
@example.invalid","2026-03-09 01:13:06 - Kendall Frost (Work notes)
User reports: VPN tunnel up but no internal DNS. Routing toward App Support.
2026-03-09 02:13:13 - Kendall Frost (Work notes)
Applied standard workaround.
2026-03-09 03:13:20 - Kendall Frost (Work notes)
Escalating to Service Desk.",Repaired client install; license refreshed.,true,1,Service Desk|App Support|Service Desk|App Support
INC1200567,2026-05-04T15:21:26-04:00,2026-05-09T03:51:50-04:00,2026-05-09T06:07:14-04:00,Closed,4-Low,app,sap,SAP Support,Shiloh Grant,Slow SAP transaction ME21N this morning,"Slow SAP transaction ME21N this morning
Please assist.
Thanks,
Shiloh Grant
@example.invalid","2026-05-04 15:21:26 - Shiloh Grant (Work notes)
User reports: Slow SAP transaction ME21N this morning. Routing toward SAP Support.",SAP role provisioned; tcode authorized.,true,0,Service Desk|SAP Support
INC1200572,2026-05-17T06:47:41-04:00,2026-05-17T11:53:36-04:00,2026-05-17T13:05:01-04:00,Closed,3-Moderate,network,wifi,Network Ops,Hayden Cruz,WiFi drops in Building B Floor 4,"WiFi drops in Building B Floor 4
Please assist.
Thanks,
Hayden Cruz
@example.invalid",,Reprovisioned SSID profile.,true,0,Service Desk|Network Ops
INC1200578,2026-08-26T10:41:25-04:00,,,In Progress,4-Low,app,sap,SAP Support,Blair Mendes,SAP password expired; GUI will not open,,"2026-08-26 10:41:25 - Blair Mendes (Work notes)
User reports: SAP password expired; GUI will not open. Routing toward SAP Support.",,,0,Service Desk|SAP Support
INC1200580,2026-07-06T11:53:01-04:00,2026-07-06T22:00:48-04:00,2026-07-07T01:11:46-04:00,Closed,3-Moderate,app,web-app,App Support,Jules Navarro,Chrome SSO timeout on web app,"Chrome SSO timeout on web app
Please assist.
Thanks,
Jules Navarro
@example.invalid","2026-07-06 11:53:01 - Jules Navarro (Work notes)
User reports: Chrome SSO timeout on web app. Routing toward App Support.
2026-07-06 12:53:08 - Jules Navarro (Work notes)
Checked web-app path; still failing.",Cleared SSO cookies; Chrome sign-in works.,true,1,Service Desk|App Support
INC1200583,2026-04-26T17:14:06-04:00,2026-04-27T22:35:18-04:00,2026-04-28T01:36:07-04:00,Closed,3-Moderate,app,web-app,App Support,Jules Navarro,Browser tab freeze on internal portal,"Browser tab freeze on internal portal
Please assist.
Thanks,
Jules Navarro
@example.invalid","2026-04-26 17:14:06 - Jules Navarro (Work notes)
User reports: Browser tab freeze on internal portal. Routing toward App Support.
2026-04-26 18:14:13 - Jules Navarro (Work notes)
Checked web-app path; still failing.
2026-04-26 19:14:20 - Jules Navarro (Work notes)
Checked web-app path; still failing.",Cleared SSO cookies; Chrome sign-in works.,true,0,Service Desk|App Support
INC1200588,2026-04-27T11:13:18-04:00,2026-04-29T02:22:09-04:00,,Resolved,3-Moderate,network,dns,Network Ops,Peyton Ames,Name resolution timeout after VPN connect,"Name resolution timeout after VPN connect
Please assist.
Thanks,
Peyton Ames
@example.invalid",,Corrected VPN DNS servers.,true,0,Service Desk|Network Ops
INC1200595,2026-07-14T10:47:06-04:00,2026-07-19T09:47:28-04:00,2026-07-20T07:33:40-04:00,Closed,3-Moderate,network,vpn,Network Ops,Hayden Cruz,AnyConnect error after password change,"AnyConnect error after password change
Please assist.
Thanks,
Hayden Cruz
@example.invalid","2026-07-14 10:47:06 - Hayden Cruz (Work notes)
User reports: AnyConnect error after password change. Routing toward Network Ops.",Fixed DNS suffix on VPN adapter.,false,0,Service Desk|Network Ops|Service Desk|Network Ops
INC1200601,2026-06-22T14:59:20-04:00,2026-06-23T14:34:30-04:00,2026-06-24T03:23:22-04:00,Closed,2-High,app,sap,SAP Support,Shiloh Grant,Missing SAP authorization for FB01,"Missing SAP authorization for FB01
Please assist.
Thanks,
Shiloh Grant
@example.invalid","2026-06-22 14:59:20 - Shiloh Grant (Work notes)
User reports: Missing SAP authorization for FB01. Routing toward SAP Support.
2026-06-22 15:59:27 - Shiloh Grant (Work notes)
Waiting on user callback.
2026-06-22 16:59:34 - Shiloh Grant (Work notes)
Applied standard workaround.",Transport reapplied; tile restored.,false,0,Service Desk|SAP Support
INC1200603,2026-03-19T07:46:25-04:00,2026-03-19T19:30:16-04:00,2026-03-20T06:10:10-04:00,Closed,3-Moderate,network,vpn,Network Ops,Logan West,VPN tunnel up but no internal DNS,,"2026-03-19 07:46:25 - Logan West (Work notes)
User reports: VPN tunnel up but no internal DNS. Routing toward Network Ops.",Fixed DNS suffix on VPN adapter.,true,1,Service Desk|Network Ops
INC1200607,2026-04-24T10:06:38-04:00,2026-04-24T23:42:51-04:00,2026-04-25T06:19:02-04:00,Closed,4-Low,desktop,laptop-hardware,Desktop Support,,Docking station not detecting Latitude 5540,"Docking station not detecting Latitude 5540
Please assist.
Thanks,
End User
@example.invalid","2026-04-24 10:06:38 - Avery Lang (Work notes)
User reports: Docking station not detecting Latitude 5540. Routing toward Desktop Support.
2026-04-24 11:06:45 - Blake Ibarra (Work notes)
Waiting on user callback.
2026-04-24 12:06:52 - Blake Ibarra (Work notes)
Applied standard workaround.",Imaged laptop; hardware test passed.,true,0,Service Desk|Desktop Support
INC1200611,2026-03-30T16:44:24-04:00,2026-03-31T00:21:55-04:00,,Resolved,4-Low,network,vpn,Facilities,Indigo Walsh,AnyConnect error after password change,"AnyConnect error after password change
Please assist.
Thanks,
Indigo Walsh
@example.invalid",,Reset AnyConnect and refreshed cert.,false,0,Facilities
INC1200612,2026-02-26T11:04:03-05:00,2026-02-27T20:48:32-05:00,2026-02-28T06:23:05-05:00,Closed,3-Moderate,desktop,laptop-hardware,Desktop Support,Finley Shah,Laptop charger not seating; battery icon missing,"Laptop charger not seating; battery icon missing
Please assist.
Thanks,
Finley Shah
@example.invalid","2026-02-26 11:04:03 - Finley Shah (Work notes)
User reports: Laptop charger not seating; battery icon missing. Routing toward Desktop Support.
2026-02-26 12:04:10 - Finley Shah (Work notes)
Applied standard workaround.
2026-02-26 13:04:17 - Finley Shah (Work notes)
Waiting on user callback.",Replaced charger and retested battery.,true,0,Service Desk|Desktop Support|Service Desk|Desktop Support
INC1200614,2026-07-03T03:06:29-04:00,2026-07-03T15:55:49-04:00,2026-07-28T11:28:59-04:00,Closed,4-Low,identity,mfa,Service Desk,Blake Ibarra,Duo 2FA denied after travel,"Duo 2FA denied after travel
Please assist.
Thanks,
Blake Ibarra
@example.invalid",,Reset Duo device; enrollment complete.,true,0,Service Desk|Service Desk
INC1200618,2026-08-11T11:57:02-04:00,2026-08-12T04:17:35-04:00,2026-08-12T14:24:19-04:00,Closed,3-Moderate,app,outlook,Collaboration Services,Arden Miles,Calendar invites not showing in Outlook,"Calendar invites not showing in Outlook
Please assist.
Thanks,
Arden Miles
@example.invalid","2026-08-11 11:57:02 - Arden Miles (Work notes)
User reports: Calendar invites not showing in Outlook. Routing toward Collaboration Services.",Mailbox quota increased; Outlook sending.,true,1,Service Desk|Collaboration Services
INC1200623,2026-06-17T15:30:28-04:00,2026-06-19T18:42:44-04:00,2026-06-20T18:43:55-04:00,Closed,3-Moderate,identity,access-request,Identity/IAM,Phoenix Lee,Access to shared mailbox for project,"Access to shared mailbox for project
Please assist.
Thanks,
Phoenix Lee
@example.invalid","2026-06-17 15:30:28 - Phoenix Lee (Work notes)
User reports: Access to shared mailbox for project. Routing toward Identity/IAM.
2026-06-17 16:30:35 - Phoenix Lee (Work notes)
Escalating to Identity/IAM.
2026-06-17 17:30:42 - Phoenix Lee (Work notes)
Escalating to Identity/IAM.",Provisioned shared mailbox access.,false,0,Service Desk|Identity/IAM
INC1200625,2026-05-21T10:05:36-04:00,2026-05-21T18:59:59-04:00,2026-05-22T14:56:18-04:00,Closed,3-Moderate,desktop,os-software,Desktop Support,Finley Shah,OS freeze / blue screen on Latitude 5540,"OS freeze / blue screen on Latitude 5540
Please assist.
Thanks,
Finley Shah
@example.invalid","2026-05-21 10:05:36 - Finley Shah (Work notes)
User reports: OS freeze / blue screen on Latitude 5540. Routing toward Desktop Support.
2026-05-21 11:05:43 - Finley Shah (Work notes)
Applied standard workaround.",Completed patch and verified BitLocker.,true,1,Service Desk|Desktop Support
INC1200629,2026-07-08T15:59:12-04:00,2026-07-11T10:24:48-04:00,2026-07-11T16:43:35-04:00,Closed,3-Moderate,desktop,laptop-hardware,Endpoint Engineering,Emerson Vale,Surface Laptop overheats under light load,"Surface Laptop overheats under light load
Please assist.
Thanks,
Emerson Vale
@example.invalid","2026-07-08 15:59:12 - Emerson Vale (Work notes)
User reports: Surface Laptop overheats under light load. Routing toward Endpoint Engineering.",Imaged laptop; hardware test passed.,true,0,Service Desk|Endpoint Engineering
INC1200632,2026-06-29T11:29:33-04:00,2026-07-05T06:35:39-04:00,2026-07-05T15:26:43-04:00,Closed,3-Moderate,app,outlook,App Support,Remy Cole,Distribution list bounce on send,"Distribution list bounce on send
Please assist.
Thanks,
Remy Cole
@example.invalid","2026-06-29 11:29:33 - Remy Cole (Work notes)
User reports: Distribution list bounce on send. Routing toward App Support.
2026-06-29 12:29:40 - Remy Cole (Work notes)
Escalating to App Support.
2026-06-29 13:29:47 - Remy Cole (Work notes)
Waiting on user callback.",Mailbox quota increased; Outlook sending.,true,0,Service Desk|App Support
INC1200635,2026-08-24T11:10:33-04:00,,,On Hold,3-Moderate,network,wifi,Network Ops,Peyton Ames,Wireless adapter missing after sleep,"Wireless adapter missing after sleep
Please assist.
Thanks,
Peyton Ames
@example.invalid","2026-08-24 11:10:33 - Peyton Ames (Work notes)
User reports: Wireless adapter missing after sleep. Routing toward Network Ops.
2026-08-24 12:10:40 - Peyton Ames (Work notes)
Escalating to Network Ops.
2026-08-24 13:10:47 - Peyton Ames (Work notes)
Waiting on user callback.",,,1,Service Desk|Network Ops
INC1200638,2026-07-01T11:44:56-04:00,2026-07-02T04:04:33-04:00,2026-07-02T10:27:05-04:00,Closed,3-Moderate,desktop,printer,Desktop Support,Harper Nunez,Print jobs stall; jam on MacBook,"Print jobs stall; jam on MacBook
Please assist.
Thanks,
Harper Nunez
@example.invalid","2026-07-01 11:44:56 - Harper Nunez (Work notes)
User reports: Print jobs stall; jam on MacBook. Routing toward Desktop Support.
2026-07-01 12:44:03 - Harper Nunez (Work notes)
Waiting on user callback. ad\jhale419",Replaced toner and cleared jam.,true,0,Service Desk|Desktop Support
INC1200645,2026-06-01T23:49:32-04:00,2026-06-04T11:15:28-04:00,2026-06-07T06:51:34-04:00,Closed,3-Moderate,network,other-network,Network Ops,Logan West,Packet loss on wired dock,"Packet loss on wired dock
Please assist.
Thanks,
Logan West
@example.invalid","2026-06-01 23:49:32 - Logan West (Work notes)
User reports: Packet loss on wired dock. Routing toward Network Ops.
2026-06-01 00:49:39 - Logan West (Work notes)
Checked other-network path; still failing.",Share path restored after ACL fix.,false,2,Service Desk|Network Ops
INC1200646,2026-07-06T15:55:55-04:00,,2026-07-06T23:19:43-04:00,Canceled,3-Moderate,desktop,os-software,Desktop Support,Finley Shah,OS freeze / blue screen on Latitude 5540,"OS freeze / blue screen on Latitude 5540
Please assist.
Thanks,
Finley Shah
@example.invalid","2026-07-06 15:55:55 - Finley Shah (Work notes)
User reports: OS freeze / blue screen on Latitude 5540. Routing toward Desktop Support.",Canceled — duplicate of INC1200634,,1,Service Desk|Desktop Support|Service Desk|Desktop Support
INC1200649,2026-06-17T11:25:14-04:00,2026-06-17T19:16:19-04:00,2026-06-17T21:53:36-04:00,Closed,3-Moderate,desktop,os-software,Vendor Mgmt,Tatum Rhodes,Windows patch failed on EliteBook 840; bitlocker prompt loop,"Windows patch failed on EliteBook 840; bitlocker prompt loop
Please assist.
Thanks,
Tatum Rhodes
@example.invalid","2026-06-17 11:25:14 - Tatum Rhodes (Work notes)
User reports: Windows patch failed on EliteBook 840; bitlocker prompt loop. Routing toward Vendor Mgmt.
2026-06-17 12:25:21 - Tatum Rhodes (Work notes)
Checked os-software path; still failing.",Repaired Chrome install.,true,0,Vendor Mgmt
INC1200653,2026-03-30T15:37:21-04:00,2026-04-10T04:27:51-04:00,2026-04-10T21:10:20-04:00,Closed,4-Low,desktop,printer,Endpoint Engineering,Dakota Chen,Cannot print PDF to Latitude 5540,"Cannot print PDF to Latitude 5540
Please assist.
Thanks,
Dakota Chen
@example.invalid","2026-03-30 15:37:21 - Dakota Chen (Work notes)
User reports: Cannot print PDF to Latitude 5540. Routing toward Endpoint Engineering.
2026-03-30 16:37:28 - Dakota Chen (Work notes)
Applied standard workaround.",Reset print queue and republished printer.,false,1,Service Desk|Endpoint Engineering
INC1200657,2026-05-18T10:22:30-04:00,2026-05-19T16:25:40-04:00,2026-05-20T00:56:00-04:00,Closed,3-Moderate,network,wifi,Network Ops,Logan West,Wireless adapter missing after sleep,"Wireless adapter missing after sleep
Please assist.
Thanks,
Logan West
@example.invalid","2026-05-18 10:22:30 - Logan West (Work notes)
User reports: Wireless adapter missing after sleep. Routing toward Network Ops.",Replaced wireless driver.,true,0,Service Desk|Network Ops
INC1200661,2026-03-17T11:05:47-04:00,2026-03-19T13:24:55-04:00,2026-03-21T23:14:17-04:00,Closed,3-Moderate,identity,access-request,Identity/IAM,Phoenix Lee,Need Okta group for new role,"Need Okta group for new role
Please assist.
Thanks,
Phoenix Lee
@example.invalid","2026-03-17 11:05:47 - Phoenix Lee (Work notes)
User reports: Need Okta group for new role. Routing toward Identity/IAM.",Added to Okta group / distribution list.,false,0,Service Desk|Identity/IAM
INC1200662,2026-07-06T22:31:11-04:00,2026-07-11T01:43:48-04:00,,Resolved,4-Low,app,other-app,App Support,Shay Ortega,Business app will not start after patch,"Business app will not start after patch
Please assist.
Thanks,
Shay Ortega
@example.invalid","2026-07-06 22:31:11 - Shay Ortega (Work notes)
User reports: Business app will not start after patch. Routing toward App Support.
2026-07-06 23:31:18 - Shay Ortega (Work notes)
Applied standard workaround.
2026-07-06 00:31:25 - Shay Ortega (Work notes)
Applied standard workaround.",Repaired client install; license refreshed.,true,0,Service Desk|App Support
INC1200664,2026-04-05T05:10:01-04:00,2026-04-05T16:47:06-04:00,2026-04-05T19:20:28-04:00,Closed,3-Moderate,desktop,other-desktop,Vendor Mgmt,Sutton Grey,Local admin rights needed for vendor tool,"Local admin rights needed for vendor tool
Please assist.
Thanks,
Sutton Grey
@example.invalid","2026-04-05 05:10:01 - Sutton Grey (Work notes)
User reports: Local admin rights needed for vendor tool. Routing toward Vendor Mgmt.
2026-04-05 06:10:08 - Sutton Grey (Work notes)
Escalating to Vendor Mgmt.
2026-04-05 07:10:15 - Sutton Grey (Work notes)
Applied standard workaround.",Rebuilt profile; network drive mapped.,true,0,Service Desk|Vendor Mgmt
INC1200670,2026-05-25T12:01:19-04:00,2026-05-26T09:39:39-04:00,2026-05-26T16:50:12-04:00,Closed,3-Moderate,facilities,workspace,Facilities,Sol Vega,Need workspace setup in Building A,"Need workspace setup in Building A
Please assist.
Thanks,
Sol Vega
@example.invalid","2026-05-25 12:01:19 - Sol Vega (Work notes)
User reports: Need workspace setup in Building A. Routing toward Facilities.
2026-05-25 13:01:26 - Sol Vega (Work notes)
Applied standard workaround.",Desk move completed.,true,0,Service Desk|Facilities
INC1200672,2026-05-19T11:44:23-04:00,2026-05-21T20:13:19-04:00,2026-05-22T04:07:52-04:00,Closed,4-Low,identity,account-lockout,Identity/IAM,Eden Park,AD account disabled after password spray lockout,"AD account disabled after password spray lockout
Please assist.
Thanks,
Eden Park
@example.invalid","2026-05-19 11:44:23 - Eden Park (Work notes)
User reports: AD account disabled after password spray lockout. Routing toward Identity/IAM.",Unlocked AD account; advised password hygiene.,true,0,Service Desk|Identity/IAM
INC1200678,2026-08-27T15:44:41-04:00,2026-08-28T12:02:33-04:00,2026-08-28T16:46:05-04:00,Closed,3-Moderate,identity,access-request,Service Desk,Avery Lang,Access to shared mailbox for project,"Access to shared mailbox for project
Please assist.
Thanks,
Avery Lang
@example.invalid","2026-08-27 15:44:41 - Avery Lang (Work notes)
User reports: Access to shared mailbox for project. Routing toward Service Desk.",Added to Okta group / distribution list.,true,0,Service Desk|Identity/IAM|Service Desk
INC1200679,2026-08-12T15:30:51-04:00,2026-08-19T17:42:38-04:00,2026-08-20T21:02:01-04:00,Closed,4-Low,desktop,other-desktop,Desktop Support,Harper Nunez,Desktop profile corrupt after login,"Desktop profile corrupt after login
Please assist.
Thanks,
Harper Nunez
@example.invalid","2026-08-12 15:30:51 - Harper Nunez (Work notes)
User reports: Desktop profile corrupt after login. Routing toward Desktop Support.",Rebuilt profile; network drive mapped.,false,0,Service Desk|Desktop Support
INC1200684,2026-06-18T17:07:15-04:00,2026-06-18T23:21:56-04:00,2026-06-19T03:17:23-04:00,Closed,2-High,facilities,workspace,Facilities,River Santos,Need workspace setup in Building North,"Need workspace setup in Building North
Please assist.
Thanks,
River Santos
@example.invalid","2026-06-18 17:07:15 - River Santos (Work notes)
User reports: Need workspace setup in Building North. Routing toward Facilities.
2026-06-18 18:07:22 - River Santos (Work notes)
Waiting on user callback.",Chair replaced.,true,0,Service Desk|Facilities
INC1200688,2026-08-25T14:03:58-04:00,2026-08-27T15:09:47-04:00,2026-08-27T17:06:13-04:00,Closed,3-Moderate,app,sap,App Support,Shay Ortega,SAP dump while saving IW32,"SAP dump while saving IW32
Please assist.
Thanks,
Shay Ortega
@example.invalid","2026-08-25 14:03:58 - Shay Ortega (Work notes)
User reports: SAP dump while saving IW32. Routing toward App Support.",Transport reapplied; tile restored.,false,0,Service Desk|App Support
INC1200692,2026-02-25T12:55:39-05:00,2026-03-21T23:33:18-04:00,2026-03-23T09:17:19-04:00,Closed,4-Low,desktop,os-software,Desktop Support,Reese Dalton,OS freeze / blue screen on Surface Laptop,"OS freeze / blue screen on Surface Laptop
Please assist.
Thanks,
Reese Dalton
@example.invalid","2026-02-25 12:55:39 - Reese Dalton (Work notes)
User reports: OS freeze / blue screen on Surface Laptop. Routing toward Desktop Support.
2026-02-25 13:55:46 - Reese Dalton (Work notes)
Checked os-software path; still failing.
2026-02-25 14:55:53 - Reese Dalton (Work notes)
Applied standard workaround.",Cleared update cache; reboot succeeded.,false,0,Service Desk|Desktop Support
INC1200693,2026-05-18T10:51:01-04:00,2026-05-18T23:50:30-04:00,2026-05-19T00:34:48-04:00,Closed,3-Moderate,desktop,printer,Vendor Mgmt,Ellis Prado,Print queue will not clear for shared ThinkPad T14,"Print queue will not clear for shared ThinkPad T14
Please assist.
Thanks,
Ellis Prado
@example.invalid",,Replaced toner and cleared jam.,true,0,Service Desk|Vendor Mgmt
INC1200699,2026-03-18T13:58:48-04:00,2026-03-18T18:41:27-04:00,2026-03-19T00:19:09-04:00,Closed,2-High,identity,access-request,Identity/IAM,Marlowe Singh,Access request for distribution list,"Access request for distribution list
Please assist.
Thanks,
Marlowe Singh
@example.invalid","2026-03-18 13:58:48 - Marlowe Singh (Work notes)
User reports: Access request for distribution list. Routing toward Identity/IAM.",Provisioned shared mailbox access.,true,0,Service Desk|Identity/IAM|Service Desk|Identity/IAM
INC1200706,2026-08-11T11:21:11-04:00,2026-08-12T00:40:41-04:00,2026-08-12T07:17:03-04:00,Closed,3-Moderate,app,other-app,App Support,Shay Ortega,License error on desktop client,"License error on desktop client
Please assist.
Thanks,
Shay Ortega
@example.invalid","2026-08-11 11:21:11 - Shay Ortega (Work notes)
User reports: License error on desktop client. Routing toward App Support.
2026-08-11 12:21:18 - Shay Ortega (Work notes)
Applied standard workaround.",Repaired client install; license refreshed.,true,0,Service Desk|App Support
INC1200707,2026-03-16T13:57:00-04:00,2026-03-16T23:37:12-04:00,,Resolved,3-Moderate,desktop,other-desktop,Desktop Support,Finley Shah,Mapped network drive missing at logon,"Mapped network drive missing at logon
Please assist.
Thanks,
Finley Shah
@example.invalid","2026-03-16 13:57:00 - Finley Shah (Work notes)
User reports: Mapped network drive missing at logon. Routing toward Desktop Support. +1-212-555-0142",Rebuilt profile; network drive mapped.,true,0,Service Desk|Desktop Support
INC1200712,2026-08-25T14:28:54-04:00,,,In Progress,3-Moderate,identity,mfa,Identity/IAM,Eden Park,MFA enrollment week — new hire cannot complete Duo,"MFA enrollment week — new hire cannot complete Duo
Please assist.
Thanks,
Eden Park
@example.invalid","2026-08-25 14:28:54 - Eden Park (Work notes)
User reports: MFA enrollment week — new hire cannot complete Duo. Routing toward Identity/IAM.
2026-08-25 15:28:01 - Eden Park (Work notes)
Waiting on user callback.
2026-08-25 16:28:08 - Eden Park (Work notes)
Escalating to Identity/IAM.",,,0,Service Desk|Identity/IAM
INC1200719,2026-03-13T10:00:00-04:00,2026-03-16T06:16:01-04:00,2026-03-16T08:12:08-04:00,Closed,3-Moderate,network,wan-lan,Network Ops,Hayden Cruz,Wired port dead at desk,"Wired port dead at desk
Please assist.
Thanks,
Hayden Cruz
@example.invalid","2026-03-13 10:00:00 - Hayden Cruz (Work notes)
User reports: Wired port dead at desk. Routing toward Network Ops.
2026-03-13 11:00:07 - Hayden Cruz (Work notes)
Escalating to Network Ops.",Port bounce on switch; link up.,false,2,Service Desk|Network Ops
INC1200723,2026-02-25T15:06:33-05:00,2026-03-02T01:26:50-05:00,2026-03-02T11:25:58-05:00,Closed,3-Moderate,facilities,workspace,Service Desk,Rowan Ellis,Need workspace setup in Building A,"Need workspace setup in Building A
Please assist.
Thanks,
Rowan Ellis
@example.invalid","2026-02-25 15:06:33 - Rowan Ellis (Work notes)
User reports: Need workspace setup in Building A. Routing toward Service Desk.
2026-02-25 16:06:40 - Rowan Ellis (Work notes)
Escalating to Facilities.",Desk move completed.,false,0,Service Desk|Facilities|Service Desk
INC1200728,2026-07-24T11:45:20-04:00,2026-07-25T18:14:26-04:00,2026-07-26T03:20:26-04:00,Closed,3-Moderate,app,sap,App Support,Remy Cole,SAP dump while saving IW32,"SAP dump while saving IW32
Please assist.
Thanks,
Remy Cole
@example.invalid",,SAP role provisioned; tcode authorized.,true,0,Service Desk|App Support|Service Desk|App Support
INC1200729,2026-07-21T11:16:11-04:00,2026-07-21T18:00:25-04:00,2026-07-22T06:37:03-04:00,Closed,3-Moderate,app,zoom-teams,Collaboration Services,Taryn Bell,Meeting headset not selected in Zoom,"Meeting headset not selected in Zoom
Please assist.
Thanks,
Taryn Bell
@example.invalid","2026-07-21 11:16:11 - Taryn Bell (Work notes)
User reports: Meeting headset not selected in Zoom. Routing toward Collaboration Services.",Reinstalled Zoom client; audio device set.,true,0,Service Desk|Collaboration Services
INC1200734,2026-06-09T15:04:19-04:00,2026-06-15T10:22:00-04:00,2026-06-15T13:09:46-04:00,Closed,3-Moderate,app,sap,SAP Support,Shiloh Grant,SAP dump while saving VA01,"SAP dump while saving VA01
Please assist.
Thanks,
Shiloh Grant
@example.invalid","2026-06-09 15:04:19 - Shiloh Grant (Work notes)
User reports: SAP dump while saving VA01. Routing toward SAP Support.
2026-06-09 16:04:26 - Shiloh Grant (Work notes)
Escalating to SAP Support.",SAP role provisioned; tcode authorized.,false,0,Service Desk|SAP Support
INC1200739,2026-05-05T09:19:27-04:00,2026-05-05T12:42:20-04:00,2026-05-05T14:26:55-04:00,Closed,2-High,desktop,printer,Desktop Support,Finley Shah,Printer random restart on Floor 3,"Printer random restart on Floor 3
Please assist.
Thanks,
Finley Shah
@example.invalid","2026-05-05 09:19:27 - Finley Shah (Work notes)
User reports: Printer random restart on Floor 3. Routing toward Desktop Support.
2026-05-05 10:19:34 - Finley Shah (Work notes)
Checked printer path; still failing.
2026-05-05 11:19:41 - Finley Shah (Work notes)
Applied standard workaround.",Replaced toner and cleared jam.,true,0,Service Desk|Desktop Support
INC1200744,2026-05-06T15:20:55-04:00,2026-05-08T18:08:48-04:00,,Resolved,3-Moderate,network,vpn,Service Desk,Morgan Voss,VPN disconnects during large file copy,"VPN disconnects during large file copy
Please assist.
Thanks,
Morgan Voss
@example.invalid","2026-05-06 15:20:55 - Morgan Voss (Work notes)
User reports: VPN disconnects during large file copy. Routing toward Service Desk.
2026-05-06 16:20:02 - Morgan Voss (Work notes)
Applied standard workaround.
2026-05-06 17:20:09 - Morgan Voss (Work notes)
Applied standard workaround.",Fixed DNS suffix on VPN adapter.,false,1,Service Desk
INC1200746,2026-08-18T11:08:27-04:00,,,New,3-Moderate,desktop,laptop-hardware,Desktop Support,Cameron Ortiz,MacBook overheats under light load,"MacBook overheats under light load
Please assist.
Thanks,
Cameron Ortiz
@example.invalid",,,,0,Service Desk|Desktop Support
INC1200751,2026-06-18T12:17:19-04:00,2026-06-22T19:37:23-04:00,,Resolved,4-Low,identity,mfa,Service Desk,Casey Quintana,Duo 2FA denied after travel,"Duo 2FA denied after travel
Please assist.
Thanks,
Casey Quintana
@example.invalid","2026-06-18 12:17:19 - Casey Quintana (Work notes)
User reports: Duo 2FA denied after travel. Routing toward Service Desk.
2026-06-18 13:17:26 - Casey Quintana (Work notes)
Escalating to Service Desk.
2026-06-18 14:17:33 - Casey Quintana (Work notes)
Checked mfa path; still failing.",Reset Duo device; enrollment complete.,true,0,Service Desk|Service Desk|Service Desk|Service Desk
INC1200753,2026-06-17T14:10:52-04:00,2026-06-19T02:42:12-04:00,2026-06-19T08:53:57-04:00,Closed,3-Moderate,facilities,other-facilities,Facilities,Sol Vega,Light out near desk,,"2026-06-17 14:10:52 - Sol Vega (Work notes)
User reports: Light out near desk. Routing toward Facilities.",Work order closed with vendor.,true,0,Service Desk|Facilities
INC1200759,2026-05-08T10:04:23-04:00,2026-05-08T14:34:56-04:00,2026-05-09T01:29:04-04:00,Closed,4-Low,desktop,laptop-hardware,Vendor Mgmt,Sutton Grey,Docking station not detecting EliteBook 840,"Docking station not detecting EliteBook 840
Please assist.
Thanks,
Sutton Grey
@example.invalid","2026-05-08 10:04:23 - Sutton Grey (Work notes)
User reports: Docking station not detecting EliteBook 840. Routing toward Vendor Mgmt.
2026-05-08 11:04:30 - Sutton Grey (Work notes)
Applied standard workaround.",Reseated dock; display path restored.,true,0,Vendor Mgmt
INC1200763,2026-06-01T16:17:56-04:00,2026-06-02T10:30:41-04:00,2026-06-02T23:02:53-04:00,Closed,4-Low,identity,password-reset,Service Desk,Morgan Voss,Need password reset for shared kiosk,"Need password reset for shared kiosk
Please assist.
Thanks,
Morgan Voss
@example.invalid","2026-06-01 16:17:56 - Morgan Voss (Work notes)
User reports: Need password reset for shared kiosk. Routing toward Service Desk.
2026-06-01 17:17:03 - Morgan Voss (Work notes)
Escalating to Service Desk.
2026-06-01 18:17:10 - Morgan Voss (Work notes)
Waiting on user callback.",Unlocked account and forced password change.,true,3,Service Desk
INC1200768,2026-08-24T11:09:35-04:00,,,On Hold,3-Moderate,network,other-network,Service Desk,Casey Quintana,Network share unreachable from MacBook,"Network share unreachable from MacBook
Please assist.
Thanks,
Casey Quintana
@example.invalid","2026-08-24 11:09:35 - Casey Quintana (Work notes)
User reports: Network share unreachable from MacBook. Routing toward Service Desk.",,,0,Service Desk|Major Incident|Service Desk
INC1200772,2026-05-26T15:28:01-04:00,2026-05-27T23:59:47-04:00,2026-05-29T02:54:38-04:00,Closed,3-Moderate,network,dns,Service Desk,Jordan Hale,DNS will not resolve internal host,"DNS will not resolve internal host
Please assist.
Thanks,
Jordan Hale
@example.invalid","2026-05-26 15:28:01 - Jordan Hale (Work notes)
User reports: DNS will not resolve internal host. Routing toward Service Desk.
2026-05-26 16:28:08 - Jordan Hale (Work notes)
Waiting on user callback.
2026-05-26 17:28:15 - Jordan Hale (Work notes)
Escalating to Service Desk.",Flushed DNS; internal zones resolve.,true,0,Service Desk
INC1200779,2026-08-19T13:53:55-04:00,,,New,1-Critical,app,zoom-teams,App Support,Shay Ortega,Teams will not join from laptop,"Teams will not join from laptop
Please assist.
Thanks,
Shay Ortega
@example.invalid",,,,0,Service Desk|Major Incident|App Support
INC1200782,2026-03-31T11:13:39-04:00,2026-04-07T04:38:30-04:00,,Resolved,3-Moderate,identity,account-lockout,Identity/IAM,Sloane Adler,AD account disabled after password spray lockout,"AD account disabled after password spray lockout
Please assist.
Thanks,
Sloane Adler
@example.invalid","2026-03-31 11:13:39 - Sloane Adler (Work notes)
User reports: AD account disabled after password spray lockout. Routing toward Identity/IAM.
2026-03-31 12:13:46 - Sloane Adler (Work notes)
Escalating to Identity/IAM.
2026-03-31 13:13:53 - Sloane Adler (Work notes)
Applied standard workaround.",Unlocked AD account; advised password hygiene.,false,0,Service Desk|Identity/IAM
INC1200783,2026-05-05T09:12:40-04:00,2026-05-07T04:25:24-04:00,2026-05-13T01:12:58-04:00,Closed,4-Low,network,vpn,Network Ops,Logan West,Cannot reach SAP over VPN client,"Cannot reach SAP over VPN client
Please assist.
Thanks,
Logan West
@example.invalid","2026-05-05 09:12:40 - Logan West (Work notes)
User reports: Cannot reach SAP over VPN client. Routing toward Network Ops.",VPN profile rebuilt; tunnel stable.,true,0,Network Ops
INC1200784,2026-08-12T15:58:08-04:00,2026-08-13T09:39:39-04:00,2026-08-13T14:29:56-04:00,Closed,3-Moderate,desktop,os-software,Desktop Support,Reese Dalton,VPN disconnects during large file copy,"VPN disconnects during large file copy
Please assist.
Thanks,
Reese Dalton
@example.invalid","2026-08-12 15:58:08 - Reese Dalton (Work notes)
User reports: VPN disconnects during large file copy. Routing toward Desktop Support.
2026-08-12 16:58:15 - Reese Dalton (Work notes)
Escalating to Desktop Support.",Completed patch and verified BitLocker.,true,0,Service Desk|Desktop Support
INC1200790,2026-03-12T10:03:15-04:00,2026-03-14T13:37:05-04:00,2026-03-15T00:11:56-04:00,Closed,4-Low,network,dns,Service Desk,Jordan Hale,Cannot resolve printer hostname,"Cannot resolve printer hostname
Please assist.
Thanks,
Jordan Hale
@example.invalid",,Flushed DNS; internal zones resolve.,true,0,Service Desk|Vendor Mgmt|Service Desk
INC1200791,2026-04-23T14:50:45-04:00,2026-04-29T12:53:11-04:00,2026-04-29T21:36:28-04:00,Closed,3-Moderate,facilities,badge-access,Facilities,Lane Ortiz,Badge reader at Building North door will not beep,"Badge reader at Building North door will not beep
Please assist.
Thanks,
Lane Ortiz
@example.invalid","2026-04-23 14:50:45 - Lane Ortiz (Work notes)
User reports: Badge reader at Building North door will not beep. Routing toward Facilities.
2026-04-23 15:50:52 - Lane Ortiz (Work notes)
Checked badge-access path; still failing.",Badge recoded; reader tested.,false,0,Service Desk|Facilities
INC1200798,2026-06-01T11:51:31-04:00,2026-06-07T03:45:41-04:00,2026-06-07T12:08:30-04:00,Closed,4-Low,desktop,os-software,Desktop Support,Parker Singh,Software center missing required app on MacBook,"Software center missing required app on MacBook
Please assist.
Thanks,
Parker Singh
@example.invalid","2026-06-01 11:51:31 - Parker Singh (Work notes)
User reports: Software center missing required app on MacBook. Routing toward Desktop Support.
2026-06-01 12:51:38 - Parker Singh (Work notes)
Escalating to Desktop Support.",Completed patch and verified BitLocker.,false,1,Service Desk|Desktop Support
INC1200803,2026-06-18T15:40:43-04:00,2026-06-23T13:35:09-04:00,2026-06-24T15:05:36-04:00,Closed,4-Low,identity,mfa,Service Desk,Blake Ibarra,Duo 2FA denied after travel,"Duo 2FA denied after travel
Please assist.
Thanks,
Blake Ibarra
@example.invalid","2026-06-18 15:40:43 - Blake Ibarra (Work notes)
User reports: Duo 2FA denied after travel. Routing toward Service Desk.",Resynced TOTP; MFA prompt succeeds.,true,1,Service Desk|Identity/IAM|Service Desk
INC1200805,2026-05-11T09:29:49-04:00,2026-05-11T19:35:22-04:00,2026-05-15T09:35:16-04:00,Closed,3-Moderate,facilities,badge-access,Facilities,Indigo Walsh,Badge reader at Building A door will not beep,,"2026-05-11 09:29:49 - Indigo Walsh (Work notes)
User reports: Badge reader at Building A door will not beep. Routing toward Facilities.
2026-05-11 10:29:56 - Indigo Walsh (Work notes)
Applied standard workaround.
2026-05-11 11:29:03 - Indigo Walsh (Work notes)
Checked badge-access path; still failing.",Badge recoded; reader tested.,true,0,Service Desk|Facilities
INC1200809,2026-03-10T10:10:43-04:00,2026-03-12T10:05:34-04:00,2026-03-12T16:15:25-04:00,Closed,3-Moderate,facilities,badge-access,Facilities,Indigo Walsh,New badge not provisioned,"New badge not provisioned
Please assist.
Thanks,
Indigo Walsh
@example.invalid","2026-03-10 10:10:43 - Indigo Walsh (Work notes)
User reports: New badge not provisioned. Routing toward Facilities.
2026-03-10 11:10:50 - Indigo Walsh (Work notes)
Applied standard workaround.
2026-03-10 12:10:57 - Indigo Walsh (Work notes)
Escalating to Service Desk.",Door controller reset.,true,0,Service Desk|Facilities|Service Desk|Facilities
INC1200816,2026-07-13T11:41:29-04:00,2026-07-13T22:28:07-04:00,2026-07-15T22:21:56-04:00,Closed,4-Low,identity,password-reset,Identity/IAM,Sloane Adler,User forgot password after leave,"User forgot password after leave
Please assist.
Thanks,
Sloane Adler
@example.invalid","2026-07-13 11:41:29 - Sloane Adler (Work notes)
User reports: User forgot password after leave. Routing toward Identity/IAM.
2026-07-13 12:41:36 - Sloane Adler (Work notes)
Waiting on user callback.
2026-07-13 13:41:43 - Sloane Adler (Work notes)
Escalating to Identity/IAM.",Password reset completed; user logged on.,true,0,Service Desk|Identity/IAM
INC1200822,2026-03-21T11:29:45-04:00,2026-03-24T18:27:26-04:00,2026-03-25T23:23:13-04:00,Closed,4-Low,identity,mfa,Service Desk,Drew Kimura,VPN client drops every few minutes,"VPN client drops every few minutes
Please assist.
Thanks,
Drew Kimura
@example.invalid","2026-03-21 11:29:45 - Drew Kimura (Work notes)
User reports: VPN client drops every few minutes. Routing toward Service Desk.",Resynced TOTP; MFA prompt succeeds.,true,0,Service Desk|Service Desk|Service Desk|Service Desk
INC1200823,2026-05-04T09:01:06-04:00,2026-05-08T01:44:14-04:00,2026-05-08T03:04:44-04:00,Closed,3-Moderate,desktop,peripheral,Desktop Support,Finley Shah,Headset mute button not working,"Headset mute button not working
Please assist.
Thanks,
Finley Shah
@example.invalid","2026-05-04 09:01:06 - Finley Shah (Work notes)
User reports: Headset mute button not working. Routing toward Desktop Support.",Updated dock firmware.,false,0,Service Desk|Desktop Support|Service Desk|Desktop Support
INC1200826,2026-08-24T13:29:34-04:00,2026-08-25T07:26:50-04:00,2026-08-25T20:49:44-04:00,Closed,4-Low,facilities,badge-access,Facilities,River Santos,Badge reader at Building A door will not beep,"Badge reader at Building A door will not beep
Please assist.
Thanks,
River Santos
@example.invalid","2026-08-24 13:29:34 - River Santos (Work notes)
User reports: Badge reader at Building A door will not beep. Routing toward Facilities.
2026-08-24 14:29:41 - River Santos (Work notes)
Waiting on user callback.
2026-08-24 15:29:48 - River Santos (Work notes)
Applied standard workaround.",Badge recoded; reader tested.,true,0,Service Desk|Facilities
INC1200828,2026-03-26T15:28:37-04:00,2026-03-26T22:30:17-04:00,2026-03-27T05:28:34-04:00,Closed,2-High,desktop,other-desktop,Service Desk,Morgan Voss,Mapped network drive missing at logon,"Mapped network drive missing at logon
Please assist.
Thanks,
Morgan Voss
@example.invalid",,Rebuilt profile; network drive mapped.,true,0,App Support|Service Desk
INC1200831,2026-03-20T10:33:55-04:00,2026-03-21T10:12:24-04:00,2026-03-21T14:13:33-04:00,Closed,3-Moderate,identity,account-lockout,Service Desk,Drew Kimura,AD account disabled after password spray lockout,"AD account disabled after password spray lockout
Please assist.
Thanks,
Drew Kimura
@example.invalid","2026-03-20 10:33:55 - Drew Kimura (Work notes)
User reports: AD account disabled after password spray lockout. Routing toward Service Desk.",Unlocked AD account; advised password hygiene.,true,0,Service Desk|Identity/IAM|Service Desk
INC1200833,2026-03-05T15:41:07-05:00,2026-03-06T00:51:18-05:00,,Resolved,3-Moderate,desktop,laptop-hardware,Desktop Support,Parker Singh,Cannot boot MacBook after weekend patch,"Cannot boot MacBook after weekend patch
Please assist.
Thanks,
Parker Singh
@example.invalid","2026-03-05 15:41:07 - Parker Singh (Work notes)
User reports: Cannot boot MacBook after weekend patch. Routing toward Desktop Support.",Replaced charger and retested battery.,true,0,Service Desk|Desktop Support
INC1200836,2026-04-15T13:26:42-04:00,2026-04-18T09:44:13-04:00,2026-04-19T03:00:36-04:00,Closed,4-Low,facilities,workspace,Facilities,Lane Ortiz,Chair hydraulic failed,,"2026-04-15 13:26:42 - Lane Ortiz (Work notes)
User reports: Chair hydraulic failed. Routing toward Facilities.
2026-04-15 14:26:49 - Lane Ortiz (Work notes)
Applied standard workaround.",Chair replaced.,true,0,Service Desk|Facilities
INC1200837,2026-08-26T09:22:19-04:00,,,New,4-Low,desktop,other-desktop,Desktop Support,Reese Dalton,Local admin rights needed for vendor tool,"Local admin rights needed for vendor tool
Please assist.
Thanks,
Reese Dalton
@example.invalid",,,,0,Service Desk|Desktop Support|Service Desk|Desktop Support
INC1200844,2026-03-26T14:41:15-04:00,2026-03-28T08:05:27-04:00,2026-03-28T10:00:56-04:00,Closed,4-Low,identity,account-lockout,Security Ops,Chris Adelman,Account lockout repeating every hour,"Account lockout repeating every hour
Please assist.
Thanks,
Chris Adelman
@example.invalid","2026-03-26 14:41:15 - Chris Adelman (Work notes)
User reports: Account lockout repeating every hour. Routing toward Security Ops.
2026-03-26 15:41:22 - Chris Adelman (Work notes)
Escalating to Security Ops.
2026-03-26 16:41:29 - Chris Adelman (Work notes)
Waiting on user callback.",Unlocked AD account; advised password hygiene.,true,0,Service Desk|Security Ops
INC1200849,2026-07-18T16:39:06-04:00,,,On Hold,4-Low,desktop,laptop-hardware,Facilities,Sol Vega,Laptop will not boot — ThinkPad T14 will not wake,"Laptop will not boot — ThinkPad T14 will not wake
Please assist.
Thanks,
Sol Vega
@example.invalid","2026-07-18 16:39:06 - Sol Vega (Work notes)
User reports: Laptop will not boot — ThinkPad T14 will not wake. Routing toward Facilities.
2026-07-18 17:39:13 - Sol Vega (Work notes)
Applied standard workaround.",,,0,Facilities
INC1200852,2026-05-06T02:11:35-04:00,2026-05-06T14:04:55-04:00,2026-05-07T06:40:37-04:00,Closed,3-Moderate,network,vpn,Network Ops,Skyler Bond,VPN tunnel up but no internal DNS,"VPN tunnel up but no internal DNS
Please assist.
Thanks,
Skyler Bond
@example.invalid",,VPN profile rebuilt; tunnel stable.,true,2,Service Desk|Network Ops
INC1200859,2026-06-25T15:46:10-04:00,2026-06-26T23:52:11-04:00,2026-06-27T18:17:24-04:00,Closed,4-Low,facilities,other-facilities,Service Desk,Jordan Hale,Light out near desk,"Light out near desk
Please assist.
Thanks,
Jordan Hale
@example.invalid","2026-06-25 15:46:10 - Jordan Hale (Work notes)
User reports: Light out near desk. Routing toward Service Desk.
2026-06-25 16:46:17 - Jordan Hale (Work notes)
Escalating to Service Desk.
2026-06-25 17:46:24 - Jordan Hale (Work notes)
Applied standard workaround.",Work order closed with vendor.,true,0,Service Desk
INC1200866,2026-06-01T14:45:43-04:00,2026-06-02T03:35:22-04:00,2026-06-02T10:53:05-04:00,Closed,3-Moderate,network,vpn,Service Desk,Drew Kimura,AnyConnect error after password change,"AnyConnect error after password change
Please assist.
Thanks,
Drew Kimura
@example.invalid","2026-06-01 14:45:43 - Drew Kimura (Work notes)
User reports: AnyConnect error after password change. Routing toward Service Desk.",Fixed DNS suffix on VPN adapter.,true,0,Service Desk|Service Desk|Service Desk
INC1200872,2026-06-12T10:18:21-04:00,2026-06-14T03:30:17-04:00,2026-06-15T01:03:30-04:00,Closed,4-Low,desktop,other-desktop,Major Incident,Marlowe Quinn,Slow logon on Latitude 5540,"Slow logon on Latitude 5540
Please assist.
Thanks,
Marlowe Quinn
@example.invalid",,Rebuilt profile; network drive mapped.,true,0,Major Incident
INC1200879,2026-02-26T15:54:47-05:00,2026-02-27T10:26:25-05:00,2026-02-28T20:09:52-05:00,Closed,3-Moderate,desktop,other-desktop,Desktop Support,Parker Singh,Mapped network drive missing at logon,"Mapped network drive missing at logon
Please assist.
Thanks,
Parker Singh
@example.invalid","2026-02-26 15:54:47 - Parker Singh (Work notes)
User reports: Mapped network drive missing at logon. Routing toward Desktop Support.
2026-02-26 16:54:54 - Parker Singh (Work notes)
Applied standard workaround.",Rebuilt profile; network drive mapped.,true,0,Service Desk|Desktop Support
INC1200884,2026-06-03T14:53:24-04:00,2026-06-14T14:43:02-04:00,,Resolved,3-Moderate,network,wifi,Network Ops,Skyler Bond,DHCP not assigning on wifi,"DHCP not assigning on wifi
Please assist.
Thanks,
Skyler Bond
@example.invalid","2026-06-03 14:53:24 - Skyler Bond (Work notes)
User reports: DHCP not assigning on wifi. Routing toward Network Ops.",AP reset on Floor — signal restored.,false,0,Service Desk|Network Ops|Service Desk|Network Ops
INC1200885,2026-07-29T11:57:05-04:00,2026-07-30T06:14:00-04:00,2026-07-30T22:13:16-04:00,Closed,3-Moderate,app,outlook,Collaboration Services,Taryn Bell,Outlook not sending; mailbox full,,"2026-07-29 11:57:05 - Taryn Bell (Work notes)
User reports: Outlook not sending; mailbox full. Routing toward Collaboration Services.
2026-07-29 12:57:12 - Taryn Bell (Work notes)
Applied standard workaround.
2026-07-29 13:57:19 - Taryn Bell (Work notes)
Applied standard workaround.",Remapped shared mailbox.,true,0,Service Desk|Collaboration Services
INC1200889,2026-08-11T14:01:06-04:00,2026-08-15T23:21:40-04:00,2026-08-16T08:53:12-04:00,Closed,4-Low,network,wifi,Network Ops,Logan West,Poor wifi near conference room 4,"Poor wifi near conference room 4
Please assist.
Thanks,
Logan West
@example.invalid","2026-08-11 14:01:06 - Logan West (Work notes)
User reports: Poor wifi near conference room 4. Routing toward Network Ops.
2026-08-11 15:01:13 - Logan West (Work notes)
Waiting on user callback.
2026-08-11 16:01:20 - Logan West (Work notes)
Checked wifi path; still failing.",Reprovisioned SSID profile.,true,0,Service Desk|Network Ops|Service Desk|Network Ops
INC1200896,2026-07-23T02:51:50-04:00,,,On Hold,3-Moderate,network,wan-lan,Service Desk,Quinn Patel,Wired port dead at desk,,"2026-07-23 02:51:50 - Quinn Patel (Work notes)
User reports: Wired port dead at desk. Routing toward Service Desk.",,,0,Service Desk
INC1200897,2026-04-29T09:23:40-04:00,2026-04-30T04:10:34-04:00,2026-04-30T13:54:06-04:00,Closed,2-High,app,sap,Service Desk,Jordan Hale,SAP GUI timeout on tcode SU01,"SAP GUI timeout on tcode SU01
Please assist.
Thanks,
Jordan Hale
@example.invalid",,SAP role provisioned; tcode authorized.,false,0,Service Desk|App Support|Service Desk
INC1200904,2026-03-27T16:46:02-04:00,2026-03-29T03:21:02-04:00,2026-03-29T23:01:43-04:00,Closed,3-Moderate,app,web-app,App Support,Shay Ortega,Page timeout in Chrome after lunch,"Page timeout in Chrome after lunch
Please assist.
Thanks,
Shay Ortega
@example.invalid","2026-03-27 16:46:02 - Shay Ortega (Work notes)
User reports: Page timeout in Chrome after lunch. Routing toward App Support.
2026-03-27 17:46:09 - Shay Ortega (Work notes)
Escalating to App Support.
2026-03-27 18:46:16 - Shay Ortega (Work notes)
Checked web-app path; still failing.",Cleared SSO cookies; Chrome sign-in works.,true,0,Service Desk|App Support
INC1200908,2026-06-11T12:22:44-04:00,2026-06-12T12:57:51-04:00,2026-06-12T17:01:33-04:00,Closed,3-Moderate,app,outlook,App Support,Jules Navarro,Shared mailbox missing after migration,"Shared mailbox missing after migration
Please assist.
Thanks,
Jules Navarro
@example.invalid",,Remapped shared mailbox.,true,0,Service Desk|App Support
INC1200909,2026-07-01T14:14:19-04:00,2026-07-01T14:47:29-04:00,2026-07-03T06:43:49-04:00,Closed,2-High,identity,mfa,Service Desk,Rowan Ellis,MFA device lost; need reset,,"2026-07-01 14:14:19 - Rowan Ellis (Work notes)
User reports: MFA device lost; need reset. Routing toward Service Desk.
2026-07-01 15:14:26 - Rowan Ellis (Work notes)
Checked mfa path; still failing. ad\jhale419",Resynced TOTP; MFA prompt succeeds.,true,0,Service Desk
INC1200914,2026-07-08T10:07:49-04:00,2026-07-08T20:01:08-04:00,2026-07-09T09:24:45-04:00,Closed,3-Moderate,network,vpn,Network Ops,Hayden Cruz,Split tunnel missing file share over VPN,"Split tunnel missing file share over VPN
Please assist.
Thanks,
Hayden Cruz
@example.invalid","2026-07-08 10:07:49 - Hayden Cruz (Work notes)
User reports: Split tunnel missing file share over VPN. Routing toward Network Ops.",Reset AnyConnect and refreshed cert.,true,0,Service Desk|Network Ops
INC1200921,2026-05-07T13:21:05-04:00,2026-06-01T11:16:51-04:00,2026-06-02T10:29:01-04:00,Closed,4-Low,network,vpn,Network Ops,Logan West,VPN client drops every few minutes,"VPN client drops every few minutes
Please assist.
Thanks,
Logan West
@example.invalid","2026-05-07 13:21:05 - Logan West (Work notes)
User reports: VPN client drops every few minutes. Routing toward Network Ops.
2026-05-07 14:21:12 - Logan West (Work notes)
Checked vpn path; still failing.",Fixed DNS suffix on VPN adapter.,false,0,Service Desk|Network Ops|Service Desk|Network Ops
INC1200927,2026-07-03T09:57:06-04:00,2026-07-04T15:35:10-04:00,2026-07-04T17:41:31-04:00,Closed,3-Moderate,desktop,laptop-hardware,Service Desk,Quinn Patel,Laptop charger not seating; battery icon missing,"Laptop charger not seating; battery icon missing
Please assist.
Thanks,
Quinn Patel
@example.invalid",,Reseated dock; display path restored.,true,0,Service Desk
INC1200928,2026-04-06T13:26:18-04:00,2026-04-06T19:48:06-04:00,2026-04-07T14:20:28-04:00,Closed,3-Moderate,desktop,os-software,Desktop Support,Cameron Ortiz,OS freeze / blue screen on EliteBook 840,"OS freeze / blue screen on EliteBook 840
Please assist.
Thanks,
Cameron Ortiz
@example.invalid",,Repaired Chrome install.,true,0,Service Desk|Desktop Support
INC1200933,2026-04-13T15:11:49-04:00,2026-04-16T12:25:38-04:00,2026-04-17T06:09:06-04:00,Closed,3-Moderate,identity,access-request,Major Incident,Lennox Hart,Access request for distribution list,"Access request for distribution list
Please assist.
Thanks,
Lennox Hart
@example.invalid","2026-04-13 15:11:49 - Lennox Hart (Work notes)
User reports: Access request for distribution list. Routing toward Major Incident.
2026-04-13 16:11:56 - Lennox Hart (Work notes)
Applied standard workaround.
2026-04-13 17:11:03 - Lennox Hart (Work notes)
Applied standard workaround.",Added to Okta group / distribution list.,false,0,Major Incident
INC1200939,2026-04-23T09:36:58-04:00,2026-04-23T17:24:41-04:00,2026-04-23T21:36:23-04:00,Closed,3-Moderate,app,zoom-teams,Collaboration Services,Taryn Bell,Teams presence stuck offline,"Teams presence stuck offline
Please assist.
Thanks,
Taryn Bell
@example.invalid",,Reinstalled Zoom client; audio device set.,true,0,Service Desk|Collaboration Services
INC1200942,2026-03-16T11:51:18-04:00,2026-03-21T13:08:18-04:00,,Resolved,3-Moderate,app,outlook,Collaboration Services,Wynn Foster,Shared mailbox missing after migration,"Shared mailbox missing after migration
Please assist.
Thanks,
Wynn Foster
@example.invalid","2026-03-16 11:51:18 - Wynn Foster (Work notes)
User reports: Shared mailbox missing after migration. Routing toward Collaboration Services.
2026-03-16 12:51:25 - Wynn Foster (Work notes)
Escalating to Collaboration Services.",Remapped shared mailbox.,false,0,Service Desk|Collaboration Services|Service Desk|Collaboration Services
INC1200948,2026-06-16T10:21:18-04:00,2026-06-27T07:02:55-04:00,2026-06-27T08:49:03-04:00,Closed,4-Low,desktop,peripheral,Desktop Support,Finley Shah,Second monitor no signal after dock swap,"Second monitor no signal after dock swap
Please assist.
Thanks,
Finley Shah
@example.invalid","2026-06-16 10:21:18 - Finley Shah (Work notes)
User reports: Second monitor no signal after dock swap. Routing toward Desktop Support.
2026-06-16 11:21:25 - Finley Shah (Work notes)
Checked peripheral path; still failing.
2026-06-16 12:21:32 - Finley Shah (Work notes)
Checked peripheral path; still failing.",Swapped headset; mute works.,false,0,Service Desk|Desktop Support|Service Desk|Desktop Support
INC1200952,2026-05-04T20:39:15-04:00,2026-05-05T08:08:41-04:00,2026-05-05T18:23:43-04:00,Closed,3-Moderate,desktop,os-software,Desktop Support,Cameron Ortiz,Windows update stuck at 87% on Latitude 5540,"Windows update stuck at 87% on Latitude 5540
Please assist.
Thanks,
Cameron Ortiz
@example.invalid","2026-05-04 20:39:15 - Cameron Ortiz (Work notes)
User reports: Windows update stuck at 87% on Latitude 5540. Routing toward Desktop Support.
2026-05-04 21:39:22 - Cameron Ortiz (Work notes)
Escalating to Desktop Support.
2026-05-04 22:39:29 - Cameron Ortiz (Work notes)
Checked os-software path; still failing.",Repaired Chrome install.,true,0,Service Desk|Desktop Support
INC1200954,2026-05-06T02:43:24-04:00,2026-05-06T11:59:12-04:00,2026-05-06T20:32:32-04:00,Closed,3-Moderate,identity,mfa,Security Ops,Chris Adelman,TOTP out of sync after clock change,,"2026-05-06 02:43:24 - Chris Adelman (Work notes)
User reports: TOTP out of sync after clock change. Routing toward Security Ops.
2026-05-06 03:43:31 - Chris Adelman (Work notes)
Waiting on user callback.",Resynced TOTP; MFA prompt succeeds.,true,0,Service Desk|Security Ops
INC1200956,2026-08-27T15:00:28-04:00,,,New,3-Moderate,network,wifi,Vendor Mgmt,Ellis Prado,Poor wifi near conference room 8,"Poor wifi near conference room 8
Please assist.
Thanks,
Ellis Prado
@example.invalid","2026-08-27 15:00:28 - Ellis Prado (Work notes)
User reports: Poor wifi near conference room 8. Routing toward Vendor Mgmt.",,,0,Service Desk|Vendor Mgmt
INC1200963,2026-06-21T09:14:13-04:00,2026-06-24T15:47:22-04:00,2026-06-25T03:13:56-04:00,Closed,4-Low,desktop,os-software,Desktop Support,Harper Nunez,Chrome will not start after update on Surface Laptop,"Chrome will not start after update on Surface Laptop
Please assist.
Thanks,
Harper Nunez
@example.invalid","2026-06-21 09:14:13 - Harper Nunez (Work notes)
User reports: Chrome will not start after update on Surface Laptop. Routing toward Desktop Support.
2026-06-21 10:14:20 - Harper Nunez (Work notes)
Checked os-software path; still failing.
2026-06-21 11:14:27 - Harper Nunez (Work notes)
Waiting on user callback.",Cleared update cache; reboot succeeded.,true,0,Service Desk|Desktop Support
INC1200967,2026-05-07T07:33:09-04:00,2026-05-09T11:06:11-04:00,,Resolved,4-Low,network,vpn,Network Ops,Hayden Cruz,VPN client will not launch on Latitude 5540,"VPN client will not launch on Latitude 5540
Please assist.
Thanks,
Hayden Cruz
@example.invalid","2026-05-07 07:33:09 - Hayden Cruz (Work notes)
User reports: VPN client will not launch on Latitude 5540. Routing toward Network Ops.
2026-05-07 08:33:16 - Hayden Cruz (Work notes)
Waiting on user callback.",Reset AnyConnect and refreshed cert.,true,1,Service Desk|Network Ops|Service Desk|Network Ops
INC1200971,2026-04-01T14:59:19-04:00,2026-04-02T04:41:27-04:00,2026-04-02T10:04:48-04:00,Closed,3-Moderate,app,zoom-teams,App Support,Remy Cole,Teams will not join from laptop,"Teams will not join from laptop
Please assist.
Thanks,
Remy Cole
@example.invalid","2026-04-01 14:59:19 - Remy Cole (Work notes)
User reports: Teams will not join from laptop. Routing toward App Support.
2026-04-01 15:59:26 - Remy Cole (Work notes)
Waiting on user callback.",Reinstalled Zoom client; audio device set.,true,0,Service Desk|Collaboration Services|Service Desk|App Support|App Support
INC1200976,2026-08-10T08:57:32-04:00,2026-08-16T00:13:08-04:00,2026-08-16T06:07:08-04:00,Closed,4-Low,identity,password-reset,Identity/IAM,Eden Park,Password expired; cannot log on,,"2026-08-10 08:57:32 - Eden Park (Work notes)
User reports: Password expired; cannot log on. Routing toward Identity/IAM.",Unlocked account and forced password change.,false,0,Service Desk|Identity/IAM|Service Desk|Identity/IAM
INC1200983,2026-08-25T14:43:33-04:00,2026-08-26T02:45:07-04:00,2026-08-26T15:23:08-04:00,Closed,4-Low,app,zoom-teams,Collaboration Services,Wynn Foster,Teams will not join from laptop,"Teams will not join from laptop
Please assist.
Thanks,
Wynn Foster
@example.invalid","2026-08-25 14:43:33 - Wynn Foster (Work notes)
User reports: Teams will not join from laptop. Routing toward Collaboration Services.
2026-08-25 15:43:40 - Wynn Foster (Work notes)
Checked zoom-teams path; still failing.
2026-08-25 16:43:47 - Wynn Foster (Work notes)
Escalating to Collaboration Services.",Teams cache cleared.,true,0,Service Desk|Collaboration Services
INC1200986,2026-03-24T21:22:53-04:00,2026-03-31T07:49:27-04:00,2026-03-31T12:26:30-04:00,Closed,4-Low,app,web-app,App Support,Remy Cole,Cannot sign in to web app after MFA prompt,"Cannot sign in to web app after MFA prompt
Please assist.
Thanks,
Remy Cole
@example.invalid",,Cleared SSO cookies; Chrome sign-in works.,false,0,Service Desk|App Support|Service Desk|App Support
INC1200990,2026-04-01T13:16:29-04:00,2026-04-01T22:39:21-04:00,2026-04-03T14:39:49-04:00,Closed,3-Moderate,facilities,badge-access,Service Desk,Sage Okonkwo,Badge reader at Building A door will not beep,"Badge reader at Building A door will not beep
Please assist.
Thanks,
Sage Okonkwo
@example.invalid","2026-04-01 13:16:29 - Sage Okonkwo (Work notes)
User reports: Badge reader at Building A door will not beep. Routing toward Service Desk.
2026-04-01 14:16:36 - Sage Okonkwo (Work notes)
Escalating to Facilities.
2026-04-01 15:16:43 - Sage Okonkwo (Work notes)
Escalating to Service Desk.",Badge recoded; reader tested.,true,0,Service Desk|Facilities|Service Desk|Service Desk
INC1200994,2026-03-14T09:06:40-04:00,2026-03-14T21:51:53-04:00,,Resolved,4-Low,facilities,badge-access,Facilities,Lane Ortiz,Door lock stuck after badge tap,"Door lock stuck after badge tap
Please assist.
Thanks,
Lane Ortiz
@example.invalid","2026-03-14 09:06:40 - Lane Ortiz (Work notes)
User reports: Door lock stuck after badge tap. Routing toward Facilities.
2026-03-14 10:06:47 - Lane Ortiz (Work notes)
Applied standard workaround.",Badge recoded; reader tested.,true,1,Service Desk|Facilities
INC1201001,2026-07-08T03:57:27-04:00,2026-07-08T13:15:34-04:00,2026-07-08T20:23:05-04:00,Closed,3-Moderate,app,outlook,Collaboration Services,Wynn Foster,Cannot search mailbox after weekend,"Cannot search mailbox after weekend
Please assist.
Thanks,
Wynn Foster
@example.invalid","2026-07-08 03:57:27 - Wynn Foster (Work notes)
User reports: Cannot search mailbox after weekend. Routing toward Collaboration Services.
2026-07-08 04:57:34 - Wynn Foster (Work notes)
Waiting on user callback.
2026-07-08 05:57:41 - Wynn Foster (Work notes)
Applied standard workaround.",Mailbox quota increased; Outlook sending.,true,0,Service Desk|Collaboration Services
INC1201005,2026-07-21T09:43:18-04:00,2026-07-22T17:14:07-04:00,2026-07-22T18:39:38-04:00,Closed,3-Moderate,identity,password-reset,Identity/IAM,Eden Park,Password expired; cannot log on,"Password expired; cannot log on
Please assist.
Thanks,
Eden Park
@example.invalid","2026-07-21 09:43:18 - Eden Park (Work notes)
User reports: Password expired; cannot log on. Routing toward Identity/IAM.",Password reset completed; user logged on.,true,0,Service Desk|Identity/IAM
INC1201010,2026-07-02T22:43:38-04:00,2026-07-03T00:06:38-04:00,2026-07-04T13:57:58-04:00,Closed,3-Moderate,identity,password-reset,Major Incident,Lennox Hart,Need password reset for shared kiosk,,"2026-07-02 22:43:38 - Lennox Hart (Work notes)
User reports: Need password reset for shared kiosk. Routing toward Major Incident.
2026-07-02 23:43:45 - Lennox Hart (Work notes)
Waiting on user callback.",Unlocked account and forced password change.,true,0,Major Incident|Major Incident
INC1201016,2026-04-22T14:13:11-04:00,2026-04-23T03:34:59-04:00,2026-04-23T06:36:05-04:00,Closed,3-Moderate,identity,password-reset,Service Desk,Sage Okonkwo,User forgot password after leave,"User forgot password after leave
Please assist.
Thanks,
Sage Okonkwo
@example.invalid","2026-04-22 14:13:11 - Sage Okonkwo (Work notes)
User reports: User forgot password after leave. Routing toward Service Desk.
2026-04-22 15:13:18 - Sage Okonkwo (Work notes)
Waiting on user callback.
2026-04-22 16:13:25 - Sage Okonkwo (Work notes)
Applied standard workaround.",Unlocked account and forced password change.,true,0,Service Desk
INC1201022,2026-08-10T14:10:04-04:00,2026-08-11T06:23:31-04:00,2026-08-11T11:34:21-04:00,Closed,3-Moderate,desktop,os-software,Desktop Support,Cameron Ortiz,Software center missing required app on EliteBook 840,"Software center missing required app on EliteBook 840
Please assist.
Thanks,
Cameron Ortiz
@example.invalid","2026-08-10 14:10:04 - Cameron Ortiz (Work notes)
User reports: Software center missing required app on EliteBook 840. Routing toward Desktop Support.
2026-08-10 15:10:11 - Cameron Ortiz (Work notes)
Applied standard workaround.
2026-08-10 16:10:18 - Cameron Ortiz (Work notes)
Checked os-software path; still failing.",Cleared update cache; reboot succeeded.,true,0,Service Desk|Desktop Support
INC1201024,2026-08-10T13:30:42-04:00,,,On Hold,3-Moderate,desktop,peripheral,Desktop Support,Harper Nunez,Headset mute button not working,"Headset mute button not working
Please assist.
Thanks,
Harper Nunez
@example.invalid","2026-08-10 13:30:42 - Harper Nunez (Work notes)
User reports: Headset mute button not working. Routing toward Desktop Support.",,,1,Service Desk|Desktop Support|Service Desk|Desktop Support
INC1201028,2026-05-10T08:18:26-04:00,2026-05-10T23:27:04-04:00,2026-05-12T10:27:39-04:00,Closed,3-Moderate,desktop,laptop-hardware,Service Desk,Casey Quintana,Laptop will not boot — Surface Laptop will not wake,,"2026-05-10 08:18:26 - Casey Quintana (Work notes)
User reports: Laptop will not boot — Surface Laptop will not wake. Routing toward Service Desk.",Replaced charger and retested battery.,true,0,Service Desk|Desktop Support|Service Desk
INC1201033,2026-05-25T09:37:02-04:00,2026-05-25T12:51:15-04:00,2026-05-25T13:23:51-04:00,Closed,2-High,desktop,peripheral,Service Desk,Morgan Voss,Second monitor no signal after dock swap,"Second monitor no signal after dock swap
Please assist.
Thanks,
Morgan Voss
@example.invalid","2026-05-25 09:37:02 - Morgan Voss (Work notes)
User reports: Second monitor no signal after dock swap. Routing toward Service Desk.
2026-05-25 10:37:09 - Morgan Voss (Work notes)
Escalating to Endpoint Engineering.
2026-05-25 11:37:16 - Morgan Voss (Work notes)
Checked peripheral path; still failing.",Swapped headset; mute works.,true,0,Service Desk|Endpoint Engineering|Service Desk
INC1201039,2026-07-08T09:46:21-04:00,2026-07-10T08:31:00-04:00,2026-07-11T21:51:16-04:00,Closed,4-Low,identity,mfa,Identity/IAM,Phoenix Lee,Duo 2FA denied after travel,"Duo 2FA denied after travel
Please assist.
Thanks,
Phoenix Lee
@example.invalid","2026-07-08 09:46:21 - Phoenix Lee (Work notes)
User reports: Duo 2FA denied after travel. Routing toward Identity/IAM.
2026-07-08 10:46:28 - Phoenix Lee (Work notes)
Escalating to Identity/IAM.
2026-07-08 11:46:35 - Phoenix Lee (Work notes)
Waiting on user callback.",Reset Duo device; enrollment complete.,true,0,Service Desk|Identity/IAM
INC1201042,2026-08-20T09:24:24-04:00,,,New,3-Moderate,desktop,laptop-hardware,Desktop Support,Finley Shah,Keyboard keys sticking on Latitude 5540,"Keyboard keys sticking on Latitude 5540
Please assist.
Thanks,
Finley Shah
@example.invalid","2026-08-20 09:24:24 - Finley Shah (Work notes)
User reports: Keyboard keys sticking on Latitude 5540. Routing toward Desktop Support.",,,0,Service Desk|Desktop Support
INC1201044,2026-07-24T15:25:05-04:00,2026-07-24T20:19:42-04:00,2026-07-25T00:00:53-04:00,Closed,2-High,facilities,hvac,Facilities,Sol Vega,Temperature swing in conference room,"Temperature swing in conference room
Please assist.
Thanks,
Sol Vega
@example.invalid","2026-07-24 15:25:05 - Sol Vega (Work notes)
User reports: Temperature swing in conference room. Routing toward Facilities.",Thermostat reset; temperature stable.,true,0,Service Desk|Facilities
INC1201050,2026-07-15T13:19:27-04:00,2026-07-16T12:57:37-04:00,2026-07-17T05:17:02-04:00,Closed,3-Moderate,identity,account-lockout,Service Desk,Avery Lang,Cannot unlock AD account from Service Desk tool,"Cannot unlock AD account from Service Desk tool
Please assist.
Thanks,
Avery Lang
@example.invalid","2026-07-15 13:19:27 - Avery Lang (Work notes)
User reports: Cannot unlock AD account from Service Desk tool. Routing toward Service Desk.",Unlocked AD account; advised password hygiene.,true,0,Service Desk
INC1201052,2026-04-20T09:54:59-04:00,2026-04-21T01:10:06-04:00,2026-04-21T03:17:38-04:00,Closed,4-Low,identity,password-reset,Service Desk,Avery Lang,Password expired; cannot log on,"Password expired; cannot log on
Please assist.
Thanks,
Avery Lang
@example.invalid",,Unlocked account and forced password change.,true,0,Service Desk
INC1201059,2026-03-13T11:46:21-04:00,2026-03-16T01:52:32-04:00,2026-03-16T11:07:45-04:00,Closed,3-Moderate,desktop,laptop-hardware,Service Desk,Avery Lang,Surface Laptop overheats under light load,"Surface Laptop overheats under light load
Please assist.
Thanks,
Avery Lang
@example.invalid","2026-03-13 11:46:21 - Avery Lang (Work notes)
User reports: Surface Laptop overheats under light load. Routing toward Service Desk.",Imaged laptop; hardware test passed.,false,0,Service Desk|Desktop Support|Service Desk
INC1201061,2026-05-27T14:38:33-04:00,2026-05-28T07:13:07-04:00,2026-05-28T17:00:51-04:00,Closed,4-Low,desktop,laptop-hardware,Endpoint Engineering,Taylor Brooks,Docking station not detecting MacBook,"Docking station not detecting MacBook
Please assist.
Thanks,
Taylor Brooks
@example.invalid","2026-05-27 14:38:33 - Taylor Brooks (Work notes)
User reports: Docking station not detecting MacBook. Routing toward Endpoint Engineering.
2026-05-27 15:38:40 - Taylor Brooks (Work notes)
Checked laptop-hardware path; still failing.",Imaged laptop; hardware test passed.,true,0,Service Desk|Endpoint Engineering
INC1201065,2026-04-09T06:02:08-04:00,2026-04-19T07:11:58-04:00,2026-04-20T07:55:50-04:00,Closed,4-Low,app,web-app,Service Desk,,Cannot sign in to web app after MFA prompt,"Cannot sign in to web app after MFA prompt
Please assist.
Thanks,
End User
@example.invalid","2026-04-09 06:02:08 - Sage Okonkwo (Work notes)
User reports: Cannot sign in to web app after MFA prompt. Routing toward Service Desk.
2026-04-09 07:02:15 - Morgan Voss (Work notes)
Checked web-app path; still failing.",Cleared SSO cookies; Chrome sign-in works.,false,0,Service Desk
INC1201069,2026-07-29T16:48:12-04:00,2026-07-30T07:09:16-04:00,2026-07-31T19:23:15-04:00,Closed,1-Critical,facilities,badge-access,Facilities,Indigo Walsh,New badge not provisioned,"New badge not provisioned
Please assist.
Thanks,
Indigo Walsh
@example.invalid","2026-07-29 16:48:12 - Indigo Walsh (Work notes)
User reports: New badge not provisioned. Routing toward Facilities.",Badge recoded; reader tested.,false,1,Service Desk|Facilities
INC1201070,2026-05-12T08:36:35-04:00,2026-05-19T15:30:13-04:00,,Resolved,4-Low,app,other-app,App Support,,App crash on save,"App crash on save
Please assist.
Thanks,
End User
@example.invalid",,Repaired client install; license refreshed.,false,1,Service Desk|App Support
INC1201075,2026-07-12T06:22:07-04:00,2026-07-14T21:58:16-04:00,2026-07-15T00:18:10-04:00,Closed,4-Low,network,vpn,Service Desk,Riley Cho,VPN tunnel up but no internal DNS,"VPN tunnel up but no internal DNS
Please assist.
Thanks,
Riley Cho
@example.invalid","2026-07-12 06:22:07 - Riley Cho (Work notes)
User reports: VPN tunnel up but no internal DNS. Routing toward Service Desk.",VPN profile rebuilt; tunnel stable.,true,0,Major Incident|Service Desk
INC1201082,2026-03-03T13:59:43-05:00,2026-03-04T22:59:31-05:00,2026-03-05T01:51:09-05:00,Closed,4-Low,network,vpn,Major Incident,Cassidy Rowe,Cannot reach SAP over VPN client,"Cannot reach SAP over VPN client
Please assist.
Thanks,
Cassidy Rowe
@example.invalid","2026-03-03 13:59:43 - Cassidy Rowe (Work notes)
User reports: Cannot reach SAP over VPN client. Routing toward Major Incident.
2026-03-03 14:59:50 - Cassidy Rowe (Work notes)
Waiting on user callback.",Fixed DNS suffix on VPN adapter.,true,0,Service Desk|Major Incident
INC1201089,2026-08-17T11:30:56-04:00,2026-08-19T17:14:20-04:00,2026-08-20T08:31:02-04:00,Closed,3-Moderate,network,vpn,Network Ops,Hayden Cruz,VPN tunnel up but no internal DNS,"VPN tunnel up but no internal DNS
Please assist.
Thanks,
Hayden Cruz
@example.invalid","2026-08-17 11:30:56 - Hayden Cruz (Work notes)
User reports: VPN tunnel up but no internal DNS. Routing toward Network Ops.",VPN profile rebuilt; tunnel stable.,false,0,Service Desk|Service Desk|Network Ops
INC1201096,2026-05-18T10:26:04-04:00,2026-05-18T13:10:48-04:00,2026-05-18T18:38:52-04:00,Closed,3-Moderate,network,wifi,Network Ops,Logan West,Wireless adapter missing after sleep,"Wireless adapter missing after sleep
Please assist.
Thanks,
Logan West
@example.invalid","2026-05-18 10:26:04 - Logan West (Work notes)
User reports: Wireless adapter missing after sleep. Routing toward Network Ops.
2026-05-18 11:26:11 - Logan West (Work notes)
Checked wifi path; still failing.",Replaced wireless driver.,true,0,Service Desk|Network Ops
INC1201103,2026-04-22T17:42:51-04:00,2026-04-23T01:37:35-04:00,2026-04-23T03:59:04-04:00,Closed,1-Critical,identity,password-reset,Major Incident,Marlowe Quinn,Password reset via self-service failed,"Password reset via self-service failed
Please assist.
Thanks,
Marlowe Quinn
@example.invalid","2026-04-22 17:42:51 - Marlowe Quinn (Work notes)
User reports: Password reset via self-service failed. Routing toward Major Incident.
2026-04-22 18:42:58 - Marlowe Quinn (Work notes)
Checked password-reset path; still failing.
2026-04-22 19:42:05 - Marlowe Quinn (Work notes)
Escalating to Major Incident.
2026-04-22 20:42:12 - Marlowe Quinn (Work notes)
Escalating to Major Incident.",Password reset completed; user logged on.,false,0,Service Desk|Major Incident
INC1201110,2026-05-04T15:13:04-04:00,2026-05-05T22:53:53-04:00,,Resolved,3-Moderate,facilities,hvac,Facilities,Indigo Walsh,HVAC alarm on Floor 8,"HVAC alarm on Floor 8
Please assist.
Thanks,
Indigo Walsh
@example.invalid","2026-05-04 15:13:04 - Indigo Walsh (Work notes)
User reports: HVAC alarm on Floor 8. Routing toward Facilities.
2026-05-04 16:13:11 - Indigo Walsh (Work notes)
Applied standard workaround.",Vendor adjusted HVAC setpoint.,true,0,Service Desk|Facilities|Service Desk|Facilities
INC1201117,2026-05-14T09:36:38-04:00,2026-05-15T09:59:04-04:00,2026-05-15T17:04:59-04:00,Closed,3-Moderate,network,wan-lan,Service Desk,Quinn Patel,Wired port dead at desk,"Wired port dead at desk
Please assist.
Thanks,
Quinn Patel
@example.invalid",,Vendor cleared WAN incident.,true,0,Service Desk|Network Ops|Service Desk
INC1201120,2026-08-12T10:18:51-04:00,2026-08-21T01:46:42-04:00,2026-08-21T04:43:27-04:00,Closed,3-Moderate,app,other-app,App Support,Jules Navarro,License error on desktop client,"License error on desktop client
Please assist.
Thanks,
Jules Navarro
@example.invalid","2026-08-12 10:18:51 - Jules Navarro (Work notes)
User reports: License error on desktop client. Routing toward App Support.
2026-08-12 11:18:58 - Jules Navarro (Work notes)
Escalating to App Support.
2026-08-12 12:18:05 - Jules Navarro (Work notes)
Waiting on user callback.",Repaired client install; license refreshed.,false,0,App Support
INC1201127,2026-04-09T10:11:17-04:00,2026-04-14T17:49:27-04:00,2026-04-16T08:53:42-04:00,Closed,4-Low,desktop,laptop-hardware,Desktop Support,Parker Singh,Latitude 5540 overheats under light load,"Latitude 5540 overheats under light load
Please assist.
Thanks,
Parker Singh
@example.invalid","2026-04-09 10:11:17 - Parker Singh (Work notes)
User reports: Latitude 5540 overheats under light load. Routing toward Desktop Support.
2026-04-09 11:11:24 - Parker Singh (Work notes)
Waiting on user callback.",Imaged laptop; hardware test passed.,false,0,Service Desk|Desktop Support|Service Desk|Desktop Support
INC1201132,2026-04-20T10:54:20-04:00,2026-04-23T11:51:46-04:00,2026-04-24T03:35:48-04:00,Closed,4-Low,network,dns,Vendor Mgmt,Ellis Prado,VPN tunnel up but no internal DNS,"VPN tunnel up but no internal DNS
Please assist.
Thanks,
Ellis Prado
@example.invalid","2026-04-20 10:54:20 - Ellis Prado (Work notes)
User reports: VPN tunnel up but no internal DNS. Routing toward Vendor Mgmt.
2026-04-20 11:54:27 - Ellis Prado (Work notes)
Waiting on user callback.",Corrected VPN DNS servers.,true,0,Service Desk|Vendor Mgmt
INC1201137,2026-03-24T10:28:02-04:00,,2026-03-25T05:01:22-04:00,Canceled,4-Low,identity,other-identity,Identity/IAM,Eden Park,Contractor account expiration,"Contractor account expiration
Please assist.
Thanks,
Eden Park
@example.invalid","2026-03-24 10:28:02 - Eden Park (Work notes)
User reports: Contractor account expiration. Routing toward Identity/IAM.
2026-03-24 11:28:09 - Eden Park (Work notes)
Checked other-identity path; still failing.",Canceled — duplicate of INC1201125,,1,Service Desk|Identity/IAM
INC1201138,2026-03-16T00:06:45-04:00,2026-03-16T03:00:22-04:00,2026-03-16T09:55:23-04:00,Closed,3-Moderate,network,vpn,Network Ops,Hayden Cruz,VPN client will not launch on EliteBook 840,"VPN client will not launch on EliteBook 840
Please assist.
Thanks,
Hayden Cruz
@example.invalid",,Fixed DNS suffix on VPN adapter.,true,0,Service Desk|Network Ops
INC1201141,2026-07-01T11:20:20-04:00,2026-07-01T23:21:27-04:00,2026-07-02T11:22:58-04:00,Closed,3-Moderate,identity,mfa,Service Desk,Casey Quintana,Duo 2FA denied after travel,,"2026-07-01 11:20:20 - Casey Quintana (Work notes)
User reports: Duo 2FA denied after travel. Routing toward Service Desk.
2026-07-01 12:20:27 - Casey Quintana (Work notes)
Waiting on user callback.",Reset Duo device; enrollment complete.,true,1,Service Desk|Identity/IAM|Service Desk|Service Desk
INC1201147,2026-07-06T10:23:33-04:00,2026-07-08T00:08:43-04:00,2026-07-08T06:13:09-04:00,Closed,3-Moderate,network,dns,Network Ops,Skyler Bond,DNS will not resolve internal host,"DNS will not resolve internal host
Please assist.
Thanks,
Skyler Bond
@example.invalid","2026-07-06 10:23:33 - Skyler Bond (Work notes)
User reports: DNS will not resolve internal host. Routing toward Network Ops.",Flushed DNS; internal zones resolve.,true,0,Service Desk|Network Ops
INC1201150,2026-02-26T15:08:26-05:00,2026-03-05T11:37:09-05:00,2026-03-05T12:37:20-05:00,Closed,4-Low,identity,mfa,Service Desk,Riley Cho,TOTP out of sync after clock change,"TOTP out of sync after clock change
Please assist.
Thanks,
Riley Cho
@example.invalid","2026-02-26 15:08:26 - Riley Cho (Work notes)
User reports: TOTP out of sync after clock change. Routing toward Service Desk.",Resynced TOTP; MFA prompt succeeds.,false,0,Service Desk
INC1201152,2026-04-17T15:27:24-04:00,2026-04-17T17:54:32-04:00,2026-04-19T23:45:34-04:00,Closed,1-Critical,app,outlook,App Support,Kendall Frost,TOTP out of sync after clock change,"TOTP out of sync after clock change
Please assist.
Thanks,
Kendall Frost
@example.invalid","2026-04-17 15:27:24 - Kendall Frost (Work notes)
User reports: TOTP out of sync after clock change. Routing toward App Support.",Repaired Outlook profile.,true,0,Service Desk|App Support
INC1201156,2026-04-27T21:47:55-04:00,,2026-04-29T18:46:26-04:00,Canceled,4-Low,desktop,laptop-hardware,Endpoint Engineering,Emerson Vale,Laptop lid sensor false sleep on EliteBook 840,"Laptop lid sensor false sleep on EliteBook 840
Please assist.
Thanks,
Emerson Vale
@example.invalid","2026-04-27 21:47:55 - Emerson Vale (Work notes)
User reports: Laptop lid sensor false sleep on EliteBook 840. Routing toward Endpoint Engineering.",Canceled — duplicate of INC1201144,,0,Service Desk|Endpoint Engineering|Service Desk|Endpoint Engineering
INC1201163,2026-03-26T10:54:59-04:00,2026-03-28T01:18:52-04:00,2026-03-28T04:13:12-04:00,Closed,4-Low,identity,mfa,Identity/IAM,Marlowe Singh,MFA device lost; need reset,"MFA device lost; need reset
Please assist.
Thanks,
Marlowe Singh
@example.invalid",,Reset Duo device; enrollment complete.,true,0,Service Desk|Identity/IAM
INC1201166,2026-08-20T13:51:36-04:00,,,In Progress,4-Low,identity,mfa,Service Desk,Morgan Voss,Cannot enroll MFA token on new phone,"Cannot enroll MFA token on new phone
Please assist.
Thanks,
Morgan Voss
@example.invalid","2026-08-20 13:51:36 - Morgan Voss (Work notes)
User reports: Cannot enroll MFA token on new phone. Routing toward Service Desk.
2026-08-20 14:51:43 - Morgan Voss (Work notes)
Applied standard workaround.
2026-08-20 15:51:50 - Morgan Voss (Work notes)
Waiting on user callback.",,,0,Service Desk
INC1201167,2026-06-29T15:55:07-04:00,2026-07-07T11:26:56-04:00,2026-07-07T12:24:27-04:00,Closed,4-Low,desktop,os-software,Desktop Support,Cameron Ortiz,Windows patch failed on Surface Laptop; bitlocker prompt loop,"Windows patch failed on Surface Laptop; bitlocker prompt loop
Please assist.
Thanks,
Cameron Ortiz
@example.invalid","2026-06-29 15:55:07 - Cameron Ortiz (Work notes)
User reports: Windows patch failed on Surface Laptop; bitlocker prompt loop. Routing toward Desktop Support.
2026-06-29 16:55:14 - Cameron Ortiz (Work notes)
Checked os-software path; still failing.",Cleared update cache; reboot succeeded.,true,0,Service Desk|Desktop Support
INC1201168,2026-05-19T20:42:17-04:00,2026-05-24T03:36:50-04:00,2026-05-27T00:51:20-04:00,Closed,4-Low,app,sap,SAP Support,Shiloh Grant,Slow SAP transaction MM03 this morning,"Slow SAP transaction MM03 this morning
Please assist.
Thanks,
Shiloh Grant
@example.invalid","2026-05-19 20:42:17 - Shiloh Grant (Work notes)
User reports: Slow SAP transaction MM03 this morning. Routing toward SAP Support.
2026-05-19 21:42:24 - Shiloh Grant (Work notes)
Applied standard workaround.",GUI cache cleared; S/4 opens.,true,0,Service Desk|SAP Support|Service Desk|SAP Support
INC1201174,2026-06-10T21:02:34-04:00,2026-06-12T16:30:14-04:00,2026-06-12T18:58:02-04:00,Closed,3-Moderate,app,web-app,App Support,Shay Ortega,Browser tab freeze on internal portal,"Browser tab freeze on internal portal
Please assist.
Thanks,
Shay Ortega
@example.invalid","2026-06-10 21:02:34 - Shay Ortega (Work notes)
User reports: Browser tab freeze on internal portal. Routing toward App Support.",Cleared SSO cookies; Chrome sign-in works.,true,0,Service Desk|App Support
INC1201176,2026-04-20T14:22:29-04:00,2026-04-23T12:34:54-04:00,2026-04-23T17:57:37-04:00,Closed,3-Moderate,app,outlook,Collaboration Services,Arden Miles,Distribution list bounce on send,"Distribution list bounce on send
Please assist.
Thanks,
Arden Miles
@example.invalid","2026-04-20 14:22:29 - Arden Miles (Work notes)
User reports: Distribution list bounce on send. Routing toward Collaboration Services.
2026-04-20 15:22:36 - Arden Miles (Work notes)
Applied standard workaround.
2026-04-20 16:22:43 - Arden Miles (Work notes)
Escalating to Collaboration Services.",Repaired Outlook profile.,false,0,Service Desk|Collaboration Services
INC1201178,2026-05-19T09:14:34-04:00,2026-05-23T00:24:11-04:00,2026-05-23T05:59:15-04:00,Closed,4-Low,network,dns,Network Ops,Hayden Cruz,DNS will not resolve internal host,"DNS will not resolve internal host
Please assist.
Thanks,
Hayden Cruz
@example.invalid","2026-05-19 09:14:34 - Hayden Cruz (Work notes)
User reports: DNS will not resolve internal host. Routing toward Network Ops.
2026-05-19 10:14:41 - Hayden Cruz (Work notes)
Applied standard workaround.
2026-05-19 11:14:48 - Hayden Cruz (Work notes)
Escalating to Network Ops.",Corrected VPN DNS servers.,true,0,Service Desk|Network Ops
INC1201183,2026-03-31T11:04:26-04:00,2026-03-31T20:10:36-04:00,2026-04-04T17:52:22-04:00,Closed,2-High,desktop,printer,Endpoint Engineering,Emerson Vale,Print queue will not clear for shared Latitude 5540,,"2026-03-31 11:04:26 - Emerson Vale (Work notes)
User reports: Print queue will not clear for shared Latitude 5540. Routing toward Endpoint Engineering.",Replaced toner and cleared jam.,false,0,Service Desk|Endpoint Engineering
INC1201184,2026-03-09T10:53:37-04:00,2026-03-10T16:58:15-04:00,2026-03-11T17:37:45-04:00,Closed,3-Moderate,facilities,badge-access,Facilities,River Santos,Door lock stuck after badge tap,"Door lock stuck after badge tap
Please assist.
Thanks,
River Santos
@example.invalid","2026-03-09 10:53:37 - River Santos (Work notes)
User reports: Door lock stuck after badge tap. Routing toward Facilities.
2026-03-09 11:53:44 - River Santos (Work notes)
Waiting on user callback.",Door controller reset.,false,0,Service Desk|Facilities
INC1201188,2026-06-01T11:52:55-04:00,2026-06-02T10:35:09-04:00,2026-06-02T11:49:10-04:00,Closed,3-Moderate,app,outlook,App Support,Shay Ortega,Shared mailbox missing after migration,"Shared mailbox missing after migration
Please assist.
Thanks,
Shay Ortega
@example.invalid","2026-06-01 11:52:55 - Shay Ortega (Work notes)
User reports: Shared mailbox missing after migration. Routing toward App Support.
2026-06-01 12:52:02 - Shay Ortega (Work notes)
Waiting on user callback.
2026-06-01 13:52:09 - Shay Ortega (Work notes)
Escalating to App Support.",Repaired Outlook profile.,true,0,Service Desk|App Support
INC1201195,2026-05-06T15:37:47-04:00,2026-05-08T12:26:33-04:00,2026-05-08T13:55:51-04:00,Closed,4-Low,facilities,workspace,Facilities,River Santos,Desk move request Floor 3,"Desk move request Floor 3
Please assist.
Thanks,
River Santos
@example.invalid","2026-05-06 15:37:47 - River Santos (Work notes)
User reports: Desk move request Floor 3. Routing toward Facilities.
2026-05-06 16:37:54 - River Santos (Work notes)
Checked workspace path; still failing.",Desk move completed.,true,0,Service Desk|Facilities
INC1201200,2026-05-28T15:00:05-04:00,2026-05-29T04:32:34-04:00,2026-05-29T04:43:29-04:00,Closed,2-High,network,wan-lan,Network Ops,Hayden Cruz,Wired port dead at desk,"Wired port dead at desk
Please assist.
Thanks,
Hayden Cruz
@example.invalid",,Vendor cleared WAN incident.,false,0,Service Desk|Network Ops
INC1201201,2026-03-30T03:03:42-04:00,2026-03-31T22:06:46-04:00,2026-04-05T12:35:57-04:00,Closed,3-Moderate,network,other-network,Network Ops,Hayden Cruz,Packet loss on wired dock,"Packet loss on wired dock
Please assist.
Thanks,
Hayden Cruz
@example.invalid","2026-03-30 03:03:42 - Hayden Cruz (Work notes)
User reports: Packet loss on wired dock. Routing toward Network Ops.
2026-03-30 04:03:49 - Hayden Cruz (Work notes)
Escalating to Network Ops.
2026-03-30 05:03:56 - Hayden Cruz (Work notes)
Waiting on user callback. +1-212-555-0142",Share path restored after ACL fix.,true,0,Service Desk|Network Ops
INC1201203,2026-05-09T04:00:44-04:00,2026-05-15T05:16:40-04:00,2026-05-15T12:31:09-04:00,Closed,3-Moderate,network,vpn,Major Incident,Cassidy Rowe,Cannot reach SAP over VPN client,"Cannot reach SAP over VPN client
Please assist.
Thanks,
Cassidy Rowe
@example.invalid","2026-05-09 04:00:44 - Cassidy Rowe (Work notes)
User reports: Cannot reach SAP over VPN client. Routing toward Major Incident.
2026-05-09 05:00:51 - Cassidy Rowe (Work notes)
Waiting on user callback.",Reset AnyConnect and refreshed cert.,false,0,Major Incident
INC1201207,2026-08-04T14:26:02-04:00,2026-08-05T00:13:17-04:00,2026-08-06T20:02:01-04:00,Closed,3-Moderate,identity,password-reset,Service Desk,Riley Cho,Password expired; cannot log on,"Password expired; cannot log on
Please assist.
Thanks,
Riley Cho
@example.invalid","2026-08-04 14:26:02 - Riley Cho (Work notes)
User reports: Password expired; cannot log on. Routing toward Service Desk.",Unlocked account and forced password change.,true,0,Service Desk
INC1201208,2026-05-06T08:01:03-04:00,2026-05-07T02:43:48-04:00,2026-05-07T03:18:44-04:00,Closed,3-Moderate,network,vpn,Service Desk,,Cannot reach SAP over VPN client,"Cannot reach SAP over VPN client
Please assist.
Thanks,
End User
@example.invalid","2026-05-06 08:01:03 - Rowan Ellis (Work notes)
User reports: Cannot reach SAP over VPN client. Routing toward Service Desk.
2026-05-06 09:01:10 - Sage Okonkwo (Work notes)
Escalating to Vendor Mgmt.
2026-05-06 10:01:17 - Casey Quintana (Work notes)
Applied standard workaround.",VPN profile rebuilt; tunnel stable.,true,0,Service Desk|Vendor Mgmt|Service Desk
INC1201210,2026-06-25T09:49:01-04:00,2026-06-25T17:59:30-04:00,2026-06-27T14:38:15-04:00,Closed,3-Moderate,app,sap,App Support,Shay Ortega,Missing SAP authorization for VA01,"Missing SAP authorization for VA01
Please assist.
Thanks,
Shay Ortega
@example.invalid","2026-06-25 09:49:01 - Shay Ortega (Work notes)
User reports: Missing SAP authorization for VA01. Routing toward App Support.",GUI cache cleared; S/4 opens.,true,0,Service Desk|SAP Support|Service Desk|App Support
INC1201212,2026-03-26T22:15:34-04:00,2026-03-28T07:58:29-04:00,2026-03-28T20:17:58-04:00,Closed,4-Low,facilities,badge-access,Facilities,Lane Ortiz,Badge access denied on Floor 12,"Badge access denied on Floor 12
Please assist.
Thanks,
Lane Ortiz
@example.invalid","2026-03-26 22:15:34 - Lane Ortiz (Work notes)
User reports: Badge access denied on Floor 12. Routing toward Facilities.
2026-03-26 23:15:41 - Lane Ortiz (Work notes)
Escalating to Facilities.
2026-03-26 00:15:48 - Lane Ortiz (Work notes)
Checked badge-access path; still failing.",Door controller reset.,true,0,Service Desk|Facilities
INC1201213,2026-04-01T13:39:53-04:00,2026-04-06T17:52:14-04:00,2026-04-07T04:42:24-04:00,Closed,3-Moderate,desktop,other-desktop,Desktop Support,Harper Nunez,Desktop profile corrupt after login,"Desktop profile corrupt after login
Please assist.
Thanks,
Harper Nunez
@example.invalid",,Granted temporary local admin.,false,0,Service Desk|Desktop Support|Service Desk|Desktop Support
INC1201217,2026-04-15T09:53:04-04:00,2026-04-17T04:03:22-04:00,2026-04-17T10:26:57-04:00,Closed,3-Moderate,desktop,printer,Desktop Support,Parker Singh,Cannot print PDF to Surface Laptop,"Cannot print PDF to Surface Laptop
Please assist.
Thanks,
Parker Singh
@example.invalid","2026-04-15 09:53:04 - Parker Singh (Work notes)
User reports: Cannot print PDF to Surface Laptop. Routing toward Desktop Support.
2026-04-15 10:53:11 - Parker Singh (Work notes)
Escalating to Desktop Support.
2026-04-15 11:53:18 - Parker Singh (Work notes)
Escalating to Desktop Support.",Reset print queue and republished printer.,true,0,Service Desk|Desktop Support
INC1201222,2026-05-29T23:41:03-04:00,2026-05-31T22:12:23-04:00,2026-06-01T12:14:58-04:00,Closed,2-High,identity,mfa,Identity/IAM,Sloane Adler,Cannot enroll MFA token on new phone,"Cannot enroll MFA token on new phone
Please assist.
Thanks,
Sloane Adler
@example.invalid","2026-05-29 23:41:03 - Sloane Adler (Work notes)
User reports: Cannot enroll MFA token on new phone. Routing toward Identity/IAM.
2026-05-29 00:41:10 - Sloane Adler (Work notes)
Checked mfa path; still failing.",Reset Duo device; enrollment complete.,false,0,Service Desk|Identity/IAM
INC1201225,2026-05-11T12:46:48-04:00,2026-05-12T00:06:56-04:00,2026-05-12T12:35:40-04:00,Closed,2-High,desktop,os-software,Service Desk,Sage Okonkwo,Software center missing required app on ThinkPad T14,"Software center missing required app on ThinkPad T14
Please assist.
Thanks,
Sage Okonkwo
@example.invalid","2026-05-11 12:46:48 - Sage Okonkwo (Work notes)
User reports: Software center missing required app on ThinkPad T14. Routing toward Service Desk.",Repaired Chrome install.,false,0,Service Desk|Desktop Support|Service Desk
INC1201229,2026-07-26T08:45:16-04:00,2026-07-26T23:52:53-04:00,2026-07-27T00:57:31-04:00,Closed,3-Moderate,app,other-app,Major Incident,Cassidy Rowe,Business app will not start after patch,"Business app will not start after patch
Please assist.
Thanks,
Cassidy Rowe
@example.invalid","2026-07-26 08:45:16 - Cassidy Rowe (Work notes)
User reports: Business app will not start after patch. Routing toward Major Incident.",Repaired client install; license refreshed.,true,0,Major Incident
INC1201233,2026-04-08T14:48:27-04:00,2026-04-08T16:44:05-04:00,2026-04-09T04:21:15-04:00,Closed,2-High,app,sap,App Support,Remy Cole,MFA enrollment week — new hire cannot complete Duo,"MFA enrollment week — new hire cannot complete Duo
Please assist.
Thanks,
Remy Cole
@example.invalid","2026-04-08 14:48:27 - Remy Cole (Work notes)
User reports: MFA enrollment week — new hire cannot complete Duo. Routing toward App Support.
2026-04-08 15:48:34 - Remy Cole (Work notes)
Checked sap path; still failing.",GUI cache cleared; S/4 opens.,true,1,Service Desk|App Support|Service Desk|App Support
INC1201239,2026-06-14T08:58:51-04:00,2026-06-15T12:00:22-04:00,2026-06-16T09:38:45-04:00,Closed,3-Moderate,desktop,peripheral,Service Desk,Drew Kimura,Webcam disabled after patch,"Webcam disabled after patch
Please assist.
Thanks,
Drew Kimura
@example.invalid","2026-06-14 08:58:51 - Drew Kimura (Work notes)
User reports: Webcam disabled after patch. Routing toward Service Desk.
2026-06-14 09:58:58 - Drew Kimura (Work notes)
Escalating to Service Desk.",Updated dock firmware.,true,0,Service Desk
INC1201242,2026-06-29T15:20:26-04:00,2026-07-02T00:53:05-04:00,2026-07-02T22:07:46-04:00,Closed,4-Low,desktop,printer,Desktop Support,Cameron Ortiz,Cannot print PDF to Latitude 5540,"Cannot print PDF to Latitude 5540
Please assist.
Thanks,
Cameron Ortiz
@example.invalid","2026-06-29 15:20:26 - Cameron Ortiz (Work notes)
User reports: Cannot print PDF to Latitude 5540. Routing toward Desktop Support.
2026-06-29 16:20:33 - Cameron Ortiz (Work notes)
Waiting on user callback.",Power-cycled printer; queue drained.,true,0,Service Desk|Desktop Support
INC1201249,2026-06-23T05:14:17-04:00,2026-06-25T04:27:26-04:00,2026-06-25T20:24:35-04:00,Closed,3-Moderate,desktop,laptop-hardware,Vendor Mgmt,Ellis Prado,Surface Laptop battery drains in under two hours,"Surface Laptop battery drains in under two hours
Please assist.
Thanks,
Ellis Prado
@example.invalid","2026-06-23 05:14:17 - Ellis Prado (Work notes)
User reports: Surface Laptop battery drains in under two hours. Routing toward Vendor Mgmt.
2026-06-23 06:14:24 - Ellis Prado (Work notes)
Checked laptop-hardware path; still failing.
2026-06-23 07:14:31 - Ellis Prado (Work notes)
Checked laptop-hardware path; still failing.",Replaced charger and retested battery.,true,0,Service Desk|Vendor Mgmt
INC1201253,2026-02-25T09:27:19-05:00,2026-02-25T22:19:21-05:00,2026-02-26T22:02:44-05:00,Closed,3-Moderate,network,wan-lan,Network Ops,Hayden Cruz,Intermittent WAN outage reported by floor 2,"Intermittent WAN outage reported by floor 2
Please assist.
Thanks,
Hayden Cruz
@example.invalid","2026-02-25 09:27:19 - Hayden Cruz (Work notes)
User reports: Intermittent WAN outage reported by floor 2. Routing toward Network Ops.
2026-02-25 10:27:26 - Hayden Cruz (Work notes)
Checked wan-lan path; still failing.
2026-02-25 11:27:33 - Hayden Cruz (Work notes)
Applied standard workaround.",Vendor cleared WAN incident.,true,1,Service Desk|Network Ops
INC1201258,2026-03-23T16:18:42-04:00,2026-03-24T03:38:27-04:00,2026-03-25T15:37:22-04:00,Closed,3-Moderate,identity,account-lockout,Identity/IAM,Eden Park,Cannot unlock AD account from Service Desk tool,"Cannot unlock AD account from Service Desk tool
Please assist.
Thanks,
Eden Park
@example.invalid","2026-03-23 16:18:42 - Eden Park (Work notes)
User reports: Cannot unlock AD account from Service Desk tool. Routing toward Identity/IAM.",Unlocked AD account; advised password hygiene.,true,0,Service Desk|Identity/IAM
INC1201259,2026-04-20T09:42:09-04:00,2026-04-25T18:06:32-04:00,,Resolved,3-Moderate,desktop,laptop-hardware,Desktop Support,Parker Singh,Docking station not detecting Latitude 5540,"Docking station not detecting Latitude 5540
Please assist.
Thanks,
Parker Singh
@example.invalid","2026-04-20 09:42:09 - Parker Singh (Work notes)
User reports: Docking station not detecting Latitude 5540. Routing toward Desktop Support.
2026-04-20 10:42:16 - Parker Singh (Work notes)
Waiting on user callback.
2026-04-20 11:42:23 - Parker Singh (Work notes)
Escalating to Service Desk.",Replaced charger and retested battery.,false,0,Service Desk|Desktop Support|Service Desk|Desktop Support
INC1201263,2026-05-05T09:07:03-04:00,2026-05-07T19:36:57-04:00,,Resolved,3-Moderate,network,vpn,Network Ops,Skyler Bond,VPN client will not launch on ThinkPad T14,"VPN client will not launch on ThinkPad T14
Please assist.
Thanks,
Skyler Bond
@example.invalid","2026-05-05 09:07:03 - Skyler Bond (Work notes)
User reports: VPN client will not launch on ThinkPad T14. Routing toward Network Ops.",VPN profile rebuilt; tunnel stable.,false,0,Major Incident|Network Ops
INC1201270,2026-05-08T19:08:23-04:00,2026-05-11T01:11:32-04:00,2026-05-11T09:26:39-04:00,Closed,3-Moderate,desktop,os-software,Desktop Support,Cameron Ortiz,Software center missing required app on EliteBook 840,"Software center missing required app on EliteBook 840
Please assist.
Thanks,
Cameron Ortiz
@example.invalid","2026-05-08 19:08:23 - Cameron Ortiz (Work notes)
User reports: Software center missing required app on EliteBook 840. Routing toward Desktop Support.",Cleared update cache; reboot succeeded.,false,0,Service Desk|Desktop Support
INC1201272,2026-07-31T13:47:48-04:00,2026-08-02T07:01:32-04:00,2026-08-03T20:49:38-04:00,Closed,3-Moderate,app,other-app,Service Desk,Drew Kimura,Business app will not start after patch,"Business app will not start after patch
Please assist.
Thanks,
Drew Kimura
@example.invalid","2026-07-31 13:47:48 - Drew Kimura (Work notes)
User reports: Business app will not start after patch. Routing toward Service Desk.",Repaired client install; license refreshed.,true,0,Service Desk
INC1201279,2026-06-10T13:37:37-04:00,2026-06-11T18:50:35-04:00,2026-06-12T05:55:31-04:00,Closed,3-Moderate,desktop,other-desktop,Desktop Support,,Slow logon on ThinkPad T14,"Slow logon on ThinkPad T14
Please assist.
Thanks,
End User
@example.invalid",,Granted temporary local admin.,false,0,Service Desk|Desktop Support
INC1201282,2026-04-02T09:52:39-04:00,2026-04-02T22:58:21-04:00,2026-04-03T08:29:36-04:00,Closed,3-Moderate,network,wifi,Service Desk,Jordan Hale,Poor wifi near conference room 3,"Poor wifi near conference room 3
Please assist.
Thanks,
Jordan Hale
@example.invalid","2026-04-02 09:52:39 - Jordan Hale (Work notes)
User reports: Poor wifi near conference room 3. Routing toward Service Desk.
2026-04-02 10:52:46 - Jordan Hale (Work notes)
Escalating to Service Desk.",Reprovisioned SSID profile.,true,1,Service Desk|Service Desk|Service Desk|Service Desk
INC1201287,2026-08-17T06:38:22-04:00,2026-08-25T11:29:40-04:00,2026-08-25T15:21:52-04:00,Closed,3-Moderate,network,wan-lan,Network Ops,Skyler Bond,Latency spike to app gateway,,"2026-08-17 06:38:22 - Skyler Bond (Work notes)
User reports: Latency spike to app gateway. Routing toward Network Ops.",Port bounce on switch; link up.,false,0,Service Desk|Network Ops|Service Desk|Network Ops
INC1201291,2026-05-04T07:46:02-04:00,,2026-05-05T05:01:44-04:00,Canceled,3-Moderate,network,vpn,Network Ops,Logan West,Split tunnel missing file share over VPN,"Split tunnel missing file share over VPN
Please assist.
Thanks,
Logan West
@example.invalid","2026-05-04 07:46:02 - Logan West (Work notes)
User reports: Split tunnel missing file share over VPN. Routing toward Network Ops.
2026-05-04 08:46:09 - Logan West (Work notes)
Applied standard workaround.",Canceled — user no-response,,0,Service Desk|Network Ops
INC1201293,2026-08-05T05:57:20-04:00,2026-08-15T18:04:30-04:00,2026-08-16T15:34:10-04:00,Closed,4-Low,app,outlook,Collaboration Services,Taryn Bell,Calendar invites not showing in Outlook,"Calendar invites not showing in Outlook
Please assist.
Thanks,
Taryn Bell
@example.invalid",,Mailbox quota increased; Outlook sending.,false,0,Service Desk|Collaboration Services|Service Desk|Collaboration Services
INC1201297,2026-08-25T19:36:23-04:00,2026-08-27T02:47:55-04:00,2026-08-27T19:09:01-04:00,Closed,3-Moderate,facilities,workspace,Vendor Mgmt,Tatum Rhodes,Need workspace setup in Building C,"Need workspace setup in Building C
Please assist.
Thanks,
Tatum Rhodes
@example.invalid",,Chair replaced.,true,0,Service Desk|Vendor Mgmt
INC1201298,2026-07-09T12:44:32-04:00,2026-07-18T12:31:35-04:00,2026-07-19T04:07:23-04:00,Closed,4-Low,facilities,workspace,Facilities,River Santos,Need workspace setup in Building North,"Need workspace setup in Building North
Please assist.
Thanks,
River Santos
@example.invalid","2026-07-09 12:44:32 - River Santos (Work notes)
User reports: Need workspace setup in Building North. Routing toward Facilities.",Chair replaced.,false,2,Service Desk|Facilities
INC1201302,2026-06-29T09:05:07-04:00,2026-06-29T16:34:44-04:00,2026-07-03T02:10:27-04:00,Closed,3-Moderate,network,dns,Vendor Mgmt,Ellis Prado,Cannot resolve printer hostname,"Cannot resolve printer hostname
Please assist.
Thanks,
Ellis Prado
@example.invalid",,Corrected VPN DNS servers.,true,0,Service Desk|Vendor Mgmt
INC1201306,2026-06-01T15:58:23-04:00,2026-06-01T23:10:30-04:00,2026-06-02T02:02:54-04:00,Closed,2-High,facilities,badge-access,Service Desk,Casey Quintana,Badge access denied on Floor 4,"Badge access denied on Floor 4
Please assist.
Thanks,
Casey Quintana
@example.invalid","2026-06-01 15:58:23 - Casey Quintana (Work notes)
User reports: Badge access denied on Floor 4. Routing toward Service Desk.
2026-06-01 16:58:30 - Casey Quintana (Work notes)
Checked badge-access path; still failing.",Door controller reset.,true,0,Service Desk|Facilities|Service Desk
INC1201309,2026-04-19T06:23:35-04:00,2026-04-20T14:28:48-04:00,2026-04-20T15:42:38-04:00,Closed,3-Moderate,network,wifi,Network Ops,Hayden Cruz,Wireless adapter missing after sleep,"Wireless adapter missing after sleep
Please assist.
Thanks,
Hayden Cruz
@example.invalid","2026-04-19 06:23:35 - Hayden Cruz (Work notes)
User reports: Wireless adapter missing after sleep. Routing toward Network Ops.",AP reset on Floor — signal restored.,true,0,Service Desk|Network Ops
INC1201310,2026-02-25T10:36:49-05:00,2026-02-26T05:00:51-05:00,2026-02-26T15:26:45-05:00,Closed,3-Moderate,identity,account-lockout,Major Incident,Cassidy Rowe,Account lockout repeating every hour,,"2026-02-25 10:36:49 - Cassidy Rowe (Work notes)
User reports: Account lockout repeating every hour. Routing toward Major Incident.
2026-02-25 11:36:56 - Cassidy Rowe (Work notes)
Applied standard workaround.
2026-02-25 12:36:03 - Cassidy Rowe (Work notes)
Applied standard workaround.",Unlocked AD account; advised password hygiene.,true,0,Major Incident
INC1201313,2026-03-02T14:27:52-05:00,2026-03-05T10:53:11-05:00,,Resolved,2-High,facilities,other-facilities,Facilities,River Santos,Water leak reported Building A,"Water leak reported Building A
Please assist.
Thanks,
River Santos
@example.invalid","2026-03-02 14:27:52 - River Santos (Work notes)
User reports: Water leak reported Building A. Routing toward Facilities.
2026-03-02 15:27:59 - River Santos (Work notes)
Escalating to Facilities.",Work order closed with vendor.,false,0,Service Desk|Facilities
INC1201319,2026-03-26T15:48:44-04:00,2026-03-27T17:43:26-04:00,2026-03-28T13:31:42-04:00,Closed,3-Moderate,network,vpn,Network Ops,Logan West,Cannot reach SAP over VPN client,"Cannot reach SAP over VPN client
Please assist.
Thanks,
Logan West
@example.invalid","2026-03-26 15:48:44 - Logan West (Work notes)
User reports: Cannot reach SAP over VPN client. Routing toward Network Ops.",VPN profile rebuilt; tunnel stable.,true,0,Service Desk|Network Ops
INC1201324,2026-04-07T13:06:03-04:00,2026-04-08T14:35:20-04:00,2026-04-09T07:39:23-04:00,Closed,4-Low,facilities,hvac,Facilities,Lane Ortiz,HVAC too cold on Floor 8,"HVAC too cold on Floor 8
Please assist.
Thanks,
Lane Ortiz
@example.invalid","2026-04-07 13:06:03 - Lane Ortiz (Work notes)
User reports: HVAC too cold on Floor 8. Routing toward Facilities.
2026-04-07 14:06:10 - Lane Ortiz (Work notes)
Waiting on user callback.",Vendor adjusted HVAC setpoint.,true,1,Service Desk|Facilities
INC1201329,2026-06-30T09:03:55-04:00,2026-07-02T02:34:21-04:00,2026-07-02T03:23:32-04:00,Closed,4-Low,identity,password-reset,Identity/IAM,Eden Park,Need password reset for shared kiosk,"Need password reset for shared kiosk
Please assist.
Thanks,
Eden Park
@example.invalid","2026-06-30 09:03:55 - Eden Park (Work notes)
User reports: Need password reset for shared kiosk. Routing toward Identity/IAM.
2026-06-30 10:03:02 - Eden Park (Work notes)
Checked password-reset path; still failing.",Password reset completed; user logged on.,false,0,Service Desk|Identity/IAM
INC1201332,2026-06-04T09:17:39-04:00,2026-06-08T05:56:11-04:00,2026-06-08T10:56:43-04:00,Closed,4-Low,desktop,other-desktop,Endpoint Engineering,Jamie Solis,Local admin rights needed for vendor tool,"Local admin rights needed for vendor tool
Please assist.
Thanks,
Jamie Solis
@example.invalid","2026-06-04 09:17:39 - Jamie Solis (Work notes)
User reports: Local admin rights needed for vendor tool. Routing toward Endpoint Engineering.
2026-06-04 10:17:46 - Jamie Solis (Work notes)
Checked other-desktop path; still failing.",Granted temporary local admin.,true,0,Service Desk|Endpoint Engineering
INC1201336,2026-03-02T10:07:21-05:00,2026-03-25T18:22:48-04:00,2026-03-26T03:02:35-04:00,Closed,4-Low,app,zoom-teams,Service Desk,Rowan Ellis,Teams will not join from laptop,"Teams will not join from laptop
Please assist.
Thanks,
Rowan Ellis
@example.invalid","2026-03-02 10:07:21 - Rowan Ellis (Work notes)
User reports: Teams will not join from laptop. Routing toward Service Desk.",Reinstalled Zoom client; audio device set.,false,0,Service Desk|App Support|Service Desk
INC1201339,2026-04-09T13:29:29-04:00,2026-04-12T08:27:27-04:00,,Resolved,4-Low,app,sap,SAP Support,Nico Alvarez,SAP dump while saving VA01,"SAP dump while saving VA01
Please assist.
Thanks,
Nico Alvarez
@example.invalid","2026-04-09 13:29:29 - Nico Alvarez (Work notes)
User reports: SAP dump while saving VA01. Routing toward SAP Support.
2026-04-09 14:29:36 - Nico Alvarez (Work notes)
Checked sap path; still failing.
2026-04-09 15:29:43 - Nico Alvarez (Work notes)
Checked sap path; still failing.",SAP role provisioned; tcode authorized.,true,0,Service Desk|SAP Support
INC1201340,2026-08-20T10:21:47-04:00,2026-12-11T00:27:41-05:00,2026-12-11T10:42:40-05:00,Closed,4-Low,identity,access-request,Service Desk,Jordan Hale,Active directory group membership request,"Active directory group membership request
Please assist.
Thanks,
Jordan Hale
@example.invalid","2026-08-20 10:21:47 - Jordan Hale (Work notes)
User reports: Active directory group membership request. Routing toward Service Desk.
2026-08-20 11:21:54 - Jordan Hale (Work notes)
Waiting on user callback.
2026-08-20 12:21:01 - Jordan Hale (Work notes)
Waiting on user callback.",Provisioned shared mailbox access.,false,0,Service Desk|Identity/IAM|Service Desk
INC1201344,2026-05-05T10:09:28-04:00,2026-05-08T23:32:24-04:00,2026-05-10T16:03:41-04:00,Closed,4-Low,desktop,other-desktop,Desktop Support,Cameron Ortiz,Slow logon on ThinkPad T14,"Slow logon on ThinkPad T14
Please assist.
Thanks,
Cameron Ortiz
@example.invalid",,Granted temporary local admin.,true,0,Service Desk|Desktop Support
INC1201345,2026-05-23T19:04:51-04:00,2026-05-23T21:04:45-04:00,2026-05-24T12:05:26-04:00,Closed,3-Moderate,identity,password-reset,Identity/IAM,Sloane Adler,Password reset via self-service failed,"Password reset via self-service failed
Please assist.
Thanks,
Sloane Adler
@example.invalid","2026-05-23 19:04:51 - Sloane Adler (Work notes)
User reports: Password reset via self-service failed. Routing toward Identity/IAM.",Password reset completed; user logged on.,true,0,Service Desk|Identity/IAM
INC1201348,2026-03-26T11:35:13-04:00,2026-03-28T21:51:37-04:00,2026-03-30T04:02:28-04:00,Closed,4-Low,facilities,other-facilities,Facilities,Lane Ortiz,Light out near desk,"Light out near desk
Please assist.
Thanks,
Lane Ortiz
@example.invalid","2026-03-26 11:35:13 - Lane Ortiz (Work notes)
User reports: Light out near desk. Routing toward Facilities.
2026-03-26 12:35:20 - Lane Ortiz (Work notes)
Applied standard workaround.
2026-03-26 13:35:27 - Lane Ortiz (Work notes)
Waiting on user callback.",Work order closed with vendor.,true,0,Service Desk|Facilities|Service Desk|Facilities
INC1201350,2026-07-13T14:17:58-04:00,2026-07-16T17:10:39-04:00,2026-07-17T03:16:57-04:00,Closed,3-Moderate,app,sap,SAP Support,Nico Alvarez,Slow SAP transaction SU01 this morning,"Slow SAP transaction SU01 this morning
Please assist.
Thanks,
Nico Alvarez
@example.invalid","2026-07-13 14:17:58 - Nico Alvarez (Work notes)
User reports: Slow SAP transaction SU01 this morning. Routing toward SAP Support.
2026-07-13 15:17:05 - Nico Alvarez (Work notes)
Waiting on user callback.
2026-07-13 16:17:12 - Nico Alvarez (Work notes)
Applied standard workaround.",SAP role provisioned; tcode authorized.,false,0,Service Desk|SAP Support
INC1201353,2026-06-17T15:22:12-04:00,2026-06-20T20:46:37-04:00,2026-06-21T06:57:37-04:00,Closed,4-Low,desktop,other-desktop,Endpoint Engineering,Dakota Chen,Local admin rights needed for vendor tool,"Local admin rights needed for vendor tool
Please assist.
Thanks,
Dakota Chen
@example.invalid","2026-06-17 15:22:12 - Dakota Chen (Work notes)
User reports: Local admin rights needed for vendor tool. Routing toward Endpoint Engineering.",Granted temporary local admin.,true,0,Service Desk|Endpoint Engineering
INC1201354,2026-07-09T10:35:16-04:00,2026-07-20T05:35:25-04:00,2026-07-20T07:52:13-04:00,Closed,4-Low,app,sap,App Support,Kendall Frost,S4HANA fiori tile missing after transport,"S4HANA fiori tile missing after transport
Please assist.
Thanks,
Kendall Frost
@example.invalid","2026-07-09 10:35:16 - Kendall Frost (Work notes)
User reports: S4HANA fiori tile missing after transport. Routing toward App Support.",Transport reapplied; tile restored.,false,0,Service Desk|SAP Support|Service Desk|App Support
INC1201358,2026-02-27T12:07:13-05:00,2026-02-27T22:02:59-05:00,2026-02-28T15:54:02-05:00,Closed,4-Low,facilities,badge-access,Service Desk,Drew Kimura,Badge access denied on Floor 5,"Badge access denied on Floor 5
Please assist.
Thanks,
Drew Kimura
@example.invalid","2026-02-27 12:07:13 - Drew Kimura (Work notes)
User reports: Badge access denied on Floor 5. Routing toward Service Desk.",Badge recoded; reader tested.,true,0,Service Desk
INC1201364,2026-05-12T15:24:47-04:00,2026-05-12T19:48:00-04:00,,Resolved,3-Moderate,network,wan-lan,Network Ops,Skyler Bond,Wired port dead at desk,"Wired port dead at desk
Please assist.
Thanks,
Skyler Bond
@example.invalid","2026-05-12 15:24:47 - Skyler Bond (Work notes)
User reports: Wired port dead at desk. Routing toward Network Ops.
2026-05-12 16:24:54 - Skyler Bond (Work notes)
Escalating to Network Ops.",Vendor cleared WAN incident.,true,3,Service Desk|Network Ops|Service Desk|Network Ops
INC1201370,2026-06-21T10:26:48-04:00,2026-06-21T18:14:34-04:00,2026-06-22T07:38:22-04:00,Closed,3-Moderate,app,web-app,App Support,Jules Navarro,Cannot connect VPN from home — anyconnect timeout,,"2026-06-21 10:26:48 - Jules Navarro (Work notes)
User reports: Cannot connect VPN from home — anyconnect timeout. Routing toward App Support.
2026-06-21 11:26:55 - Jules Navarro (Work notes)
Waiting on user callback.
2026-06-21 12:26:02 - Jules Navarro (Work notes)
Applied standard workaround.",Cleared SSO cookies; Chrome sign-in works.,true,0,Service Desk|App Support
INC1201375,2026-07-14T09:12:39-04:00,2026-07-14T18:18:38-04:00,2026-07-14T23:33:19-04:00,Closed,2-High,desktop,other-desktop,Desktop Support,Reese Dalton,Local admin rights needed for vendor tool,"Local admin rights needed for vendor tool
Please assist.
Thanks,
Reese Dalton
@example.invalid","2026-07-14 09:12:39 - Reese Dalton (Work notes)
User reports: Local admin rights needed for vendor tool. Routing toward Desktop Support.
2026-07-14 10:12:46 - Reese Dalton (Work notes)
Escalating to Desktop Support.
2026-07-14 11:12:53 - Reese Dalton (Work notes)
Waiting on user callback.",Rebuilt profile; network drive mapped.,true,0,Service Desk|Desktop Support|Service Desk|Desktop Support
INC1201382,2026-03-25T10:33:24-04:00,2026-03-25T22:00:00-04:00,2026-03-26T00:28:51-04:00,Closed,3-Moderate,identity,password-reset,Service Desk,Rowan Ellis,Password expired; cannot log on,"Password expired; cannot log on
Please assist.
Thanks,
Rowan Ellis
@example.invalid","2026-03-25 10:33:24 - Rowan Ellis (Work notes)
User reports: Password expired; cannot log on. Routing toward Service Desk.
2026-03-25 11:33:31 - Rowan Ellis (Work notes)
Escalating to Service Desk.",Password reset completed; user logged on.,true,0,Service Desk
INC1201386,2026-04-08T14:25:01-04:00,2026-04-09T04:33:28-04:00,2026-04-09T19:52:57-04:00,Closed,3-Moderate,desktop,os-software,Vendor Mgmt,Tatum Rhodes,Chrome will not start after update on Surface Laptop,"Chrome will not start after update on Surface Laptop
Please assist.
Thanks,
Tatum Rhodes
@example.invalid",,Cleared update cache; reboot succeeded.,true,0,Service Desk|Vendor Mgmt
INC1201389,2026-05-12T15:33:29-04:00,,2026-05-14T10:30:50-04:00,Canceled,4-Low,desktop,os-software,Endpoint Engineering,Emerson Vale,BitLocker recovery key requested for Latitude 5540,"BitLocker recovery key requested for Latitude 5540
Please assist.
Thanks,
Emerson Vale
@example.invalid","2026-05-12 15:33:29 - Emerson Vale (Work notes)
User reports: BitLocker recovery key requested for Latitude 5540. Routing toward Endpoint Engineering.",Canceled — user no-response,,0,Service Desk|Endpoint Engineering
INC1201391,2026-08-19T15:12:03-04:00,2026-08-22T09:14:23-04:00,2026-08-22T12:42:13-04:00,Closed,3-Moderate,desktop,laptop-hardware,Desktop Support,Cameron Ortiz,EliteBook 840 battery drains in under two hours,"EliteBook 840 battery drains in under two hours
Please assist.
Thanks,
Cameron Ortiz
@example.invalid","2026-08-19 15:12:03 - Cameron Ortiz (Work notes)
User reports: EliteBook 840 battery drains in under two hours. Routing toward Desktop Support.",Imaged laptop; hardware test passed.,false,0,Service Desk|Desktop Support|Service Desk|Desktop Support
INC1201394,2026-05-08T15:07:10-04:00,2026-05-09T22:00:15-04:00,2026-05-10T06:25:08-04:00,Closed,4-Low,network,vpn,Network Ops,Skyler Bond,Cannot connect VPN from home — anyconnect timeout,"Cannot connect VPN from home — anyconnect timeout
Please assist.
Thanks,
Skyler Bond
@example.invalid","2026-05-08 15:07:10 - Skyler Bond (Work notes)
User reports: Cannot connect VPN from home — anyconnect timeout. Routing toward Network Ops.
2026-05-08 16:07:17 - Skyler Bond (Work notes)
Waiting on user callback.",Reset AnyConnect and refreshed cert.,true,0,Service Desk|Network Ops|Service Desk|Network Ops
INC1201398,2026-04-21T03:31:57-04:00,2026-04-21T15:08:46-04:00,2026-04-21T23:52:24-04:00,Closed,4-Low,facilities,hvac,Facilities,Sol Vega,Thermostat unresponsive in Building B,"Thermostat unresponsive in Building B
Please assist.
Thanks,
Sol Vega
@example.invalid","2026-04-21 03:31:57 - Sol Vega (Work notes)
User reports: Thermostat unresponsive in Building B. Routing toward Facilities.
2026-04-21 04:31:04 - Sol Vega (Work notes)
Applied standard workaround.",Vendor adjusted HVAC setpoint.,true,1,Service Desk|Facilities
INC1201404,2026-06-02T14:19:59-04:00,2026-06-02T21:16:22-04:00,2026-06-04T03:24:26-04:00,Closed,2-High,identity,mfa,Identity/IAM,Phoenix Lee,Duo 2FA denied after travel,"Duo 2FA denied after travel
Please assist.
Thanks,
Phoenix Lee
@example.invalid","2026-06-02 14:19:59 - Phoenix Lee (Work notes)
User reports: Duo 2FA denied after travel. Routing toward Identity/IAM.
2026-06-02 15:19:06 - Phoenix Lee (Work notes)
Escalating to Identity/IAM.",Resynced TOTP; MFA prompt succeeds.,true,0,Service Desk|Identity/IAM|Service Desk|Identity/IAM
INC1201405,2026-06-13T02:47:50-04:00,2026-06-13T17:50:05-04:00,2026-06-13T19:55:52-04:00,Closed,3-Moderate,app,web-app,App Support,Kendall Frost,Chrome SSO timeout on web app,"Chrome SSO timeout on web app
Please assist.
Thanks,
Kendall Frost
@example.invalid","2026-06-13 02:47:50 - Kendall Frost (Work notes)
User reports: Chrome SSO timeout on web app. Routing toward App Support.
2026-06-13 03:47:57 - Kendall Frost (Work notes)
Escalating to App Support.",Cleared SSO cookies; Chrome sign-in works.,true,0,Service Desk|App Support
INC1201411,2026-04-17T08:24:11-04:00,2026-04-17T17:51:46-04:00,2026-04-17T23:05:52-04:00,Closed,3-Moderate,facilities,hvac,Facilities,Lane Ortiz,HVAC too cold on Floor 4,"HVAC too cold on Floor 4
Please assist.
Thanks,
Lane Ortiz
@example.invalid","2026-04-17 08:24:11 - Lane Ortiz (Work notes)
User reports: HVAC too cold on Floor 4. Routing toward Facilities.
2026-04-17 09:24:18 - Lane Ortiz (Work notes)
Checked hvac path; still failing.
2026-04-17 10:24:25 - Lane Ortiz (Work notes)
Applied standard workaround.",Vendor adjusted HVAC setpoint.,true,0,Service Desk|Facilities
INC1201413,2026-07-08T15:37:30-04:00,2026-07-09T11:14:17-04:00,2026-07-09T13:33:05-04:00,Closed,2-High,facilities,workspace,Service Desk,Blake Ibarra,Desk move request Floor 2,"Desk move request Floor 2
Please assist.
Thanks,
Blake Ibarra
@example.invalid","2026-07-08 15:37:30 - Blake Ibarra (Work notes)
User reports: Desk move request Floor 2. Routing toward Service Desk.
2026-07-08 16:37:37 - Blake Ibarra (Work notes)
Waiting on user callback.",Chair replaced.,false,0,Service Desk|Facilities|Service Desk
INC1201417,2026-06-08T11:34:05-04:00,2026-06-09T23:50:22-04:00,2026-06-10T00:24:04-04:00,Closed,4-Low,desktop,laptop-hardware,Vendor Mgmt,Tatum Rhodes,Docking station not detecting Surface Laptop,"Docking station not detecting Surface Laptop
Please assist.
Thanks,
Tatum Rhodes
@example.invalid","2026-06-08 11:34:05 - Tatum Rhodes (Work notes)
User reports: Docking station not detecting Surface Laptop. Routing toward Vendor Mgmt.",Replaced charger and retested battery.,true,0,Service Desk|Vendor Mgmt
INC1201418,2026-04-12T13:01:55-04:00,2026-04-18T09:31:37-04:00,2026-04-18T23:08:09-04:00,Closed,3-Moderate,desktop,laptop-hardware,Desktop Support,Harper Nunez,Keyboard keys sticking on Latitude 5540,"Keyboard keys sticking on Latitude 5540
Please assist.
Thanks,
Harper Nunez
@example.invalid","2026-04-12 13:01:55 - Harper Nunez (Work notes)
User reports: Keyboard keys sticking on Latitude 5540. Routing toward Desktop Support.
2026-04-12 14:01:02 - Harper Nunez (Work notes)
Escalating to Desktop Support.",Replaced charger and retested battery.,false,0,Desktop Support
INC1201420,2026-07-09T15:34:18-04:00,2026-07-10T06:12:28-04:00,2026-07-10T08:19:37-04:00,Closed,4-Low,desktop,peripheral,Desktop Support,Harper Nunez,Headset mute button not working,,"2026-07-09 15:34:18 - Harper Nunez (Work notes)
User reports: Headset mute button not working. Routing toward Desktop Support.
2026-07-09 16:34:25 - Harper Nunez (Work notes)
Checked peripheral path; still failing.
2026-07-09 17:34:32 - Harper Nunez (Work notes)
Checked peripheral path; still failing.",Swapped headset; mute works.,true,1,Service Desk|Desktop Support
INC1201422,2026-06-29T14:48:05-04:00,2026-06-30T18:35:03-04:00,2026-07-02T02:28:04-04:00,Closed,4-Low,desktop,peripheral,Desktop Support,Parker Singh,Webcam disabled after patch,"Webcam disabled after patch
Please assist.
Thanks,
Parker Singh
@example.invalid","2026-06-29 14:48:05 - Parker Singh (Work notes)
User reports: Webcam disabled after patch. Routing toward Desktop Support.
2026-06-29 15:48:12 - Parker Singh (Work notes)
Applied standard workaround.
2026-06-29 16:48:19 - Parker Singh (Work notes)
Escalating to Desktop Support.",Re-enabled webcam in device manager.,true,0,Service Desk|Desktop Support
INC1201428,2026-07-28T00:21:06-04:00,2026-07-30T13:30:59-04:00,2026-07-30T15:31:00-04:00,Closed,3-Moderate,facilities,workspace,Facilities,Lane Ortiz,Need workspace setup in Building C,"Need workspace setup in Building C
Please assist.
Thanks,
Lane Ortiz
@example.invalid","2026-07-28 00:21:06 - Lane Ortiz (Work notes)
User reports: Need workspace setup in Building C. Routing toward Facilities.",Desk move completed.,false,0,Service Desk|Facilities
INC1201429,2026-07-14T15:10:34-04:00,2026-07-16T14:26:31-04:00,2026-07-16T16:35:50-04:00,Closed,4-Low,identity,password-reset,Service Desk,Quinn Patel,Password reset needed — account lockout,,"2026-07-14 15:10:34 - Quinn Patel (Work notes)
User reports: Password reset needed — account lockout. Routing toward Service Desk.",Unlocked account and forced password change.,true,0,Service Desk|Service Desk|Service Desk|Service Desk
INC1201436,2026-05-21T12:24:53-04:00,2026-05-24T05:36:00-04:00,2026-05-27T17:22:25-04:00,Closed,4-Low,desktop,os-software,Endpoint Engineering,,Chrome will not start after update on EliteBook 840,"Chrome will not start after update on EliteBook 840
Please assist.
Thanks,
End User
@example.invalid","2026-05-21 12:24:53 - Casey Quintana (Work notes)
User reports: Chrome will not start after update on EliteBook 840. Routing toward Endpoint Engineering.
2026-05-21 13:24:00 - Avery Lang (Work notes)
Applied standard workaround.
2026-05-21 14:24:07 - Riley Cho (Work notes)
Applied standard workaround.",Completed patch and verified BitLocker.,true,0,Service Desk|Endpoint Engineering
INC1201441,2026-07-12T17:05:45-04:00,2026-07-13T14:56:45-04:00,2026-07-14T04:38:23-04:00,Closed,3-Moderate,app,zoom-teams,App Support,Shay Ortega,Teams presence stuck offline,"Teams presence stuck offline
Please assist.
Thanks,
Shay Ortega
@example.invalid","2026-07-12 17:05:45 - Shay Ortega (Work notes)
User reports: Teams presence stuck offline. Routing toward App Support.
2026-07-12 18:05:52 - Shay Ortega (Work notes)
Escalating to App Support.",Teams cache cleared.,true,0,Service Desk|App Support
INC1201445,2026-08-04T05:02:33-04:00,2026-08-07T17:03:30-04:00,2026-08-07T18:09:32-04:00,Closed,4-Low,network,other-network,Network Ops,,Packet loss on wired dock,"Packet loss on wired dock
Please assist.
Thanks,
End User
@example.invalid","2026-08-04 05:02:33 - Jordan Hale (Work notes)
User reports: Packet loss on wired dock. Routing toward Network Ops.
2026-08-04 06:02:40 - Sage Okonkwo (Work notes)
Escalating to Network Ops.
2026-08-04 07:02:47 - Sage Okonkwo (Work notes)
Checked other-network path; still failing.",Share path restored after ACL fix.,true,0,Service Desk|Network Ops
INC1201451,2026-05-07T03:59:26-04:00,2026-05-07T22:48:04-04:00,2026-05-08T04:02:41-04:00,Closed,3-Moderate,network,vpn,Network Ops,Skyler Bond,VPN client drops every few minutes,"VPN client drops every few minutes
Please assist.
Thanks,
Skyler Bond
@example.invalid",,Reset AnyConnect and refreshed cert.,true,0,Service Desk|Network Ops
INC1201454,2026-04-07T11:44:22-04:00,2026-04-08T09:37:15-04:00,,Resolved,3-Moderate,desktop,laptop-hardware,Desktop Support,Parker Singh,Docking station not detecting MacBook,"Docking station not detecting MacBook
Please assist.
Thanks,
Parker Singh
@example.invalid","2026-04-07 11:44:22 - Parker Singh (Work notes)
User reports: Docking station not detecting MacBook. Routing toward Desktop Support.",Replaced charger and retested battery.,true,0,Service Desk|Desktop Support
INC1201455,2026-08-23T01:54:35-04:00,2026-08-24T04:00:19-04:00,2026-08-24T10:20:01-04:00,Closed,3-Moderate,app,web-app,App Support,Remy Cole,Chrome SSO timeout on web app,"Chrome SSO timeout on web app
Please assist.
Thanks,
Remy Cole
@example.invalid","2026-08-23 01:54:35 - Remy Cole (Work notes)
User reports: Chrome SSO timeout on web app. Routing toward App Support.
2026-08-23 02:54:42 - Remy Cole (Work notes)
Applied standard workaround.
2026-08-23 03:54:49 - Remy Cole (Work notes)
Checked web-app path; still failing.",Cleared SSO cookies; Chrome sign-in works.,true,0,Service Desk|App Support|Service Desk|App Support
INC1201461,2026-07-13T13:17:35-04:00,2026-07-13T15:28:23-04:00,2026-07-13T16:58:53-04:00,Closed,2-High,network,vpn,Network Ops,Peyton Ames,VPN client will not launch on MacBook,"VPN client will not launch on MacBook
Please assist.
Thanks,
Peyton Ames
@example.invalid","2026-07-13 13:17:35 - Peyton Ames (Work notes)
User reports: VPN client will not launch on MacBook. Routing toward Network Ops.",VPN profile rebuilt; tunnel stable.,true,0,Service Desk|Network Ops
INC1201468,2026-06-27T10:39:16-04:00,2026-06-28T22:39:42-04:00,2026-07-03T21:10:18-04:00,Closed,4-Low,facilities,badge-access,Facilities,Sol Vega,New badge not provisioned,"New badge not provisioned
Please assist.
Thanks,
Sol Vega
@example.invalid",,Door controller reset.,true,0,Service Desk|Facilities
INC1201474,2026-07-06T13:50:02-04:00,2026-07-09T12:25:42-04:00,,Resolved,3-Moderate,network,wifi,Service Desk,Jordan Hale,WiFi drops in Building B Floor 12,"WiFi drops in Building B Floor 12
Please assist.
Thanks,
Jordan Hale
@example.invalid","2026-07-06 13:50:02 - Jordan Hale (Work notes)
User reports: WiFi drops in Building B Floor 12. Routing toward Service Desk.
2026-07-06 14:50:09 - Jordan Hale (Work notes)
Checked wifi path; still failing.",AP reset on Floor — signal restored.,false,0,Service Desk|Major Incident|Service Desk
INC1201476,2026-05-28T14:03:09-04:00,2026-06-08T23:47:21-04:00,,Resolved,4-Low,app,sap,SAP Support,Shiloh Grant,SAP password expired; GUI will not open,"SAP password expired; GUI will not open
Please assist.
Thanks,
Shiloh Grant
@example.invalid","2026-05-28 14:03:09 - Shiloh Grant (Work notes)
User reports: SAP password expired; GUI will not open. Routing toward SAP Support.
2026-05-28 15:03:16 - Shiloh Grant (Work notes)
Escalating to SAP Support.",SAP role provisioned; tcode authorized.,false,0,Service Desk|SAP Support|Service Desk|SAP Support
INC1201479,2026-02-25T11:28:56-05:00,2026-03-02T09:52:52-05:00,2026-03-02T14:59:07-05:00,Closed,4-Low,network,vpn,Network Ops,Logan West,AnyConnect error after password change,"AnyConnect error after password change
Please assist.
Thanks,
Logan West
@example.invalid","2026-02-25 11:28:56 - Logan West (Work notes)
User reports: AnyConnect error after password change. Routing toward Network Ops.
2026-02-25 12:28:03 - Logan West (Work notes)
Applied standard workaround.
2026-02-25 13:28:10 - Logan West (Work notes)
Checked vpn path; still failing.",Fixed DNS suffix on VPN adapter.,true,0,Service Desk|Network Ops
INC1201482,2026-08-09T11:19:53-04:00,2026-08-13T04:25:57-04:00,2026-08-17T02:09:10-04:00,Closed,4-Low,desktop,printer,Service Desk,Jordan Hale,Label printer offline in Building B,"Label printer offline in Building B
Please assist.
Thanks,
Jordan Hale
@example.invalid","2026-08-09 11:19:53 - Jordan Hale (Work notes)
User reports: Label printer offline in Building B. Routing toward Service Desk.",Reset print queue and republished printer.,true,0,Service Desk|Desktop Support|Service Desk
INC1201488,2026-03-05T13:58:11-05:00,2026-03-07T10:13:36-05:00,2026-03-07T21:02:06-05:00,Closed,4-Low,app,sap,Service Desk,Casey Quintana,Slow SAP transaction SU01 this morning,"Slow SAP transaction SU01 this morning
Please assist.
Thanks,
Casey Quintana
@example.invalid","2026-03-05 13:58:11 - Casey Quintana (Work notes)
User reports: Slow SAP transaction SU01 this morning. Routing toward Service Desk.",Transport reapplied; tile restored.,true,1,Service Desk|SAP Support|Service Desk
INC1201493,2026-06-24T15:56:16-04:00,2026-06-25T21:51:14-04:00,2026-06-26T16:17:08-04:00,Closed,2-High,identity,password-reset,Service Desk,Drew Kimura,User forgot password after leave,"User forgot password after leave
Please assist.
Thanks,
Drew Kimura
@example.invalid","2026-06-24 15:56:16 - Drew Kimura (Work notes)
User reports: User forgot password after leave. Routing toward Service Desk.
2026-06-24 16:56:23 - Drew Kimura (Work notes)
Checked password-reset path; still failing.
2026-06-24 17:56:30 - Drew Kimura (Work notes)
Waiting on user callback. +1-212-555-0142",Unlocked account and forced password change.,false,0,Service Desk|Service Desk|Service Desk|Service Desk
INC1201498,2026-03-27T10:27:18-04:00,2026-03-29T08:04:34-04:00,2026-03-31T00:50:43-04:00,Closed,4-Low,app,sap,SAP Support,Eden Brooks,Missing SAP authorization for ME21N,"Missing SAP authorization for ME21N
Please assist.
Thanks,
Eden Brooks
@example.invalid",,GUI cache cleared; S/4 opens.,true,0,Service Desk|SAP Support
INC1201504,2026-04-23T15:05:49-04:00,2026-04-25T01:51:53-04:00,,Resolved,4-Low,desktop,laptop-hardware,Service Desk,Drew Kimura,Docking station not detecting ThinkPad T14,"Docking station not detecting ThinkPad T14
Please assist.
Thanks,
Drew Kimura
@example.invalid","2026-04-23 15:05:49 - Drew Kimura (Work notes)
User reports: Docking station not detecting ThinkPad T14. Routing toward Service Desk.
2026-04-23 16:05:56 - Drew Kimura (Work notes)
Applied standard workaround.
2026-04-23 17:05:03 - Drew Kimura (Work notes)
Waiting on user callback.",Imaged laptop; hardware test passed.,true,0,Service Desk|Service Desk|Service Desk|Service Desk
INC1201509,2026-02-26T14:12:36-05:00,2026-02-26T23:54:16-05:00,2026-02-28T19:48:51-05:00,Closed,2-High,app,other-app,App Support,Jules Navarro,App crash on save,"App crash on save
Please assist.
Thanks,
Jules Navarro
@example.invalid","2026-02-26 14:12:36 - Jules Navarro (Work notes)
User reports: App crash on save. Routing toward App Support.",Repaired client install; license refreshed.,false,0,Service Desk|App Support
INC1201512,2026-07-06T13:12:53-04:00,2026-07-07T18:10:17-04:00,2026-07-08T10:23:21-04:00,Closed,3-Moderate,desktop,printer,Desktop Support,Harper Nunez,Print queue will not clear for shared EliteBook 840,"Print queue will not clear for shared EliteBook 840
Please assist.
Thanks,
Harper Nunez
@example.invalid","2026-07-06 13:12:53 - Harper Nunez (Work notes)
User reports: Print queue will not clear for shared EliteBook 840. Routing toward Desktop Support.
2026-07-06 14:12:00 - Harper Nunez (Work notes)
Applied standard workaround.
2026-07-06 15:12:07 - Harper Nunez (Work notes)
Waiting on user callback.",Replaced toner and cleared jam.,true,0,Service Desk|Desktop Support
INC1201517,2026-08-04T09:27:45-04:00,2026-08-10T21:08:01-04:00,2026-08-11T06:39:23-04:00,Closed,4-Low,app,web-app,App Support,Kendall Frost,Chrome SSO timeout on web app,"Chrome SSO timeout on web app
Please assist.
Thanks,
Kendall Frost
@example.invalid","2026-08-04 09:27:45 - Kendall Frost (Work notes)
User reports: Chrome SSO timeout on web app. Routing toward App Support.",Cleared SSO cookies; Chrome sign-in works.,false,0,App Support
INC1201520,2026-07-22T14:16:13-04:00,2026-07-22T16:20:07-04:00,2026-07-22T22:37:01-04:00,Closed,1-Critical,app,outlook,Major Incident,Cassidy Rowe,Exchange disconnected banner in Outlook,"Exchange disconnected banner in Outlook
Please assist.
Thanks,
Cassidy Rowe
@example.invalid","2026-07-22 14:16:13 - Cassidy Rowe (Work notes)
User reports: Exchange disconnected banner in Outlook. Routing toward Major Incident.
2026-07-22 15:16:20 - Cassidy Rowe (Work notes)
Escalating to Major Incident.",Repaired Outlook profile.,true,0,App Support|Major Incident
INC1201526,2026-06-23T14:24:23-04:00,2026-06-25T02:09:43-04:00,2026-06-25T04:18:21-04:00,Closed,3-Moderate,network,vpn,Network Ops,Hayden Cruz,VPNN client will not launch on EliteBook 840,"VPNN client will not launch on EliteBook 840
Please assist.
Thanks,
Hayden Cruz
@example.invalid","2026-06-23 14:24:23 - Hayden Cruz (Work notes)
User reports: VPNN client will not launch on EliteBook 840. Routing toward Network Ops.
2026-06-23 15:24:30 - Hayden Cruz (Work notes)
Waiting on user callback.",Reset AnyConnect and refreshed cert.,true,0,Service Desk|Network Ops
INC1201530,2026-04-11T01:18:23-04:00,2026-04-11T23:09:58-04:00,,Resolved,3-Moderate,desktop,peripheral,Service Desk,Drew Kimura,Second monitor no signal after dock swap,"Second monitor no signal after dock swap
Please assist.
Thanks,
Drew Kimura
@example.invalid","2026-04-11 01:18:23 - Drew Kimura (Work notes)
User reports: Second monitor no signal after dock swap. Routing toward Service Desk.
2026-04-11 02:18:30 - Drew Kimura (Work notes)
Escalating to Service Desk.",Re-enabled webcam in device manager.,true,0,Service Desk
INC1201535,2026-07-07T13:07:39-04:00,2026-07-09T23:59:59-04:00,2026-07-10T11:15:48-04:00,Closed,3-Moderate,desktop,other-desktop,Desktop Support,Cameron Ortiz,Slow logon on EliteBook 840,"Slow logon on EliteBook 840
Please assist.
Thanks,
Cameron Ortiz
@example.invalid","2026-07-07 13:07:39 - Cameron Ortiz (Work notes)
User reports: Slow logon on EliteBook 840. Routing toward Desktop Support.
2026-07-07 14:07:46 - Cameron Ortiz (Work notes)
Applied standard workaround.
2026-07-07 15:07:53 - Cameron Ortiz (Work notes)
Escalating to Desktop Support.",Rebuilt profile; network drive mapped.,false,0,Service Desk|Desktop Support
INC1201542,2026-07-01T12:58:06-04:00,2026-07-02T14:23:33-04:00,2026-07-03T20:49:17-04:00,Closed,3-Moderate,network,wan-lan,Network Ops,Logan West,Wired port dead at desk,"Wired port dead at desk
Please assist.
Thanks,
Logan West
@example.invalid","2026-07-01 12:58:06 - Logan West (Work notes)
User reports: Wired port dead at desk. Routing toward Network Ops.",Port bounce on switch; link up.,true,0,Service Desk|Network Ops
INC1201548,2026-03-19T15:28:23-04:00,2026-03-20T07:32:32-04:00,,Resolved,3-Moderate,identity,password-reset,Service Desk,Riley Cho,Password reset via self-service failed,,"2026-03-19 15:28:23 - Riley Cho (Work notes)
User reports: Password reset via self-service failed. Routing toward Service Desk.
2026-03-19 16:28:30 - Riley Cho (Work notes)
Checked password-reset path; still failing.
2026-03-19 17:28:37 - Riley Cho (Work notes)
Applied standard workaround.",Password reset completed; user logged on.,true,1,Service Desk|Identity/IAM|Service Desk|Service Desk
INC1201555,2026-03-26T11:47:30-04:00,2026-04-03T20:53:43-04:00,2026-04-04T22:02:41-04:00,Closed,4-Low,app,other-app,App Support,Jules Navarro,Business app will not start after patch,"Business app will not start after patch
Please assist.
Thanks,
Jules Navarro
@example.invalid","2026-03-26 11:47:30 - Jules Navarro (Work notes)
User reports: Business app will not start after patch. Routing toward App Support.
2026-03-26 12:47:37 - Jules Navarro (Work notes)
Checked other-app path; still failing.",Repaired client install; license refreshed.,false,0,Service Desk|App Support
INC1201562,2026-05-12T14:47:29-04:00,2026-05-15T20:40:08-04:00,2026-05-18T05:38:09-04:00,Closed,4-Low,app,sap,Service Desk,Jordan Hale,SAP dump while saving MM03,"SAP dump while saving MM03
Please assist.
Thanks,
Jordan Hale
@example.invalid","2026-05-12 14:47:29 - Jordan Hale (Work notes)
User reports: SAP dump while saving MM03. Routing toward Service Desk.
2026-05-12 15:47:36 - Jordan Hale (Work notes)
Checked sap path; still failing.",GUI cache cleared; S/4 opens.,false,0,Service Desk|SAP Support|Service Desk
INC1201569,2026-07-08T09:27:51-04:00,2026-07-08T21:49:55-04:00,2026-07-09T05:47:42-04:00,Closed,4-Low,facilities,hvac,Facilities,Indigo Walsh,Thermostat unresponsive in Building North,"Thermostat unresponsive in Building North
Please assist.
Thanks,
Indigo Walsh
@example.invalid","2026-07-08 09:27:51 - Indigo Walsh (Work notes)
User reports: Thermostat unresponsive in Building North. Routing toward Facilities.
2026-07-08 10:27:58 - Indigo Walsh (Work notes)
Escalating to Facilities.",Thermostat reset; temperature stable.,true,1,Service Desk|Facilities
INC1201575,2026-07-07T13:00:54-04:00,2026-07-08T04:04:10-04:00,2026-07-08T13:02:20-04:00,Closed,3-Moderate,app,outlook,Collaboration Services,Arden Miles,Shared mailbox missing after migration,"Shared mailbox missing after migration
Please assist.
Thanks,
Arden Miles
@example.invalid","2026-07-07 13:00:54 - Arden Miles (Work notes)
User reports: Shared mailbox missing after migration. Routing toward Collaboration Services.
2026-07-07 14:00:01 - Arden Miles (Work notes)
Waiting on user callback.",Remapped shared mailbox.,true,0,Service Desk|Collaboration Services
INC1201578,2026-03-07T13:13:32-05:00,2026-03-08T09:18:04-04:00,2026-03-08T11:40:09-04:00,Closed,4-Low,facilities,hvac,Facilities,,HVAC too cold on Floor 12,"HVAC too cold on Floor 12
Please assist.
Thanks,
End User
@example.invalid",,Vendor adjusted HVAC setpoint.,true,0,Service Desk|Facilities
INC1201580,2026-04-08T19:23:34-04:00,2026-04-09T14:11:54-04:00,2026-04-09T17:45:17-04:00,Closed,4-Low,network,vpn,Service Desk,Jordan Hale,VPN tunnel up but no internal DNS,"VPN tunnel up but no internal DNS
Please assist.
Thanks,
Jordan Hale
@example.invalid","2026-04-08 19:23:34 - Jordan Hale (Work notes)
User reports: VPN tunnel up but no internal DNS. Routing toward Service Desk.",Reset AnyConnect and refreshed cert.,true,0,Service Desk|Network Ops|Service Desk|Service Desk
INC1201585,2026-06-29T12:32:43-04:00,2026-06-30T11:51:00-04:00,2026-06-30T21:50:57-04:00,Closed,3-Moderate,facilities,workspace,Facilities,Lane Ortiz,VPN tunnel up but no internal DNS,"VPN tunnel up but no internal DNS
Please assist.
Thanks,
Lane Ortiz
@example.invalid","2026-06-29 12:32:43 - Lane Ortiz (Work notes)
User reports: VPN tunnel up but no internal DNS. Routing toward Facilities.
2026-06-29 13:32:50 - Lane Ortiz (Work notes)
Applied standard workaround.
2026-06-29 14:32:57 - Lane Ortiz (Work notes)
Applied standard workaround.",Chair replaced.,false,0,Service Desk|Facilities|Service Desk|Facilities
INC1201587,2026-06-25T15:57:34-04:00,2026-06-26T08:51:50-04:00,2026-06-26T16:35:16-04:00,Closed,4-Low,app,outlook,Collaboration Services,Wynn Foster,Distribution list bounce on send,"Distribution list bounce on send
Please assist.
Thanks,
Wynn Foster
@example.invalid","2026-06-25 15:57:34 - Wynn Foster (Work notes)
User reports: Distribution list bounce on send. Routing toward Collaboration Services.
2026-06-25 16:57:41 - Wynn Foster (Work notes)
Checked outlook path; still failing.
2026-06-25 17:57:48 - Wynn Foster (Work notes)
Checked outlook path; still failing.",Remapped shared mailbox.,true,0,Service Desk|Collaboration Services
INC1201594,2026-04-27T11:20:01-04:00,2026-04-27T14:36:01-04:00,2026-04-28T02:31:45-04:00,Closed,3-Moderate,identity,other-identity,Service Desk,Riley Cho,Stale account needs review,"Stale account needs review
Please assist.
Thanks,
Riley Cho
@example.invalid","2026-04-27 11:20:01 - Riley Cho (Work notes)
User reports: Stale account needs review. Routing toward Service Desk.
2026-04-27 12:20:08 - Riley Cho (Work notes)
Checked other-identity path; still failing.
2026-04-27 13:20:15 - Riley Cho (Work notes)
Checked other-identity path; still failing.",Account reviewed and extended.,true,0,Service Desk
INC1201597,2026-08-23T01:22:24-04:00,2026-08-23T21:41:24-04:00,2026-08-24T15:46:59-04:00,Closed,3-Moderate,app,sap,SAP Support,Nico Alvarez,SAP GUI timeout on tcode FB01,"SAP GUI timeout on tcode FB01
Please assist.
Thanks,
Nico Alvarez
@example.invalid",,GUI cache cleared; S/4 opens.,true,0,Service Desk|SAP Support
INC1201603,2026-05-09T18:26:23-04:00,2026-05-12T18:41:31-04:00,,Resolved,3-Moderate,app,outlook,App Support,Remy Cole,Distribution list bounce on send,"Distribution list bounce on send
Please assist.
Thanks,
Remy Cole
@example.invalid","2026-05-09 18:26:23 - Remy Cole (Work notes)
User reports: Distribution list bounce on send. Routing toward App Support.
2026-05-09 19:26:30 - Remy Cole (Work notes)
Applied standard workaround.
2026-05-09 20:26:37 - Remy Cole (Work notes)
Applied standard workaround.",Repaired Outlook profile.,false,0,Service Desk|App Support
INC1201605,2026-06-16T22:57:34-04:00,2026-06-17T21:24:03-04:00,2026-06-18T06:12:44-04:00,Closed,3-Moderate,app,outlook,App Support,Shay Ortega,Outlook not sending; mailbox full,"Outlook not sending; mailbox full
Please assist.
Thanks,
Shay Ortega
@example.invalid","2026-06-16 22:57:34 - Shay Ortega (Work notes)
User reports: Outlook not sending; mailbox full. Routing toward App Support.",Repaired Outlook profile.,true,0,Service Desk|App Support
INC1201612,2026-04-30T14:25:00-04:00,2026-05-05T20:20:54-04:00,2026-05-05T23:59:36-04:00,Closed,4-Low,network,wifi,Network Ops,Peyton Ames,WiFi drops in Building North Floor 5,"WiFi drops in Building North Floor 5
Please assist.
Thanks,
Peyton Ames
@example.invalid","2026-04-30 14:25:00 - Peyton Ames (Work notes)
User reports: WiFi drops in Building North Floor 5. Routing toward Network Ops.
2026-04-30 15:25:07 - Peyton Ames (Work notes)
Applied standard workaround.",Reprovisioned SSID profile.,false,0,Service Desk|Network Ops
INC1201614,2026-06-07T14:04:36-04:00,2026-06-09T12:57:36-04:00,2026-06-10T04:27:22-04:00,Closed,4-Low,desktop,printer,Endpoint Engineering,Taylor Brooks,VPN client will not launch on MacBook,"VPN client will not launch on MacBook
Please assist.
Thanks,
Taylor Brooks
@example.invalid","2026-06-07 14:04:36 - Taylor Brooks (Work notes)
User reports: VPN client will not launch on MacBook. Routing toward Endpoint Engineering.",Power-cycled printer; queue drained.,true,0,Service Desk|Endpoint Engineering
INC1201616,2026-08-04T01:47:19-04:00,2026-08-04T07:14:25-04:00,2026-08-04T23:26:06-04:00,Closed,3-Moderate,desktop,laptop-hardware,Desktop Support,Parker Singh,Keyboard keys sticking on MacBook,"Keyboard keys sticking on MacBook
Please assist.
Thanks,
Parker Singh
@example.invalid","2026-08-04 01:47:19 - Parker Singh (Work notes)
User reports: Keyboard keys sticking on MacBook. Routing toward Desktop Support.",Reseated dock; display path restored.,true,0,Service Desk|Desktop Support
INC1201620,2026-08-19T16:05:05-04:00,2026-08-20T14:52:27-04:00,2026-08-23T08:03:52-04:00,Closed,3-Moderate,app,outlook,Major Incident,Cassidy Rowe,MFA device lost; need reset,"MFA device lost; need reset
Please assist.
Thanks,
Cassidy Rowe
@example.invalid","2026-08-19 16:05:05 - Cassidy Rowe (Work notes)
User reports: MFA device lost; need reset. Routing toward Major Incident.
2026-08-19 17:05:12 - Cassidy Rowe (Work notes)
Waiting on user callback.",Repaired Outlook profile.,true,0,Major Incident
INC1201624,2026-03-24T11:06:11-04:00,2026-03-24T17:22:12-04:00,2026-03-24T20:44:14-04:00,Closed,3-Moderate,network,wifi,Vendor Mgmt,Tatum Rhodes,Poor wifi near conference room 12,"Poor wifi near conference room 12
Please assist.
Thanks,
Tatum Rhodes
@example.invalid","2026-03-24 11:06:11 - Tatum Rhodes (Work notes)
User reports: Poor wifi near conference room 12. Routing toward Vendor Mgmt.",Replaced wireless driver.,true,1,Service Desk|Vendor Mgmt
INC1201628,2026-08-10T10:27:19-04:00,2026-08-12T20:01:01-04:00,2026-08-13T01:16:41-04:00,Closed,4-Low,app,zoom-teams,App Support,Jules Navarro,Zoom meeting audio missing on ThinkPad T14,"Zoom meeting audio missing on ThinkPad T14
Please assist.
Thanks,
Jules Navarro
@example.invalid","2026-08-10 10:27:19 - Jules Navarro (Work notes)
User reports: Zoom meeting audio missing on ThinkPad T14. Routing toward App Support.",Reinstalled Zoom client; audio device set.,true,0,Service Desk|App Support
INC1201629,2026-07-01T15:54:41-04:00,2026-07-02T11:05:48-04:00,2026-07-03T01:51:49-04:00,Closed,3-Moderate,identity,mfa,Service Desk,Casey Quintana,Duo 2FA denied after travel,"Duo 2FA denied after travel
Please assist.
Thanks,
Casey Quintana
@example.invalid","2026-07-01 15:54:41 - Casey Quintana (Work notes)
User reports: Duo 2FA denied after travel. Routing toward Service Desk.
2026-07-01 16:54:48 - Casey Quintana (Work notes)
Applied standard workaround.
2026-07-01 17:54:55 - Casey Quintana (Work notes)
Escalating to Service Desk.",Resynced TOTP; MFA prompt succeeds.,true,0,Service Desk
INC1201635,2026-04-03T13:31:32-04:00,2026-04-05T10:26:11-04:00,,Resolved,3-Moderate,app,outlook,Collaboration Services,Taryn Bell,Exchange disconnected banner in Outlook,"Exchange disconnected banner in Outlook
Please assist.
Thanks,
Taryn Bell
@example.invalid","2026-04-03 13:31:32 - Taryn Bell (Work notes)
User reports: Exchange disconnected banner in Outlook. Routing toward Collaboration Services.",Repaired Outlook profile.,true,0,Service Desk|Collaboration Services
INC1201637,2026-06-08T10:25:27-04:00,2026-06-11T06:45:38-04:00,2026-06-11T13:47:03-04:00,Closed,4-Low,identity,mfa,Identity/IAM,Sloane Adler,MFA device lost; need reset,"MFA device lost; need reset
Please assist.
Thanks,
Sloane Adler
@example.invalid","2026-06-08 10:25:27 - Sloane Adler (Work notes)
User reports: MFA device lost; need reset. Routing toward Identity/IAM.
2026-06-08 11:25:34 - Sloane Adler (Work notes)
Waiting on user callback.
2026-06-08 12:25:41 - Sloane Adler (Work notes)
Checked mfa path; still failing.",Resynced TOTP; MFA prompt succeeds.,true,1,Service Desk|Identity/IAM
INC1201643,2026-06-29T10:31:11-04:00,2026-06-29T21:21:07-04:00,2026-06-30T04:20:37-04:00,Closed,3-Moderate,identity,mfa,Major Incident,Lennox Hart,MFA device lost; need reset,"MFA device lost; need reset
Please assist.
Thanks,
Lennox Hart
@example.invalid","2026-06-29 10:31:11 - Lennox Hart (Work notes)
User reports: MFA device lost; need reset. Routing toward Major Incident.
2026-06-29 11:31:18 - Lennox Hart (Work notes)
Waiting on user callback.",Resynced TOTP; MFA prompt succeeds.,false,0,Major Incident
INC1201648,2026-04-06T14:26:49-04:00,2026-04-08T02:35:01-04:00,2026-04-08T04:58:04-04:00,Closed,4-Low,desktop,peripheral,Desktop Support,Finley Shah,Monitor flicker on ThinkPad T14 dock,"Monitor flicker on ThinkPad T14 dock
Please assist.
Thanks,
Finley Shah
@example.invalid","2026-04-06 14:26:49 - Finley Shah (Work notes)
User reports: Monitor flicker on ThinkPad T14 dock. Routing toward Desktop Support.
2026-04-06 15:26:56 - Finley Shah (Work notes)
Checked peripheral path; still failing.
2026-04-06 16:26:03 - Finley Shah (Work notes)
Checked peripheral path; still failing.",Re-enabled webcam in device manager.,true,0,Service Desk|Desktop Support
INC1201649,2026-05-21T04:23:47-04:00,2026-05-22T18:49:43-04:00,2026-05-22T19:54:15-04:00,Closed,2-High,app,outlook,Service Desk,Riley Cho,Calendar invites not showing in Outlook,"Calendar invites not showing in Outlook
Please assist.
Thanks,
Riley Cho
@example.invalid","2026-05-21 04:23:47 - Riley Cho (Work notes)
User reports: Calendar invites not showing in Outlook. Routing toward Service Desk.
2026-05-21 05:23:54 - Riley Cho (Work notes)
Escalating to Collaboration Services.",Repaired Outlook profile.,false,0,Service Desk|Collaboration Services|Collaboration Services|Service Desk
INC1201651,2026-05-13T10:10:19-04:00,2026-05-16T04:21:00-04:00,2026-05-16T05:44:17-04:00,Closed,4-Low,facilities,workspace,Facilities,Indigo Walsh,Desk move request Floor 12,"Desk move request Floor 12
Please assist.
Thanks,
Indigo Walsh
@example.invalid","2026-05-13 10:10:19 - Indigo Walsh (Work notes)
User reports: Desk move request Floor 12. Routing toward Facilities.",Chair replaced.,true,0,Service Desk|Facilities
INC1201658,2026-06-22T15:16:31-04:00,2026-06-23T00:08:22-04:00,2026-06-25T15:48:58-04:00,Closed,3-Moderate,desktop,laptop-hardware,Service Desk,Quinn Patel,Laptop lid sensor false sleep on Surface Laptop,"Laptop lid sensor false sleep on Surface Laptop
Please assist.
Thanks,
Quinn Patel
@example.invalid","2026-06-22 15:16:31 - Quinn Patel (Work notes)
User reports: Laptop lid sensor false sleep on Surface Laptop. Routing toward Service Desk.
2026-06-22 16:16:38 - Quinn Patel (Work notes)
Escalating to Service Desk.",Replaced charger and retested battery.,true,0,Service Desk
INC1201660,2026-06-25T16:26:13-04:00,2026-06-26T14:42:42-04:00,2026-06-26T17:10:48-04:00,Closed,3-Moderate,identity,password-reset,Service Desk,Morgan Voss,User forgot password after leave,"User forgot password after leave
Please assist.
Thanks,
Morgan Voss
@example.invalid","2026-06-25 16:26:13 - Morgan Voss (Work notes)
User reports: User forgot password after leave. Routing toward Service Desk.",Password reset completed; user logged on.,true,0,Service Desk
INC1201667,2026-07-09T00:33:51-04:00,2026-07-12T21:27:30-04:00,2026-07-13T03:16:02-04:00,Closed,4-Low,desktop,laptop-hardware,Desktop Support,Finley Shah,Keyboard keys sticking on EliteBook 840,"Keyboard keys sticking on EliteBook 840
Please assist.
Thanks,
Finley Shah
@example.invalid","2026-07-09 00:33:51 - Finley Shah (Work notes)
User reports: Keyboard keys sticking on EliteBook 840. Routing toward Desktop Support.",Imaged laptop; hardware test passed.,true,0,Service Desk|Desktop Support
INC1201669,2026-05-27T13:02:25-04:00,2026-05-31T08:23:17-04:00,2026-05-31T17:58:19-04:00,Closed,4-Low,desktop,other-desktop,Desktop Support,Finley Shah,Local admin rights needed for vendor tool,"Local admin rights needed for vendor tool
Please assist.
Thanks,
Finley Shah
@example.invalid","2026-05-27 13:02:25 - Finley Shah (Work notes)
User reports: Local admin rights needed for vendor tool. Routing toward Desktop Support.
2026-05-27 14:02:32 - Finley Shah (Work notes)
Escalating to Desktop Support.",Rebuilt profile; network drive mapped.,true,0,Service Desk|Desktop Support
INC1201671,2026-07-03T11:00:09-04:00,,2026-07-04T16:43:45-04:00,Canceled,2-High,identity,password-reset,Major Incident,Lennox Hart,Password reset needed — account lockout,"Password reset needed — account lockout
Please assist.
Thanks,
Lennox Hart
@example.invalid",,Canceled — duplicate of INC1201659,,0,Service Desk|Major Incident
INC1201676,2026-07-22T20:26:05-04:00,2026-07-24T13:58:41-04:00,2026-07-24T18:55:12-04:00,Closed,4-Low,facilities,badge-access,Facilities,,Badge reader at Building North door will not beep,"Badge reader at Building North door will not beep
Please assist.
Thanks,
End User
@example.invalid","2026-07-22 20:26:05 - Riley Cho (Work notes)
User reports: Badge reader at Building North door will not beep. Routing toward Facilities.
2026-07-22 21:26:12 - Casey Quintana (Work notes)
Escalating to Facilities.
2026-07-22 22:26:19 - Blake Ibarra (Work notes)
Applied standard workaround.",Badge recoded; reader tested.,true,0,Service Desk|Facilities
INC1201683,2026-08-15T23:24:45-04:00,2026-08-16T10:11:59-04:00,2026-08-16T16:29:00-04:00,Closed,3-Moderate,facilities,other-facilities,Facilities,Indigo Walsh,Light out near desk,,"2026-08-15 23:24:45 - Indigo Walsh (Work notes)
User reports: Light out near desk. Routing toward Facilities.",Work order closed with vendor.,true,0,Service Desk|Facilities
INC1201688,2026-05-07T15:29:22-04:00,2026-05-09T05:07:11-04:00,2026-05-09T17:45:37-04:00,Closed,4-Low,network,vpn,Network Ops,Logan West,Split tunnel missing file share over VPN,"Split tunnel missing file share over VPN
Please assist.
Thanks,
Logan West
@example.invalid","2026-05-07 15:29:22 - Logan West (Work notes)
User reports: Split tunnel missing file share over VPN. Routing toward Network Ops.
2026-05-07 16:29:29 - Logan West (Work notes)
Waiting on user callback.",VPN profile rebuilt; tunnel stable.,true,0,Service Desk|Network Ops
INC1201691,2026-08-05T03:01:27-04:00,2026-08-07T12:32:47-04:00,2026-08-08T13:06:38-04:00,Closed,3-Moderate,desktop,laptop-hardware,Desktop Support,Parker Singh,MacBook overheats under light load,"MacBook overheats under light load
Please assist.
Thanks,
Parker Singh
@example.invalid","2026-08-05 03:01:27 - Parker Singh (Work notes)
User reports: MacBook overheats under light load. Routing toward Desktop Support.
2026-08-05 04:01:34 - Parker Singh (Work notes)
Checked laptop-hardware path; still failing.
2026-08-05 05:01:41 - Parker Singh (Work notes)
Escalating to Service Desk.",Reseated dock; display path restored.,false,1,Service Desk|Desktop Support|Service Desk|Desktop Support
INC1201694,2026-08-03T11:20:35-04:00,2026-08-03T15:16:39-04:00,2026-08-05T00:22:59-04:00,Closed,3-Moderate,facilities,badge-access,Major Incident,Marlowe Quinn,Door lock stuck after badge tap,"Door lock stuck after badge tap
Please assist.
Thanks,
Marlowe Quinn
@example.invalid","2026-08-03 11:20:35 - Marlowe Quinn (Work notes)
User reports: Door lock stuck after badge tap. Routing toward Major Incident.",Badge recoded; reader tested.,true,0,Major Incident
INC1201696,2026-05-27T10:04:59-04:00,2026-06-01T17:27:42-04:00,2026-06-02T07:27:11-04:00,Closed,4-Low,desktop,printer,Desktop Support,Reese Dalton,Color prints banding on ThinkPad T14,"Color prints banding on ThinkPad T14
Please assist.
Thanks,
Reese Dalton
@example.invalid","2026-05-27 10:04:59 - Reese Dalton (Work notes)
User reports: Color prints banding on ThinkPad T14. Routing toward Desktop Support.",Replaced toner and cleared jam.,false,1,Service Desk|Desktop Support
INC1201702,2026-07-20T13:11:09-04:00,2026-07-22T08:16:02-04:00,2026-07-22T14:44:41-04:00,Closed,3-Moderate,desktop,printer,Desktop Support,Parker Singh,Cannot reach SAP over VPN client,"Cannot reach SAP over VPN client
Please assist.
Thanks,
Parker Singh
@example.invalid","2026-07-20 13:11:09 - Parker Singh (Work notes)
User reports: Cannot reach SAP over VPN client. Routing toward Desktop Support.",Power-cycled printer; queue drained.,true,1,Service Desk|Desktop Support
INC1201708,2026-04-24T18:40:47-04:00,2026-04-25T15:43:54-04:00,2026-04-27T09:02:03-04:00,Closed,3-Moderate,desktop,os-software,Endpoint Engineering,Emerson Vale,Windows update stuck at 87% on Latitude 5540,,"2026-04-24 18:40:47 - Emerson Vale (Work notes)
User reports: Windows update stuck at 87% on Latitude 5540. Routing toward Endpoint Engineering.",Repaired Chrome install.,true,1,Service Desk|Endpoint Engineering|Service Desk|Endpoint Engineering
INC1201709,2026-04-24T10:02:56-04:00,2026-04-27T07:02:29-04:00,2026-04-27T20:16:34-04:00,Closed,4-Low,desktop,peripheral,Desktop Support,Finley Shah,Keyboard not detected after sleep,"Keyboard not detected after sleep
Please assist.
Thanks,
Finley Shah
@example.invalid","2026-04-24 10:02:56 - Finley Shah (Work notes)
User reports: Keyboard not detected after sleep. Routing toward Desktop Support.
2026-04-24 11:02:03 - Finley Shah (Work notes)
Waiting on user callback.
2026-04-24 12:02:10 - Finley Shah (Work notes)
Waiting on user callback.",Updated dock firmware.,true,2,Service Desk|Desktop Support
INC1201716,2026-08-19T10:42:22-04:00,2026-08-22T20:13:30-04:00,2026-08-23T08:32:58-04:00,Closed,4-Low,network,wan-lan,Service Desk,Avery Lang,Wired port dead at desk,"Wired port dead at desk
Please assist.
Thanks,
Avery Lang
@example.invalid","2026-08-19 10:42:22 - Avery Lang (Work notes)
User reports: Wired port dead at desk. Routing toward Service Desk.",Port bounce on switch; link up.,true,0,Service Desk|Service Desk|Service Desk|Service Desk
INC1201719,2026-02-25T09:10:26-05:00,2026-02-28T19:52:16-05:00,2026-03-01T08:42:30-05:00,Closed,4-Low,identity,mfa,Identity/IAM,Sloane Adler,TOTP out of sync after clock change,,"2026-02-25 09:10:26 - Sloane Adler (Work notes)
User reports: TOTP out of sync after clock change. Routing toward Identity/IAM.
2026-02-25 10:10:33 - Sloane Adler (Work notes)
Escalating to Identity/IAM.
2026-02-25 11:10:40 - Sloane Adler (Work notes)
Escalating to Identity/IAM.",Reset Duo device; enrollment complete.,true,1,Service Desk|Identity/IAM
INC1201723,2026-04-23T08:45:56-04:00,2026-04-24T05:55:23-04:00,,Resolved,2-High,app,sap,SAP Support,Nico Alvarez,S4HANA fiori tile missing after transport,"S4HANA fiori tile missing after transport
Please assist.
Thanks,
Nico Alvarez
@example.invalid","2026-04-23 08:45:56 - Nico Alvarez (Work notes)
User reports: S4HANA fiori tile missing after transport. Routing toward SAP Support.
2026-04-23 09:45:03 - Nico Alvarez (Work notes)
Escalating to SAP Support.",Transport reapplied; tile restored.,false,1,Service Desk|SAP Support
INC1201725,2026-06-16T14:01:23-04:00,2026-06-17T13:52:12-04:00,2026-06-17T20:27:59-04:00,Closed,4-Low,facilities,hvac,Facilities,River Santos,Temperature swing in conference room,"Temperature swing in conference room
Please assist.
Thanks,
River Santos
@example.invalid","2026-06-16 14:01:23 - River Santos (Work notes)
User reports: Temperature swing in conference room. Routing toward Facilities.
2026-06-16 15:01:30 - River Santos (Work notes)
Waiting on user callback.",Thermostat reset; temperature stable.,true,0,Service Desk|Facilities
INC1201731,2026-04-26T18:36:58-04:00,2026-04-26T23:58:23-04:00,2026-04-30T06:50:19-04:00,Closed,4-Low,app,other-app,App Support,Remy Cole,Business app will not start after patch,,"2026-04-26 18:36:58 - Remy Cole (Work notes)
User reports: Business app will not start after patch. Routing toward App Support.",Repaired client install; license refreshed.,true,0,Service Desk|App Support
INC1201732,2026-06-30T10:10:26-04:00,2026-07-02T02:02:19-04:00,2026-07-02T09:49:56-04:00,Closed,3-Moderate,identity,password-reset,Identity/IAM,Eden Park,Password expired; cannot log on,"Password expired; cannot log on
Please assist.
Thanks,
Eden Park
@example.invalid","2026-06-30 10:10:26 - Eden Park (Work notes)
User reports: Password expired; cannot log on. Routing toward Identity/IAM.
2026-06-30 11:10:33 - Eden Park (Work notes)
Checked password-reset path; still failing.",Password reset completed; user logged on.,true,0,Service Desk|Identity/IAM|Service Desk|Identity/IAM
INC1201739,2026-05-03T23:53:11-04:00,2026-05-04T03:15:32-04:00,2026-05-04T17:27:26-04:00,Closed,2-High,desktop,laptop-hardware,Major Incident,Cassidy Rowe,Cannot boot ThinkPad T14 after weekend patch,"Cannot boot ThinkPad T14 after weekend patch
Please assist.
Thanks,
Cassidy Rowe
@example.invalid","2026-05-03 23:53:11 - Cassidy Rowe (Work notes)
User reports: Cannot boot ThinkPad T14 after weekend patch. Routing toward Major Incident.",Replaced charger and retested battery.,true,0,Major Incident
INC1201746,2026-03-24T13:08:09-04:00,2026-03-25T18:11:57-04:00,2026-03-26T09:11:10-04:00,Closed,4-Low,app,outlook,App Support,Shay Ortega,Exchange disconnected banner in Outlook,"Exchange disconnected banner in Outlook
Please assist.
Thanks,
Shay Ortega
@example.invalid","2026-03-24 13:08:09 - Shay Ortega (Work notes)
User reports: Exchange disconnected banner in Outlook. Routing toward App Support.",Remapped shared mailbox.,true,0,Major Incident|App Support
INC1201750,2026-06-17T13:50:14-04:00,2026-06-18T13:31:40-04:00,2026-06-21T06:37:25-04:00,Closed,3-Moderate,desktop,laptop-hardware,Desktop Support,Finley Shah,Cannot boot MacBook after weekend patch,"Cannot boot MacBook after weekend patch
Please assist.
Thanks,
Finley Shah
@example.invalid","2026-06-17 13:50:14 - Finley Shah (Work notes)
User reports: Cannot boot MacBook after weekend patch. Routing toward Desktop Support.
2026-06-17 14:50:21 - Finley Shah (Work notes)
Escalating to Desktop Support.
2026-06-17 15:50:28 - Finley Shah (Work notes)
Applied standard workaround.",Imaged laptop; hardware test passed.,false,0,Service Desk|Desktop Support
INC1201755,2026-06-18T09:24:25-04:00,2026-06-19T01:06:20-04:00,2026-06-19T21:42:56-04:00,Closed,2-High,desktop,os-software,Endpoint Engineering,Taylor Brooks,BitLocker recovery key requested for Surface Laptop,"BitLocker recovery key requested for Surface Laptop
Please assist.
Thanks,
Taylor Brooks
@example.invalid","2026-06-18 09:24:25 - Taylor Brooks (Work notes)
User reports: BitLocker recovery key requested for Surface Laptop. Routing toward Endpoint Engineering.
2026-06-18 10:24:32 - Taylor Brooks (Work notes)
Checked os-software path; still failing.
2026-06-18 11:24:39 - Taylor Brooks (Work notes)
Waiting on user callback.",Cleared update cache; reboot succeeded.,false,0,Service Desk|Endpoint Engineering
INC1201760,2026-06-23T15:01:22-04:00,2026-06-24T02:18:29-04:00,2026-06-25T08:39:41-04:00,Closed,3-Moderate,facilities,badge-access,Service Desk,Morgan Voss,Badge reader at Building C door will not beep,"Badge reader at Building C door will not beep
Please assist.
Thanks,
Morgan Voss
@example.invalid","2026-06-23 15:01:22 - Morgan Voss (Work notes)
User reports: Badge reader at Building C door will not beep. Routing toward Service Desk.",Badge recoded; reader tested.,true,1,Service Desk|Facilities|Service Desk
INC1201764,2026-06-11T09:45:56-04:00,2026-06-13T12:11:22-04:00,2026-06-13T16:22:10-04:00,Closed,4-Low,desktop,laptop-hardware,Desktop Support,Harper Nunez,Laptop lid sensor false sleep on MacBook,,"2026-06-11 09:45:56 - Harper Nunez (Work notes)
User reports: Laptop lid sensor false sleep on MacBook. Routing toward Desktop Support.
2026-06-11 10:45:03 - Harper Nunez (Work notes)
Waiting on user callback.",Imaged laptop; hardware test passed.,true,0,Service Desk|Desktop Support|Service Desk|Desktop Support
INC1201767,2026-03-09T14:50:55-04:00,2026-03-10T13:22:38-04:00,2026-03-11T14:58:45-04:00,Closed,3-Moderate,desktop,peripheral,Desktop Support,Parker Singh,Keyboard not detected after sleep,"Keyboard not detected after sleep
Please assist.
Thanks,
Parker Singh
@example.invalid","2026-03-09 14:50:55 - Parker Singh (Work notes)
User reports: Keyboard not detected after sleep. Routing toward Desktop Support.",Re-enabled webcam in device manager.,true,0,Service Desk|Desktop Support
INC1201769,2026-08-04T00:21:07-04:00,2026-08-04T04:44:35-04:00,2026-08-04T23:05:10-04:00,Closed,3-Moderate,app,other-app,App Support,Shay Ortega,Business app will not start after patch,"Business app will not start after patch
Please assist.
Thanks,
Shay Ortega
@example.invalid","2026-08-04 00:21:07 - Shay Ortega (Work notes)
User reports: Business app will not start after patch. Routing toward App Support.
2026-08-04 01:21:14 - Shay Ortega (Work notes)
Checked other-app path; still failing.
2026-08-04 02:21:21 - Shay Ortega (Work notes)
Applied standard workaround.",Repaired client install; license refreshed.,true,0,Service Desk|App Support
INC1201776,2026-08-27T19:59:37-04:00,2026-09-01T01:23:33-04:00,2026-09-01T04:03:49-04:00,Closed,4-Low,desktop,printer,Endpoint Engineering,Jamie Solis,Toner low / print queue stuck for EliteBook 840,"Toner low / print queue stuck for EliteBook 840
Please assist.
Thanks,
Jamie Solis
@example.invalid","2026-08-27 19:59:37 - Jamie Solis (Work notes)
User reports: Toner low / print queue stuck for EliteBook 840. Routing toward Endpoint Engineering.",Replaced toner and cleared jam.,true,0,Endpoint Engineering
INC1201777,2026-04-21T00:58:44-04:00,2026-04-21T06:44:28-04:00,2026-04-21T16:59:49-04:00,Closed,3-Moderate,app,sap,SAP Support,Blair Mendes,TOTP out of sync after clock change,"TOTP out of sync after clock change
Please assist.
Thanks,
Blair Mendes
@example.invalid","2026-04-21 00:58:44 - Blair Mendes (Work notes)
User reports: TOTP out of sync after clock change. Routing toward SAP Support.
2026-04-21 01:58:51 - Blair Mendes (Work notes)
Escalating to App Support.",GUI cache cleared; S/4 opens.,true,0,Service Desk|App Support|Service Desk|SAP Support
INC1201784,2026-03-31T14:51:20-04:00,2026-04-02T13:29:46-04:00,2026-04-04T14:37:04-04:00,Closed,4-Low,app,web-app,App Support,Remy Cole,Chrome SSO timeout on web app,"Chrome SSO timeout on web app
Please assist.
Thanks,
Remy Cole
@example.invalid","2026-03-31 14:51:20 - Remy Cole (Work notes)
User reports: Chrome SSO timeout on web app. Routing toward App Support.",Cleared SSO cookies; Chrome sign-in works.,true,0,App Support
INC1201788,2026-07-27T11:44:09-04:00,2026-08-01T17:49:54-04:00,2026-08-03T03:19:00-04:00,Closed,3-Moderate,app,zoom-teams,Collaboration Services,Taryn Bell,Teams will not join from laptop,"Teams will not join from laptop
Please assist.
Thanks,
Taryn Bell
@example.invalid","2026-07-27 11:44:09 - Taryn Bell (Work notes)
User reports: Teams will not join from laptop. Routing toward Collaboration Services.",Teams cache cleared.,false,0,Service Desk|Collaboration Services
INC1201795,2026-04-13T14:34:10-04:00,2026-04-16T01:26:21-04:00,2026-04-16T03:40:08-04:00,Closed,4-Low,network,dns,Network Ops,Logan West,Cannot resolve printer hostname,"Cannot resolve printer hostname
Please assist.
Thanks,
Logan West
@example.invalid","2026-04-13 14:34:10 - Logan West (Work notes)
User reports: Cannot resolve printer hostname. Routing toward Network Ops.
2026-04-13 15:34:17 - Logan West (Work notes)
Escalating to Network Ops.",Flushed DNS; internal zones resolve.,true,0,Service Desk|Network Ops
INC1201797,2026-08-19T14:35:00-04:00,,,On Hold,4-Low,app,web-app,App Support,Kendall Frost,Page timeout in Chrome after lunch,"Page timeout in Chrome after lunch
Please assist.
Thanks,
Kendall Frost
@example.invalid","2026-08-19 14:35:00 - Kendall Frost (Work notes)
User reports: Page timeout in Chrome after lunch. Routing toward App Support.
2026-08-19 15:35:07 - Kendall Frost (Work notes)
Checked web-app path; still failing.",,,0,Service Desk|App Support
INC1201803,2026-05-11T10:45:56-04:00,,2026-05-11T21:21:38-04:00,Canceled,2-High,app,other-app,App Support,Kendall Frost,App crash on save,"App crash on save
Please assist.
Thanks,
Kendall Frost
@example.invalid","2026-05-11 10:45:56 - Kendall Frost (Work notes)
User reports: App crash on save. Routing toward App Support.
2026-05-11 11:45:03 - Kendall Frost (Work notes)
Applied standard workaround.
2026-05-11 12:45:10 - Kendall Frost (Work notes)
Escalating to Service Desk.",Canceled — duplicate of INC1201791,,0,Service Desk|App Support|Service Desk|App Support
INC1201807,2026-08-21T10:09:13-04:00,2026-08-30T10:00:40-04:00,2026-08-30T22:29:15-04:00,Closed,4-Low,desktop,other-desktop,Vendor Mgmt,Sutton Grey,Mapped network drive missing at logon,"Mapped network drive missing at logon
Please assist.
Thanks,
Sutton Grey
@example.invalid","2026-08-21 10:09:13 - Sutton Grey (Work notes)
User reports: Mapped network drive missing at logon. Routing toward Vendor Mgmt.
2026-08-21 11:09:20 - Sutton Grey (Work notes)
Escalating to Vendor Mgmt.",Granted temporary local admin.,false,1,Service Desk|Vendor Mgmt
INC1201810,2026-05-08T11:24:53-04:00,,2026-05-10T00:40:32-04:00,Canceled,4-Low,network,vpn,Network Ops,Skyler Bond,VPN disconnects during large file copy,"VPN disconnects during large file copy
Please assist.
Thanks,
Skyler Bond
@example.invalid",,Canceled — user no-response,,0,Service Desk|Network Ops
INC1201813,2026-03-23T10:28:19-04:00,2026-03-23T19:34:27-04:00,2026-03-25T17:49:16-04:00,Closed,3-Moderate,network,wan-lan,Network Ops,Peyton Ames,Wired port dead at desk,"Wired port dead at desk
Please assist.
Thanks,
Peyton Ames
@example.invalid","2026-03-23 10:28:19 - Peyton Ames (Work notes)
User reports: Wired port dead at desk. Routing toward Network Ops.",Vendor cleared WAN incident.,true,1,Service Desk|Network Ops
INC1201818,2026-07-29T10:17:58-04:00,2026-08-03T04:23:20-04:00,2026-08-03T11:08:35-04:00,Closed,3-Moderate,app,sap,SAP Support,Shiloh Grant,Cannot launch S/4 after role change,"Cannot launch S/4 after role change
Please assist.
Thanks,
Shiloh Grant
@example.invalid",,Transport reapplied; tile restored.,false,0,Service Desk|SAP Support
INC1201823,2026-07-05T12:32:44-04:00,2026-07-05T20:13:38-04:00,2026-07-06T08:35:17-04:00,Closed,2-High,identity,mfa,Identity/IAM,Eden Park,MFA enrollment week — new hire cannot complete Duo,"MFA enrollment week — new hire cannot complete Duo
Please assist.
Thanks,
Eden Park
@example.invalid","2026-07-05 12:32:44 - Eden Park (Work notes)
User reports: MFA enrollment week — new hire cannot complete Duo. Routing toward Identity/IAM.",Resynced TOTP; MFA prompt succeeds.,true,0,Service Desk|Identity/IAM
INC1201824,2026-05-01T14:49:11-04:00,2026-05-03T06:40:31-04:00,2026-05-03T10:31:22-04:00,Closed,3-Moderate,app,sap,SAP Support,Blair Mendes,SAP dump while saving IW32,"SAP dump while saving IW32
Please assist.
Thanks,
Blair Mendes
@example.invalid","2026-05-01 14:49:11 - Blair Mendes (Work notes)
User reports: SAP dump while saving IW32. Routing toward SAP Support.
2026-05-01 15:49:18 - Blair Mendes (Work notes)
Applied standard workaround.
2026-05-01 16:49:25 - Blair Mendes (Work notes)
Checked sap path; still failing.",GUI cache cleared; S/4 opens.,true,0,Service Desk|SAP Support
INC1201826,2026-08-25T14:56:28-04:00,2026-08-26T15:33:33-04:00,2026-08-28T04:43:42-04:00,Closed,3-Moderate,desktop,os-software,Endpoint Engineering,Taylor Brooks,Chrome will not start after update on MacBook,"Chrome will not start after update on MacBook
Please assist.
Thanks,
Taylor Brooks
@example.invalid","2026-08-25 14:56:28 - Taylor Brooks (Work notes)
User reports: Chrome will not start after update on MacBook. Routing toward Endpoint Engineering.
2026-08-25 15:56:35 - Taylor Brooks (Work notes)
Escalating to Endpoint Engineering.
2026-08-25 16:56:42 - Taylor Brooks (Work notes)
Checked os-software path; still failing.",Cleared update cache; reboot succeeded.,true,0,Service Desk|Endpoint Engineering
INC1201831,2026-07-27T15:45:58-04:00,2026-07-30T00:03:33-04:00,2026-08-02T13:29:16-04:00,Closed,4-Low,desktop,laptop-hardware,Desktop Support,Cameron Ortiz,EliteBook 840 overheats under light load,"EliteBook 840 overheats under light load
Please assist.
Thanks,
Cameron Ortiz
@example.invalid",,Replaced charger and retested battery.,true,0,Service Desk|Desktop Support
INC1201836,2026-06-15T09:08:57-04:00,2026-06-23T01:24:46-04:00,,Resolved,3-Moderate,desktop,other-desktop,Desktop Support,Harper Nunez,Slow logon on MacBook,"Slow logon on MacBook
Please assist.
Thanks,
Harper Nunez
@example.invalid","2026-06-15 09:08:57 - Harper Nunez (Work notes)
User reports: Slow logon on MacBook. Routing toward Desktop Support.",Granted temporary local admin.,false,0,Service Desk|Desktop Support|Service Desk|Desktop Support
INC1201842,2026-03-20T09:45:53-04:00,2026-03-20T15:04:44-04:00,2026-03-20T16:16:17-04:00,Closed,2-High,network,wan-lan,Network Ops,Hayden Cruz,Switch in Building C showing high latency,"Switch in Building C showing high latency
Please assist.
Thanks,
Hayden Cruz
@example.invalid","2026-03-20 09:45:53 - Hayden Cruz (Work notes)
User reports: Switch in Building C showing high latency. Routing toward Network Ops.",Vendor cleared WAN incident.,true,0,Service Desk|Network Ops
INC1201847,2026-05-29T14:49:01-04:00,2026-05-30T09:38:41-04:00,,Resolved,3-Moderate,network,vpn,Network Ops,Hayden Cruz,AnyConnect error after password change,"AnyConnect error after password change
Please assist.
Thanks,
Hayden Cruz
@example.invalid","2026-05-29 14:49:01 - Hayden Cruz (Work notes)
User reports: AnyConnect error after password change. Routing toward Network Ops.",VPN profile rebuilt; tunnel stable.,true,0,Service Desk|Network Ops
INC1201853,2026-06-09T10:56:44-04:00,2026-06-09T15:40:33-04:00,2026-06-10T00:18:35-04:00,Closed,2-High,identity,mfa,Identity/IAM,Eden Park,Duo 2FA denied after travel,"Duo 2FA denied after travel
Please assist.
Thanks,
Eden Park
@example.invalid","2026-06-09 10:56:44 - Eden Park (Work notes)
User reports: Duo 2FA denied after travel. Routing toward Identity/IAM.
2026-06-09 11:56:51 - Eden Park (Work notes)
Waiting on user callback.
2026-06-09 12:56:58 - Eden Park (Work notes)
Waiting on user callback.",Reset Duo device; enrollment complete.,true,0,Major Incident|Identity/IAM
INC1201858,2026-05-11T14:39:23-04:00,2026-05-13T02:25:36-04:00,2026-05-13T22:43:36-04:00,Closed,4-Low,identity,other-identity,Identity/IAM,Phoenix Lee,Stale account needs review,"Stale account needs review
Please assist.
Thanks,
Phoenix Lee
@example.invalid","2026-05-11 14:39:23 - Phoenix Lee (Work notes)
User reports: Stale account needs review. Routing toward Identity/IAM.",Account reviewed and extended.,true,0,Service Desk|Identity/IAM
INC1201859,2026-08-13T09:27:17-04:00,,,New,4-Low,identity,password-reset,Service Desk,Riley Cho,User forgot password after leave,"User forgot password after leave
Please assist.
Thanks,
Riley Cho
@example.invalid","2026-08-13 09:27:17 - Riley Cho (Work notes)
User reports: User forgot password after leave. Routing toward Service Desk.",,,0,Service Desk
INC1201864,2026-08-26T15:53:26-04:00,2026-08-27T16:55:12-04:00,2026-08-28T08:16:46-04:00,Closed,3-Moderate,desktop,laptop-hardware,Desktop Support,Cameron Ortiz,Laptop intermittent freeze — ThinkPad T14 will not wake,"Laptop intermittent freeze — ThinkPad T14 will not wake
Please assist.
Thanks,
Cameron Ortiz
@example.invalid","2026-08-26 15:53:26 - Cameron Ortiz (Work notes)
User reports: Laptop intermittent freeze — ThinkPad T14 will not wake. Routing toward Desktop Support.
2026-08-26 16:53:33 - Cameron Ortiz (Work notes)
Applied standard workaround.
2026-08-26 17:53:40 - Cameron Ortiz (Work notes)
Checked laptop-hardware path; still failing.",Imaged laptop; hardware test passed.,true,0,Service Desk|Desktop Support
INC1201868,2026-06-01T12:56:07-04:00,2026-06-03T21:05:47-04:00,2026-06-03T23:26:32-04:00,Closed,3-Moderate,app,zoom-teams,Collaboration Services,Arden Miles,Zoom client crash on screen share,"Zoom client crash on screen share
Please assist.
Thanks,
Arden Miles
@example.invalid","2026-06-01 12:56:07 - Arden Miles (Work notes)
User reports: Zoom client crash on screen share. Routing toward Collaboration Services.",Teams cache cleared.,false,0,Service Desk|Collaboration Services
INC1201873,2026-08-11T18:11:54-04:00,2026-08-13T08:17:00-04:00,2026-08-13T12:03:19-04:00,Closed,3-Moderate,desktop,os-software,Desktop Support,Reese Dalton,Windows update stuck at 87% on EliteBook 840,"Windows update stuck at 87% on EliteBook 840
Please assist.
Thanks,
Reese Dalton
@example.invalid","2026-08-11 18:11:54 - Reese Dalton (Work notes)
User reports: Windows update stuck at 87% on EliteBook 840. Routing toward Desktop Support.",Completed patch and verified BitLocker.,true,0,Service Desk|Desktop Support
INC1201879,2026-03-18T14:31:16-04:00,2026-03-21T02:54:36-04:00,2026-03-21T12:49:58-04:00,Closed,2-High,desktop,os-software,Endpoint Engineering,Emerson Vale,Windows patch failed on EliteBook 840; bitlocker prompt loop,"Windows patch failed on EliteBook 840; bitlocker prompt loop
Please assist.
Thanks,
Emerson Vale
@example.invalid","2026-03-18 14:31:16 - Emerson Vale (Work notes)
User reports: Windows patch failed on EliteBook 840; bitlocker prompt loop. Routing toward Endpoint Engineering.
2026-03-18 15:31:23 - Emerson Vale (Work notes)
Waiting on user callback.
2026-03-18 16:31:30 - Emerson Vale (Work notes)
Applied standard workaround.",Completed patch and verified BitLocker.,false,0,Service Desk|Endpoint Engineering
INC1201880,2026-03-18T09:29:00-04:00,2026-03-18T11:02:57-04:00,2026-03-18T18:40:55-04:00,Closed,2-High,desktop,other-desktop,Desktop Support,Reese Dalton,Local admin rights needed for vendor tool,"Local admin rights needed for vendor tool
Please assist.
Thanks,
Reese Dalton
@example.invalid",,Rebuilt profile; network drive mapped.,true,0,Service Desk|Desktop Support
INC1201881,2026-06-29T13:31:02-04:00,2026-06-30T13:54:43-04:00,2026-06-30T19:09:25-04:00,Closed,4-Low,identity,mfa,Identity/IAM,Marlowe Singh,MFA enrollment week — new hire cannot complete Duo,"MFA enrollment week — new hire cannot complete Duo
Please assist.
Thanks,
Marlowe Singh
@example.invalid","2026-06-29 13:31:02 - Marlowe Singh (Work notes)
User reports: MFA enrollment week — new hire cannot complete Duo. Routing toward Identity/IAM.
2026-06-29 14:31:09 - Marlowe Singh (Work notes)
Waiting on user callback.",Reset Duo device; enrollment complete.,true,0,Service Desk|Identity/IAM
INC1201882,2026-03-24T17:02:45-04:00,2026-03-26T21:53:58-04:00,2026-03-27T01:46:10-04:00,Closed,3-Moderate,app,outlook,App Support,Remy Cole,Shared mailbox missing after migration,"Shared mailbox missing after migration
Please assist.
Thanks,
Remy Cole
@example.invalid","2026-03-24 17:02:45 - Remy Cole (Work notes)
User reports: Shared mailbox missing after migration. Routing toward App Support.
2026-03-24 18:02:52 - Remy Cole (Work notes)
Applied standard workaround.",Remapped shared mailbox.,false,1,Service Desk|App Support|Service Desk|App Support
INC1201887,2026-04-30T10:42:52-04:00,2026-05-04T07:21:57-04:00,2026-05-04T11:47:10-04:00,Closed,3-Moderate,network,wifi,Major Incident,Cassidy Rowe,Poor wifi near conference room 2,"Poor wifi near conference room 2
Please assist.
Thanks,
Cassidy Rowe
@example.invalid","2026-04-30 10:42:52 - Cassidy Rowe (Work notes)
User reports: Poor wifi near conference room 2. Routing toward Major Incident.
2026-04-30 11:42:59 - Cassidy Rowe (Work notes)
Escalating to Major Incident.",Reprovisioned SSID profile.,false,0,Service Desk|Major Incident
INC1201889,2026-04-21T20:40:22-04:00,2026-04-22T15:38:32-04:00,,Resolved,4-Low,desktop,other-desktop,Desktop Support,Parker Singh,Local admin rights needed for vendor tool,"Local admin rights needed for vendor tool
Please assist.
Thanks,
Parker Singh
@example.invalid","2026-04-21 20:40:22 - Parker Singh (Work notes)
User reports: Local admin rights needed for vendor tool. Routing toward Desktop Support.
2026-04-21 21:40:29 - Parker Singh (Work notes)
Escalating to Desktop Support.
2026-04-21 22:40:36 - Parker Singh (Work notes)
Checked other-desktop path; still failing.",Rebuilt profile; network drive mapped.,false,0,Service Desk|Desktop Support
INC1201891,2026-03-30T13:26:10-04:00,2026-03-31T10:48:18-04:00,2026-03-31T15:44:40-04:00,Closed,3-Moderate,desktop,os-software,Service Desk,Riley Cho,Software center missing required app on Surface Laptop,"Software center missing required app on Surface Laptop
Please assist.
Thanks,
Riley Cho
@example.invalid",,Repaired Chrome install.,true,0,Service Desk
INC1201894,2026-05-07T10:26:21-04:00,2026-05-08T02:24:12-04:00,2026-05-08T07:15:05-04:00,Closed,4-Low,desktop,os-software,Desktop Support,Harper Nunez,BitLocker recovery key requested for EliteBook 840,,"2026-05-07 10:26:21 - Harper Nunez (Work notes)
User reports: BitLocker recovery key requested for EliteBook 840. Routing toward Desktop Support.",Repaired Chrome install.,true,0,Service Desk|Desktop Support
INC1201901,2026-07-15T13:55:06-04:00,2026-07-16T05:51:37-04:00,2026-07-16T17:10:50-04:00,Closed,4-Low,desktop,laptop-hardware,Desktop Support,Harper Nunez,EliteBook 840 overheats under light load,"EliteBook 840 overheats under light load
Please assist.
Thanks,
Harper Nunez
@example.invalid","2026-07-15 13:55:06 - Harper Nunez (Work notes)
User reports: EliteBook 840 overheats under light load. Routing toward Desktop Support.
2026-07-15 14:55:13 - Harper Nunez (Work notes)
Applied standard workaround.
2026-07-15 15:55:20 - Harper Nunez (Work notes)
Escalating to Desktop Support.",Replaced charger and retested battery.,true,0,Service Desk|Desktop Support
INC1201903,2026-07-25T07:15:42-04:00,2026-07-25T11:57:56-04:00,2026-07-26T04:39:40-04:00,Closed,3-Moderate,desktop,peripheral,Desktop Support,Parker Singh,Keyboard not detected after sleep,"Keyboard not detected after sleep
Please assist.
Thanks,
Parker Singh
@example.invalid","2026-07-25 07:15:42 - Parker Singh (Work notes)
User reports: Keyboard not detected after sleep. Routing toward Desktop Support.",Re-enabled webcam in device manager.,true,0,Service Desk|Desktop Support
INC1201910,2026-03-02T10:49:04-05:00,2026-03-02T19:38:57-05:00,2026-03-06T01:18:55-05:00,Closed,3-Moderate,network,wifi,Network Ops,Peyton Ames,Poor wifi near conference room 2,"Poor wifi near conference room 2
Please assist.
Thanks,
Peyton Ames
@example.invalid","2026-03-02 10:49:04 - Peyton Ames (Work notes)
User reports: Poor wifi near conference room 2. Routing toward Network Ops.
2026-03-02 11:49:11 - Peyton Ames (Work notes)
Waiting on user callback.",AP reset on Floor — signal restored.,true,0,Service Desk|Network Ops
INC1201912,2026-08-11T12:44:41-04:00,2026-08-15T17:09:44-04:00,2026-08-16T21:48:37-04:00,Closed,3-Moderate,facilities,hvac,Facilities,Lane Ortiz,Thermostat unresponsive in Building North,"Thermostat unresponsive in Building North
Please assist.
Thanks,
Lane Ortiz
@example.invalid",,Vendor adjusted HVAC setpoint.,false,0,Major Incident|Facilities
INC1201915,2026-08-10T15:20:35-04:00,2026-08-10T17:40:38-04:00,2026-08-11T05:13:45-04:00,Closed,2-High,desktop,laptop-hardware,Desktop Support,Harper Nunez,MacBook overheats under light load,"MacBook overheats under light load
Please assist.
Thanks,
Harper Nunez
@example.invalid",,Reseated dock; display path restored.,true,0,Service Desk|Desktop Support
INC1201922,2026-06-08T09:14:29-04:00,2026-06-09T13:19:17-04:00,2026-06-10T01:27:17-04:00,Closed,3-Moderate,desktop,peripheral,Endpoint Engineering,,Keyboard not detected after sleep,"Keyboard not detected after sleep
Please assist.
Thanks,
End User
@example.invalid","2026-06-08 09:14:29 - Morgan Voss (Work notes)
User reports: Keyboard not detected after sleep. Routing toward Endpoint Engineering.",Updated dock firmware.,true,0,Service Desk|Endpoint Engineering
INC1201929,2026-03-13T14:06:07-04:00,2026-03-15T00:09:17-04:00,2026-03-15T09:42:22-04:00,Closed,3-Moderate,identity,password-reset,Service Desk,Morgan Voss,User forgot password after leave jhale419@example.invalid,"User forgot password after leave
Please assist.
Thanks,
Morgan Voss
@example.invalid",,Unlocked account and forced password change.,true,0,Service Desk
INC1201935,2026-05-19T20:19:47-04:00,2026-05-20T11:28:33-04:00,2026-05-20T12:35:19-04:00,Closed,3-Moderate,app,sap,SAP Support,Shiloh Grant,SAP dump while saving SU01,"SAP dump while saving SU01
Please assist.
Thanks,
Shiloh Grant
@example.invalid","2026-05-19 20:19:47 - Shiloh Grant (Work notes)
User reports: SAP dump while saving SU01. Routing toward SAP Support.",Transport reapplied; tile restored.,true,0,Service Desk|SAP Support|Service Desk|SAP Support
INC1201939,2026-06-22T10:19:51-04:00,2026-06-25T16:15:40-04:00,2026-06-26T05:23:54-04:00,Closed,4-Low,app,other-app,App Support,Remy Cole,Business app will not start after patch,"Business app will not start after patch
Please assist.
Thanks,
Remy Cole
@example.invalid","2026-06-22 10:19:51 - Remy Cole (Work notes)
User reports: Business app will not start after patch. Routing toward App Support.",Repaired client install; license refreshed.,true,0,Service Desk|App Support|Service Desk|App Support
INC1201944,2026-03-17T14:20:52-04:00,2026-03-18T07:10:04-04:00,,Resolved,3-Moderate,desktop,os-software,Endpoint Engineering,Dakota Chen,OS freeze / blue screen on EliteBook 840,"OS freeze / blue screen on EliteBook 840
Please assist.
Thanks,
Dakota Chen
@example.invalid",,Repaired Chrome install.,true,0,Service Desk|Endpoint Engineering
INC1201949,2026-06-08T09:21:25-04:00,2026-06-09T05:21:29-04:00,2026-06-09T10:29:20-04:00,Closed,4-Low,app,outlook,Service Desk,Drew Kimura,Shared mailbox missing after migration,"Shared mailbox missing after migration
Please assist.
Thanks,
Drew Kimura
@example.invalid","2026-06-08 09:21:25 - Drew Kimura (Work notes)
User reports: Shared mailbox missing after migration. Routing toward Service Desk.
2026-06-08 10:21:32 - Drew Kimura (Work notes)
Waiting on user callback.",Repaired Outlook profile.,true,0,Service Desk|App Support|Service Desk
INC1201956,2026-08-03T16:18:47-04:00,2026-08-07T16:55:22-04:00,,Resolved,4-Low,identity,password-reset,Identity/IAM,Sloane Adler,Need password reset for shared kiosk,,"2026-08-03 16:18:47 - Sloane Adler (Work notes)
User reports: Need password reset for shared kiosk. Routing toward Identity/IAM.
2026-08-03 17:18:54 - Sloane Adler (Work notes)
Escalating to Identity/IAM.",Password reset completed; user logged on.,true,0,Service Desk|Identity/IAM
INC1201957,2026-04-09T11:10:24-04:00,2026-04-25T17:17:33-04:00,2026-04-25T21:07:00-04:00,Closed,4-Low,app,outlook,Collaboration Services,Arden Miles,Distribution list bounce on send,"Distribution list bounce on send
Please assist.
Thanks,
Arden Miles
@example.invalid","2026-04-09 11:10:24 - Arden Miles (Work notes)
User reports: Distribution list bounce on send. Routing toward Collaboration Services.",Remapped shared mailbox.,false,0,Service Desk|Collaboration Services
INC1201961,2026-08-26T20:31:52-04:00,,,On Hold,4-Low,facilities,other-facilities,Facilities,Indigo Walsh,Water leak reported Building B,"Water leak reported Building B
Please assist.
Thanks,
Indigo Walsh
@example.invalid","2026-08-26 20:31:52 - Indigo Walsh (Work notes)
User reports: Water leak reported Building B. Routing toward Facilities.
2026-08-26 21:31:59 - Indigo Walsh (Work notes)
Escalating to Facilities.
2026-08-26 22:31:06 - Indigo Walsh (Work notes)
Checked other-facilities path; still failing.",,,0,Service Desk|Facilities
INC1201964,2026-04-29T05:26:27-04:00,2026-04-29T12:09:06-04:00,2026-04-29T18:10:42-04:00,Closed,2-High,network,wan-lan,Network Ops,,Latency spike to app gateway,"Latency spike to app gateway
Please assist.
Thanks,
End User
@example.invalid","2026-04-29 05:26:27 - Jordan Hale (Work notes)
User reports: Latency spike to app gateway. Routing toward Network Ops.
2026-04-29 06:26:34 - Riley Cho (Work notes)
Applied standard workaround.
2026-04-29 07:26:41 - Quinn Patel (Work notes)
Escalating to Network Ops.",Vendor cleared WAN incident.,true,0,Service Desk|Network Ops
INC1201969,2026-04-02T13:42:50-04:00,2026-04-03T01:12:23-04:00,2026-04-03T11:05:04-04:00,Closed,4-Low,desktop,os-software,Desktop Support,Reese Dalton,Chrome will not start after update on Latitude 5540,"Chrome will not start after update on Latitude 5540
Please assist.
Thanks,
Reese Dalton
@example.invalid","2026-04-02 13:42:50 - Reese Dalton (Work notes)
User reports: Chrome will not start after update on Latitude 5540. Routing toward Desktop Support.
2026-04-02 14:42:57 - Reese Dalton (Work notes)
Waiting on user callback.",Repaired Chrome install.,true,0,Service Desk|Desktop Support
INC1201970,2026-06-24T13:32:40-04:00,2026-06-25T01:24:02-04:00,2026-06-25T02:04:13-04:00,Closed,4-Low,facilities,badge-access,Facilities,River Santos,Door lock stuck after badge tap,"Door lock stuck after badge tap
Please assist.
Thanks,
River Santos
@example.invalid","2026-06-24 13:32:40 - River Santos (Work notes)
User reports: Door lock stuck after badge tap. Routing toward Facilities.
2026-06-24 14:32:47 - River Santos (Work notes)
Waiting on user callback.
2026-06-24 15:32:54 - River Santos (Work notes)
Checked badge-access path; still failing.",Badge recoded; reader tested.,true,1,Service Desk|Facilities
INC1201977,2026-08-11T14:21:59-04:00,2026-08-12T04:41:34-04:00,,Resolved,3-Moderate,network,wifi,Service Desk,Drew Kimura,Poor wifi near conference room 12,"Poor wifi near conference room 12
Please assist.
Thanks,
Drew Kimura
@example.invalid","2026-08-11 14:21:59 - Drew Kimura (Work notes)
User reports: Poor wifi near conference room 12. Routing toward Service Desk.
2026-08-11 15:21:06 - Drew Kimura (Work notes)
Waiting on user callback.",Replaced wireless driver.,true,1,Service Desk
INC1201981,2026-03-11T09:28:59-04:00,2026-03-12T08:30:56-04:00,2026-03-12T10:11:32-04:00,Closed,3-Moderate,desktop,os-software,Endpoint Engineering,Jamie Solis,Software center missing required app on EliteBook 840,"Software center missing required app on EliteBook 840
Please assist.
Thanks,
Jamie Solis
@example.invalid","2026-03-11 09:28:59 - Jamie Solis (Work notes)
User reports: Software center missing required app on EliteBook 840. Routing toward Endpoint Engineering.
2026-03-11 10:28:06 - Jamie Solis (Work notes)
Applied standard workaround.
2026-03-11 11:28:13 - Jamie Solis (Work notes)
Waiting on user callback.",Cleared update cache; reboot succeeded.,true,0,Service Desk|Endpoint Engineering
INC1201988,2026-08-11T10:12:20-04:00,2026-08-12T15:13:50-04:00,2026-08-12T23:10:13-04:00,Closed,3-Moderate,identity,access-request,Identity/IAM,Marlowe Singh,Access to shared mailbox for project,"Access to shared mailbox for project
Please assist.
Thanks,
Marlowe Singh
@example.invalid","2026-08-11 10:12:20 - Marlowe Singh (Work notes)
User reports: Access to shared mailbox for project. Routing toward Identity/IAM.
2026-08-11 11:12:27 - Marlowe Singh (Work notes)
Escalating to Identity/IAM.",Provisioned shared mailbox access.,true,2,Service Desk|Identity/IAM
INC1201995,2026-04-21T09:32:14-04:00,2026-04-24T07:11:24-04:00,2026-04-25T04:12:25-04:00,Closed,3-Moderate,facilities,hvac,Facilities,,HVAC alarm on Floor 12,,"2026-04-21 09:32:14 - Rowan Ellis (Work notes)
User reports: HVAC alarm on Floor 12. Routing toward Facilities.",Vendor adjusted HVAC setpoint.,false,0,Service Desk|Facilities|Service Desk|Facilities
INC1201996,2026-08-13T21:11:48-04:00,2026-08-15T17:22:32-04:00,2026-08-16T06:47:25-04:00,Closed,3-Moderate,facilities,hvac,Service Desk,Blake Ibarra,HVAC too cold on Floor 3,"HVAC too cold on Floor 3
Please assist.
Thanks,
Blake Ibarra
@example.invalid",,Vendor adjusted HVAC setpoint.,true,0,Service Desk|Facilities|Service Desk
INC1202000,2026-05-05T15:47:03-04:00,2026-05-05T21:09:09-04:00,2026-05-06T06:42:28-04:00,Closed,3-Moderate,identity,mfa,Identity/IAM,Marlowe Singh,Cannot enroll MFA token on new phone,"Cannot enroll MFA token on new phone
Please assist.
Thanks,
Marlowe Singh
@example.invalid","2026-05-05 15:47:03 - Marlowe Singh (Work notes)
User reports: Cannot enroll MFA token on new phone. Routing toward Identity/IAM.
2026-05-05 16:47:10 - Marlowe Singh (Work notes)
Checked mfa path; still failing.
2026-05-05 17:47:17 - Marlowe Singh (Work notes)
Escalating to Identity/IAM.",Resynced TOTP; MFA prompt succeeds.,false,0,Service Desk|Identity/IAM
INC1202001,2026-03-24T23:29:21-04:00,2026-03-27T11:10:29-04:00,2026-03-27T11:58:18-04:00,Closed,4-Low,network,vpn,Service Desk,Avery Lang,VPN tunnel up but no internal DNS,"VPN tunnel up but no internal DNS
Please assist.
Thanks,
Avery Lang
@example.invalid","2026-03-24 23:29:21 - Avery Lang (Work notes)
User reports: VPN tunnel up but no internal DNS. Routing toward Service Desk.
2026-03-24 00:29:28 - Avery Lang (Work notes)
Checked vpn path; still failing.",Reset AnyConnect and refreshed cert.,true,0,Service Desk
INC1202006,2026-08-14T13:05:50-04:00,2026-08-25T21:40:21-04:00,2026-08-26T01:27:28-04:00,Closed,4-Low,app,sap,App Support,Kendall Frost,Missing SAP authorization for FB01,"Missing SAP authorization for FB01
Please assist.
Thanks,
Kendall Frost
@example.invalid",,Transport reapplied; tile restored.,false,0,Service Desk|SAP Support|Service Desk|App Support
INC1202009,2026-06-02T19:06:12-04:00,2026-06-03T14:24:43-04:00,2026-06-04T11:09:35-04:00,Closed,3-Moderate,network,wifi,Network Ops,Skyler Bond,Poor wifi near conference room 3,"Poor wifi near conference room 3
Please assist.
Thanks,
Skyler Bond
@example.invalid","2026-06-02 19:06:12 - Skyler Bond (Work notes)
User reports: Poor wifi near conference room 3. Routing toward Network Ops.
2026-06-02 20:06:19 - Skyler Bond (Work notes)
Waiting on user callback.",AP reset on Floor — signal restored.,true,0,Service Desk|Network Ops
INC1202013,2026-04-30T11:13:50-04:00,2026-04-30T14:04:48-04:00,2026-05-02T05:34:15-04:00,Closed,3-Moderate,app,web-app,App Support,Kendall Frost,Page timeout in Chrome after lunch,"Page timeout in Chrome after lunch
Please assist.
Thanks,
Kendall Frost
@example.invalid","2026-04-30 11:13:50 - Kendall Frost (Work notes)
User reports: Page timeout in Chrome after lunch. Routing toward App Support.
2026-04-30 12:13:57 - Kendall Frost (Work notes)
Applied standard workaround.",Cleared SSO cookies; Chrome sign-in works.,true,0,Service Desk|App Support
INC1202019,2026-07-04T22:34:29-04:00,2026-07-04T23:40:37-04:00,2026-07-05T02:17:56-04:00,Closed,3-Moderate,identity,mfa,Identity/IAM,Sloane Adler,Cannot enroll MFA token on new phone,"Cannot enroll MFA token on new phone
Please assist.
Thanks,
Sloane Adler
@example.invalid",,Resynced TOTP; MFA prompt succeeds.,true,0,Service Desk|Identity/IAM
INC1202023,2026-06-17T05:07:43-04:00,2026-06-20T19:12:30-04:00,2026-06-20T20:53:49-04:00,Closed,3-Moderate,desktop,laptop-hardware,Desktop Support,Harper Nunez,Keyboard keys sticking on EliteBook 840,"Keyboard keys sticking on EliteBook 840
Please assist.
Thanks,
Harper Nunez
@example.invalid","2026-06-17 05:07:43 - Harper Nunez (Work notes)
User reports: Keyboard keys sticking on EliteBook 840. Routing toward Desktop Support.",Replaced charger and retested battery.,false,0,Major Incident|Desktop Support
INC1202025,2026-05-10T12:05:45-04:00,2026-05-12T19:07:15-04:00,2026-05-12T22:07:17-04:00,Closed,3-Moderate,desktop,printer,Desktop Support,Parker Singh,Label printer offline in Building C,"Label printer offline in Building C
Please assist.
Thanks,
Parker Singh
@example.invalid","2026-05-10 12:05:45 - Parker Singh (Work notes)
User reports: Label printer offline in Building C. Routing toward Desktop Support.",Replaced toner and cleared jam.,false,0,Service Desk|Service Desk|Desktop Support
INC1202028,2026-07-24T21:58:18-04:00,2026-08-05T19:21:30-04:00,,Resolved,3-Moderate,identity,password-reset,Service Desk,Sage Okonkwo,Password expired; cannot log on,"Password expired; cannot log on
Please assist.
Thanks,
Sage Okonkwo
@example.invalid","2026-07-24 21:58:18 - Sage Okonkwo (Work notes)
User reports: Password expired; cannot log on. Routing toward Service Desk.
2026-07-24 22:58:25 - Sage Okonkwo (Work notes)
Checked password-reset path; still failing.",Unlocked account and forced password change.,false,2,Service Desk|Identity/IAM|Service Desk|Service Desk
INC1202031,2026-04-15T10:46:08-04:00,2026-04-16T05:51:17-04:00,2026-04-17T10:03:16-04:00,Closed,3-Moderate,network,vpn,Network Ops,Peyton Ames,Cannot reach SAP over VPN client,"Cannot reach SAP over VPN client
Please assist.
Thanks,
Peyton Ames
@example.invalid","2026-04-15 10:46:08 - Peyton Ames (Work notes)
User reports: Cannot reach SAP over VPN client. Routing toward Network Ops.",Fixed DNS suffix on VPN adapter.,true,0,Service Desk|Network Ops
INC1202035,2026-05-25T03:29:31-04:00,2026-05-25T16:10:07-04:00,2026-05-26T18:39:32-04:00,Closed,3-Moderate,app,web-app,App Support,Jules Navarro,Chrome SSO timeout on web app,"Chrome SSO timeout on web app
Please assist.
Thanks,
Jules Navarro
@example.invalid","2026-05-25 03:29:31 - Jules Navarro (Work notes)
User reports: Chrome SSO timeout on web app. Routing toward App Support.
2026-05-25 04:29:38 - Jules Navarro (Work notes)
Checked web-app path; still failing.
2026-05-25 05:29:45 - Jules Navarro (Work notes)
Checked web-app path; still failing.",Cleared SSO cookies; Chrome sign-in works.,true,0,Service Desk|App Support|Service Desk|App Support
INC1202036,2026-03-26T01:55:51-04:00,2026-04-05T11:10:41-04:00,2026-04-05T16:14:59-04:00,Closed,4-Low,desktop,printer,Desktop Support,Cameron Ortiz,Print jobs stall; jam on EliteBook 840,"Print jobs stall; jam on EliteBook 840
Please assist.
Thanks,
Cameron Ortiz
@example.invalid","2026-03-26 01:55:51 - Cameron Ortiz (Work notes)
User reports: Print jobs stall; jam on EliteBook 840. Routing toward Desktop Support.
2026-03-26 02:55:58 - Cameron Ortiz (Work notes)
Waiting on user callback.
2026-03-26 03:55:05 - Cameron Ortiz (Work notes)
Applied standard workaround.",Replaced toner and cleared jam.,false,0,Service Desk|Desktop Support
INC1202043,2026-05-05T11:12:28-04:00,,2026-05-07T05:08:27-04:00,Canceled,3-Moderate,desktop,other-desktop,Service Desk,Jordan Hale,Local admin rights needed for vendor tool,"Local admin rights needed for vendor tool
Please assist.
Thanks,
Jordan Hale
@example.invalid","2026-05-05 11:12:28 - Jordan Hale (Work notes)
User reports: Local admin rights needed for vendor tool. Routing toward Service Desk.
2026-05-05 12:12:35 - Jordan Hale (Work notes)
Applied standard workaround.
2026-05-05 13:12:42 - Jordan Hale (Work notes)
Applied standard workaround.",Canceled — user no-response,,0,Service Desk
INC1202048,2026-04-14T10:56:45-04:00,,2026-04-14T14:08:47-04:00,Canceled,4-Low,network,wan-lan,Service Desk,Avery Lang,Switch in Building A showing high latency,"Switch in Building A showing high latency
Please assist.
Thanks,
Avery Lang
@example.invalid",,Canceled — duplicate of INC1202036,,0,Service Desk
INC1202053,2026-08-24T00:17:54-04:00,2026-08-24T21:32:31-04:00,2026-08-25T00:02:57-04:00,Closed,4-Low,desktop,laptop-hardware,Service Desk,Riley Cho,Cannot boot MacBook after weekend patch,,"2026-08-24 00:17:54 - Riley Cho (Work notes)
User reports: Cannot boot MacBook after weekend patch. Routing toward Service Desk.
2026-08-24 01:17:01 - Riley Cho (Work notes)
Checked laptop-hardware path; still failing.",Imaged laptop; hardware test passed.,true,0,Service Desk|Desktop Support|Service Desk
INC1202054,2026-05-29T09:43:09-04:00,2026-05-30T16:15:25-04:00,2026-05-31T17:48:05-04:00,Closed,3-Moderate,identity,account-lockout,Security Ops,Robin Vale,Cannot unlock AD account from Service Desk tool,"Cannot unlock AD account from Service Desk tool
Please assist.
Thanks,
Robin Vale
@example.invalid","2026-05-29 09:43:09 - Robin Vale (Work notes)
User reports: Cannot unlock AD account from Service Desk tool. Routing toward Security Ops.
2026-05-29 10:43:16 - Robin Vale (Work notes)
Checked account-lockout path; still failing.",Unlocked AD account; advised password hygiene.,true,0,Major Incident|Security Ops
INC1202061,2026-06-14T16:27:50-04:00,2026-06-15T17:13:06-04:00,2026-06-15T18:19:14-04:00,Closed,3-Moderate,network,other-network,Facilities,Sol Vega,Network share unreachable from Surface Laptop,"Network share unreachable from Surface Laptop
Please assist.
Thanks,
Sol Vega
@example.invalid","2026-06-14 16:27:50 - Sol Vega (Work notes)
User reports: Network share unreachable from Surface Laptop. Routing toward Facilities.",Share path restored after ACL fix.,true,0,Facilities
INC1202065,2026-04-27T11:31:53-04:00,2026-04-28T01:56:56-04:00,2026-04-28T12:25:12-04:00,Closed,4-Low,desktop,os-software,Service Desk,Jordan Hale,Windows update stuck at 87% on Latitude 5540,"Windows update stuck at 87% on Latitude 5540
Please assist.
Thanks,
Jordan Hale
@example.invalid","2026-04-27 11:31:53 - Jordan Hale (Work notes)
User reports: Windows update stuck at 87% on Latitude 5540. Routing toward Service Desk.
2026-04-27 12:31:00 - Jordan Hale (Work notes)
Escalating to Service Desk.
2026-04-27 13:31:07 - Jordan Hale (Work notes)
Applied standard workaround.",Cleared update cache; reboot succeeded.,true,0,Service Desk
INC1202070,2026-07-27T13:20:44-04:00,2026-07-27T16:14:06-04:00,2026-07-28T05:49:33-04:00,Closed,3-Moderate,desktop,printer,Desktop Support,Cameron Ortiz,Color prints banding on Latitude 5540,"Color prints banding on Latitude 5540
Please assist.
Thanks,
Cameron Ortiz
@example.invalid","2026-07-27 13:20:44 - Cameron Ortiz (Work notes)
User reports: Color prints banding on Latitude 5540. Routing toward Desktop Support.
2026-07-27 14:20:51 - Cameron Ortiz (Work notes)
Checked printer path; still failing.
2026-07-27 15:20:58 - Cameron Ortiz (Work notes)
Waiting on user callback.",Power-cycled printer; queue drained.,true,0,Service Desk|Desktop Support
INC1202071,2026-06-06T05:01:03-04:00,2026-06-06T16:52:51-04:00,2026-06-07T10:31:49-04:00,Closed,3-Moderate,desktop,printer,Desktop Support,Cameron Ortiz,Cannot add printer Latitude 5540 after profile rebuild,"Cannot add printer Latitude 5540 after profile rebuild
Please assist.
Thanks,
Cameron Ortiz
@example.invalid","2026-06-06 05:01:03 - Cameron Ortiz (Work notes)
User reports: Cannot add printer Latitude 5540 after profile rebuild. Routing toward Desktop Support.
2026-06-06 06:01:10 - Cameron Ortiz (Work notes)
Escalating to Desktop Support.
2026-06-06 07:01:17 - Cameron Ortiz (Work notes)
Escalating to Desktop Support.",Reset print queue and republished printer.,true,0,Service Desk|Desktop Support
INC1202078,2026-08-20T09:12:24-04:00,2026-08-24T15:12:57-04:00,2026-08-25T11:54:52-04:00,Closed,4-Low,desktop,printer,Desktop Support,Cameron Ortiz,Cannot add printer Latitude 5540 after profile rebuild,"Cannot add printer Latitude 5540 after profile rebuild
Please assist.
Thanks,
Cameron Ortiz
@example.invalid","2026-08-20 09:12:24 - Cameron Ortiz (Work notes)
User reports: Cannot add printer Latitude 5540 after profile rebuild. Routing toward Desktop Support.",Replaced toner and cleared jam.,true,0,Service Desk|Desktop Support
INC1202085,2026-08-21T04:05:09-04:00,2026-08-23T10:08:58-04:00,2026-08-23T16:26:23-04:00,Closed,3-Moderate,desktop,laptop-hardware,Desktop Support,Cameron Ortiz,Laptop random restart — Latitude 5540 will not charge,"Laptop random restart — Latitude 5540 will not charge
Please assist.
Thanks,
Cameron Ortiz
@example.invalid","2026-08-21 04:05:09 - Cameron Ortiz (Work notes)
User reports: Laptop random restart — Latitude 5540 will not charge. Routing toward Desktop Support.",Replaced charger and retested battery.,false,0,Service Desk|Desktop Support
INC1202089,2026-07-02T14:25:47-04:00,2026-07-02T15:29:14-04:00,2026-07-02T19:00:46-04:00,Closed,2-High,desktop,peripheral,Desktop Support,Harper Nunez,Monitor flicker on Surface Laptop dock,"Monitor flicker on Surface Laptop dock
Please assist.
Thanks,
Harper Nunez
@example.invalid","2026-07-02 14:25:47 - Harper Nunez (Work notes)
User reports: Monitor flicker on Surface Laptop dock. Routing toward Desktop Support.",Swapped headset; mute works.,true,0,Service Desk|Desktop Support
INC1202094,2026-04-23T13:17:53-04:00,2026-04-24T16:52:51-04:00,2026-04-25T16:22:48-04:00,Closed,3-Moderate,desktop,printer,Desktop Support,Parker Singh,MFA enrollment week — new hire cannot complete Duo,"MFA enrollment week — new hire cannot complete Duo
Please assist.
Thanks,
Parker Singh
@example.invalid","2026-04-23 13:17:53 - Parker Singh (Work notes)
User reports: MFA enrollment week — new hire cannot complete Duo. Routing toward Desktop Support.
2026-04-23 14:17:00 - Parker Singh (Work notes)
Escalating to Desktop Support.
2026-04-23 15:17:07 - Parker Singh (Work notes)
Checked printer path; still failing.",Reset print queue and republished printer.,true,0,Service Desk|Desktop Support
INC1202095,2026-06-03T20:44:14-04:00,2026-06-04T02:33:32-04:00,2026-06-05T03:23:51-04:00,Closed,1-Critical,identity,access-request,Identity/IAM,Marlowe Singh,Access to shared mailbox for project,"Access to shared mailbox for project
Please assist.
Thanks,
Marlowe Singh
@example.invalid","2026-06-03 20:44:14 - Marlowe Singh (Work notes)
User reports: Access to shared mailbox for project. Routing toward Identity/IAM.",Added to Okta group / distribution list.,false,0,Service Desk|Identity/IAM
INC1202099,2026-08-21T14:11:24-04:00,2026-08-24T08:44:17-04:00,2026-08-24T13:57:02-04:00,Closed,3-Moderate,desktop,other-desktop,Desktop Support,,Desktop profile corrupt after login,"Desktop profile corrupt after login
Please assist.
Thanks,
End User
@example.invalid",,Granted temporary local admin.,false,0,Service Desk|Desktop Support
INC1202103,2026-06-15T14:46:04-04:00,2026-06-19T13:44:24-04:00,2026-06-19T21:38:39-04:00,Closed,3-Moderate,network,dns,Network Ops,Hayden Cruz,Cannot resolve printer hostname,"Cannot resolve printer hostname
Please assist.
Thanks,
Hayden Cruz
@example.invalid","2026-06-15 14:46:04 - Hayden Cruz (Work notes)
User reports: Cannot resolve printer hostname. Routing toward Network Ops.
2026-06-15 15:46:11 - Hayden Cruz (Work notes)
Escalating to Network Ops.
2026-06-15 16:46:18 - Hayden Cruz (Work notes)
Waiting on user callback.",Corrected VPN DNS servers.,false,1,Service Desk|Network Ops|Service Desk|Network Ops
INC1202104,2026-05-11T15:52:18-04:00,2026-05-11T16:08:31-04:00,2026-05-11T20:10:42-04:00,Closed,1-Critical,facilities,badge-access,Service Desk,Drew Kimura,Door lock stuck after badge tap,"Door lock stuck after badge tap
Please assist.
Thanks,
Drew Kimura
@example.invalid","2026-05-11 15:52:18 - Drew Kimura (Work notes)
User reports: Door lock stuck after badge tap. Routing toward Service Desk.
2026-05-11 16:52:25 - Drew Kimura (Work notes)
Checked badge-access path; still failing.
2026-05-11 17:52:32 - Drew Kimura (Work notes)
Applied standard workaround.",Badge recoded; reader tested.,true,1,Service Desk|Facilities|Service Desk|Service Desk
INC1202111,2026-05-01T10:43:58-04:00,2026-05-02T20:38:20-04:00,2026-05-03T02:46:27-04:00,Closed,4-Low,network,wifi,Service Desk,Casey Quintana,Poor wifi near conference room 12,"Poor wifi near conference room 12
Please assist.
Thanks,
Casey Quintana
@example.invalid","2026-05-01 10:43:58 - Casey Quintana (Work notes)
User reports: Poor wifi near conference room 12. Routing toward Service Desk.
2026-05-01 11:43:05 - Casey Quintana (Work notes)
Applied standard workaround.",AP reset on Floor — signal restored.,true,3,Service Desk|Network Ops|Service Desk
INC1202117,2026-06-04T22:12:10-04:00,2026-06-10T03:51:46-04:00,2026-06-10T09:46:20-04:00,Closed,4-Low,network,vpn,Network Ops,Peyton Ames,Cannot connect VPN from home — anyconnect timeout,"Cannot connect VPN from home — anyconnect timeout
Please assist.
Thanks,
Peyton Ames
@example.invalid","2026-06-04 22:12:10 - Peyton Ames (Work notes)
User reports: Cannot connect VPN from home — anyconnect timeout. Routing toward Network Ops.",Reset AnyConnect and refreshed cert.,false,0,Service Desk|Network Ops
INC1202122,2026-06-04T18:50:27-04:00,2026-06-04T22:32:51-04:00,2026-06-05T08:39:49-04:00,Closed,3-Moderate,desktop,laptop-hardware,Desktop Support,Finley Shah,Keyboard keys sticking on ThinkPad T14,"Keyboard keys sticking on ThinkPad T14
Please assist.
Thanks,
Finley Shah
@example.invalid","2026-06-04 18:50:27 - Finley Shah (Work notes)
User reports: Keyboard keys sticking on ThinkPad T14. Routing toward Desktop Support. +1-212-555-0142",Replaced charger and retested battery.,true,0,Service Desk|Desktop Support
INC1202125,2026-08-10T15:49:36-04:00,2026-08-11T08:13:52-04:00,2026-08-11T23:58:03-04:00,Closed,3-Moderate,identity,password-reset,Service Desk,Quinn Patel,VPN client will not launch on EliteBook 840,"VPN client will not launch on EliteBook 840
Please assist.
Thanks,
Quinn Patel
@example.invalid","2026-08-10 15:49:36 - Quinn Patel (Work notes)
User reports: VPN client will not launch on EliteBook 840. Routing toward Service Desk.
2026-08-10 16:49:43 - Quinn Patel (Work notes)
Waiting on user callback.",Unlocked account and forced password change.,true,0,Service Desk|Service Desk
INC1202126,2026-08-19T13:52:50-04:00,,,New,2-High,app,sap,SAP Support,Blair Mendes,Cannot launch S/4 after role change,"Cannot launch S/4 after role change
Please assist.
Thanks,
Blair Mendes
@example.invalid","2026-08-19 13:52:50 - Blair Mendes (Work notes)
User reports: Cannot launch S/4 after role change. Routing toward SAP Support.",,,0,Service Desk|SAP Support
INC1202127,2026-07-27T11:19:50-04:00,2026-07-28T18:37:49-04:00,2026-07-29T01:21:32-04:00,Closed,4-Low,desktop,peripheral,Vendor Mgmt,Ellis Prado,Second monitor no signal after dock swap,"Second monitor no signal after dock swap
Please assist.
Thanks,
Ellis Prado
@example.invalid","2026-07-27 11:19:50 - Ellis Prado (Work notes)
User reports: Second monitor no signal after dock swap. Routing toward Vendor Mgmt.
2026-07-27 12:19:57 - Ellis Prado (Work notes)
Waiting on user callback.
2026-07-27 13:19:04 - Ellis Prado (Work notes)
Waiting on user callback.",Re-enabled webcam in device manager.,true,0,Service Desk|Vendor Mgmt
INC1202131,2026-07-23T13:26:08-04:00,2026-07-23T23:34:40-04:00,2026-07-24T08:29:30-04:00,Closed,2-High,network,wan-lan,Network Ops,Hayden Cruz,Switch in Building A showing high latency,"Switch in Building A showing high latency
Please assist.
Thanks,
Hayden Cruz
@example.invalid","2026-07-23 13:26:08 - Hayden Cruz (Work notes)
User reports: Switch in Building A showing high latency. Routing toward Network Ops.",Port bounce on switch; link up.,false,0,Service Desk|Network Ops
INC1202135,2026-05-07T13:58:29-04:00,2026-05-09T03:29:53-04:00,2026-05-09T05:36:06-04:00,Closed,3-Moderate,app,sap,SAP Support,Nico Alvarez,S4HANA fiori tile missing after transport,"S4HANA fiori tile missing after transport
Please assist.
Thanks,
Nico Alvarez
@example.invalid","2026-05-07 13:58:29 - Nico Alvarez (Work notes)
User reports: S4HANA fiori tile missing after transport. Routing toward SAP Support.
2026-05-07 14:58:36 - Nico Alvarez (Work notes)
Checked sap path; still failing.
2026-05-07 15:58:43 - Nico Alvarez (Work notes)
Waiting on user callback.",GUI cache cleared; S/4 opens.,true,0,Service Desk|SAP Support
INC1202142,2026-05-06T10:31:56-04:00,2026-05-06T16:19:08-04:00,2026-05-10T02:13:24-04:00,Closed,3-Moderate,network,vpn,Service Desk,Jordan Hale,VPN client drops every few minutes,"VPN client drops every few minutes
Please assist.
Thanks,
Jordan Hale
@example.invalid","2026-05-06 10:31:56 - Jordan Hale (Work notes)
User reports: VPN client drops every few minutes. Routing toward Service Desk.
2026-05-06 11:31:03 - Jordan Hale (Work notes)
Waiting on user callback.
2026-05-06 12:31:10 - Jordan Hale (Work notes)
Checked vpn path; still failing.",Fixed DNS suffix on VPN adapter.,true,1,Service Desk|Service Desk|Service Desk|Service Desk
INC1202149,2026-06-10T10:14:10-04:00,2026-06-12T18:53:00-04:00,2026-06-12T21:01:30-04:00,Closed,4-Low,identity,mfa,Identity/IAM,Phoenix Lee,MFA prompt loop — Duo push never arrives,"MFA prompt loop — Duo push never arrives
Please assist.
Thanks,
Phoenix Lee
@example.invalid","2026-06-10 10:14:10 - Phoenix Lee (Work notes)
User reports: MFA prompt loop — Duo push never arrives. Routing toward Identity/IAM.
2026-06-10 11:14:17 - Phoenix Lee (Work notes)
Escalating to Identity/IAM.",Reset Duo device; enrollment complete.,true,0,Service Desk|Identity/IAM
INC1202150,2026-05-08T09:57:36-04:00,2026-05-19T02:09:00-04:00,2026-05-19T04:06:36-04:00,Closed,3-Moderate,desktop,other-desktop,Endpoint Engineering,Emerson Vale,Slow logon on MacBook,"Slow logon on MacBook
Please assist.
Thanks,
Emerson Vale
@example.invalid",,Rebuilt profile; network drive mapped.,false,0,Service Desk|Endpoint Engineering
INC1202155,2026-03-10T13:44:26-04:00,2026-03-10T18:04:26-04:00,2026-03-11T05:01:31-04:00,Closed,3-Moderate,network,wifi,Network Ops,Logan West,Poor wifi near conference room 12,"Poor wifi near conference room 12
Please assist.
Thanks,
Logan West
@example.invalid","2026-03-10 13:44:26 - Logan West (Work notes)
User reports: Poor wifi near conference room 12. Routing toward Network Ops.
2026-03-10 14:44:33 - Logan West (Work notes)
Checked wifi path; still failing.",Reprovisioned SSID profile.,true,0,Service Desk|Network Ops
INC1202162,2026-03-12T16:17:55-04:00,2026-03-13T06:52:48-04:00,2026-03-13T12:44:59-04:00,Closed,4-Low,identity,mfa,Identity/IAM,Sloane Adler,Cannot enroll MFA token on new phone,"Cannot enroll MFA token on new phone
Please assist.
Thanks,
Sloane Adler
@example.invalid","2026-03-12 16:17:55 - Sloane Adler (Work notes)
User reports: Cannot enroll MFA token on new phone. Routing toward Identity/IAM.
2026-03-12 17:17:02 - Sloane Adler (Work notes)
Applied standard workaround.
2026-03-12 18:17:09 - Sloane Adler (Work notes)
Checked mfa path; still failing.",Reset Duo device; enrollment complete.,true,0,Service Desk|Identity/IAM
INC1202163,2026-07-09T12:16:05-04:00,2026-07-11T01:13:15-04:00,2026-07-11T13:06:06-04:00,Closed,3-Moderate,identity,other-identity,Security Ops,Monroe Hale,Stale account needs review,"Stale account needs review
Please assist.
Thanks,
Monroe Hale
@example.invalid","2026-07-09 12:16:05 - Monroe Hale (Work notes)
User reports: Stale account needs review. Routing toward Security Ops.
2026-07-09 13:16:12 - Monroe Hale (Work notes)
Checked other-identity path; still failing.
2026-07-09 14:16:19 - Monroe Hale (Work notes)
Waiting on user callback.",Account reviewed and extended.,true,0,Service Desk|Security Ops
INC1202167,2026-03-09T17:52:35-04:00,2026-03-10T03:09:30-04:00,2026-03-10T11:56:21-04:00,Closed,4-Low,desktop,laptop-hardware,Desktop Support,Finley Shah,Keyboard keys sticking on EliteBook 840,"Keyboard keys sticking on EliteBook 840
Please assist.
Thanks,
Finley Shah
@example.invalid","2026-03-09 17:52:35 - Finley Shah (Work notes)
User reports: Keyboard keys sticking on EliteBook 840. Routing toward Desktop Support.
2026-03-09 18:52:42 - Finley Shah (Work notes)
Checked laptop-hardware path; still failing.",Reseated dock; display path restored.,true,0,Desktop Support
INC1202174,2026-06-12T15:49:44-04:00,2026-06-12T20:34:27-04:00,2026-06-13T23:43:26-04:00,Closed,4-Low,app,other-app,Service Desk,Quinn Patel,License error on desktop client,"License error on desktop client
Please assist.
Thanks,
Quinn Patel
@example.invalid","2026-06-12 15:49:44 - Quinn Patel (Work notes)
User reports: License error on desktop client. Routing toward Service Desk.",Repaired client install; license refreshed.,true,0,Service Desk
INC1202175,2026-06-16T01:05:21-04:00,2026-06-17T06:07:47-04:00,2026-06-17T15:27:36-04:00,Closed,4-Low,facilities,badge-access,Facilities,River Santos,New badge not provisioned,"New badge not provisioned
Please assist.
Thanks,
River Santos
@example.invalid","2026-06-16 01:05:21 - River Santos (Work notes)
User reports: New badge not provisioned. Routing toward Facilities.",Door controller reset.,true,0,Service Desk|Facilities
INC1202182,2026-03-27T21:23:11-04:00,2026-03-28T15:46:26-04:00,2026-03-28T18:53:15-04:00,Closed,3-Moderate,facilities,hvac,Facilities,Lane Ortiz,Thermostat unresponsive in Building C,"Thermostat unresponsive in Building C
Please assist.
Thanks,
Lane Ortiz
@example.invalid","2026-03-27 21:23:11 - Lane Ortiz (Work notes)
User reports: Thermostat unresponsive in Building C. Routing toward Facilities.
2026-03-27 22:23:18 - Lane Ortiz (Work notes)
Applied standard workaround.
2026-03-27 23:23:25 - Lane Ortiz (Work notes)
Escalating to Facilities.",Vendor adjusted HVAC setpoint.,true,0,Service Desk|Facilities
INC1202189,2026-03-16T15:15:18-04:00,2026-03-22T06:28:09-04:00,2026-03-23T11:09:13-04:00,Closed,4-Low,app,sap,App Support,Kendall Frost,Cannot launch S/4 after role change,"Cannot launch S/4 after role change
Please assist.
Thanks,
Kendall Frost
@example.invalid","2026-03-16 15:15:18 - Kendall Frost (Work notes)
User reports: Cannot launch S/4 after role change. Routing toward App Support.",Transport reapplied; tile restored.,false,0,App Support
INC1202191,2026-06-29T13:57:38-04:00,2026-06-29T17:08:25-04:00,2026-06-30T05:02:16-04:00,Closed,3-Moderate,app,outlook,App Support,Remy Cole,Calendar invites not showing in Outlook,"Calendar invites not showing in Outlook
Please assist.
Thanks,
Remy Cole
@example.invalid","2026-06-29 13:57:38 - Remy Cole (Work notes)
User reports: Calendar invites not showing in Outlook. Routing toward App Support.",Mailbox quota increased; Outlook sending.,true,2,Service Desk|App Support
INC1202198,2026-07-04T22:38:41-04:00,2026-07-05T15:02:17-04:00,2026-07-05T22:26:04-04:00,Closed,3-Moderate,facilities,other-facilities,Facilities,Lane Ortiz,Water leak reported Building C,"Water leak reported Building C
Please assist.
Thanks,
Lane Ortiz
@example.invalid","2026-07-04 22:38:41 - Lane Ortiz (Work notes)
User reports: Water leak reported Building C. Routing toward Facilities.",Work order closed with vendor.,true,0,Service Desk|Facilities
INC1202199,2026-07-08T10:29:44-04:00,2026-07-08T16:21:25-04:00,2026-07-09T20:08:36-04:00,Closed,4-Low,network,wifi,Network Ops,Peyton Ames,WiFi drops in Building North Floor 4,,,AP reset on Floor — signal restored.,true,0,Service Desk|Network Ops
INC1202204,2026-04-06T12:28:56-04:00,2026-04-07T10:28:14-04:00,2026-04-07T14:34:01-04:00,Closed,3-Moderate,app,outlook,Facilities,Lane Ortiz,Calendar invites not showing in Outlook,"Calendar invites not showing in Outlook
Please assist.
Thanks,
Lane Ortiz
@example.invalid",,Mailbox quota increased; Outlook sending.,true,0,Facilities
INC1202206,2026-06-09T10:22:52-04:00,2026-06-09T17:24:09-04:00,2026-06-10T14:38:42-04:00,Closed,3-Moderate,desktop,printer,Desktop Support,Parker Singh,Color prints banding on Latitude 5540,"Color prints banding on Latitude 5540
Please assist.
Thanks,
Parker Singh
@example.invalid","2026-06-09 10:22:52 - Parker Singh (Work notes)
User reports: Color prints banding on Latitude 5540. Routing toward Desktop Support.
2026-06-09 11:22:59 - Parker Singh (Work notes)
Applied standard workaround.
2026-06-09 12:22:06 - Parker Singh (Work notes)
Checked printer path; still failing.",Power-cycled printer; queue drained.,true,0,Service Desk|Desktop Support
INC1202211,2026-07-20T15:41:33-04:00,,,On Hold,4-Low,network,dns,Network Ops,Peyton Ames,DNS will not resolve internal host,"DNS will not resolve internal host
Please assist.
Thanks,
Peyton Ames
@example.invalid","2026-07-20 15:41:33 - Peyton Ames (Work notes)
User reports: DNS will not resolve internal host. Routing toward Network Ops.
2026-07-20 16:41:40 - Peyton Ames (Work notes)
Checked dns path; still failing.
2026-07-20 17:41:47 - Peyton Ames (Work notes)
Escalating to Network Ops.",,,0,Service Desk|Network Ops
INC1202215,2026-06-29T13:06:40-04:00,2026-07-02T00:37:27-04:00,2026-07-02T11:42:46-04:00,Closed,3-Moderate,identity,password-reset,Service Desk,Blake Ibarra,User forgot password after leave,"User forgot password after leave
Please assist.
Thanks,
Blake Ibarra
@example.invalid","2026-06-29 13:06:40 - Blake Ibarra (Work notes)
User reports: User forgot password after leave. Routing toward Service Desk.
2026-06-29 14:06:47 - Blake Ibarra (Work notes)
Applied standard workaround.
2026-06-29 15:06:54 - Blake Ibarra (Work notes)
Checked password-reset path; still failing.",Password reset completed; user logged on.,true,0,Service Desk
INC1202222,2026-08-18T11:25:36-04:00,2026-08-19T02:24:14-04:00,2026-08-19T19:48:24-04:00,Closed,3-Moderate,network,wifi,Major Incident,Marlowe Quinn,Poor wifi near conference room 3,"Poor wifi near conference room 3
Please assist.
Thanks,
Marlowe Quinn
@example.invalid","2026-08-18 11:25:36 - Marlowe Quinn (Work notes)
User reports: Poor wifi near conference room 3. Routing toward Major Incident.",AP reset on Floor — signal restored.,true,0,Major Incident
INC1202227,2026-03-05T14:23:40-05:00,2026-03-05T15:59:40-05:00,2026-03-05T17:38:49-05:00,Closed,3-Moderate,desktop,other-desktop,Endpoint Engineering,Emerson Vale,Slow logon on Surface Laptop,"Slow logon on Surface Laptop
Please assist.
Thanks,
Emerson Vale
@example.invalid","2026-03-05 14:23:40 - Emerson Vale (Work notes)
User reports: Slow logon on Surface Laptop. Routing toward Endpoint Engineering.
2026-03-05 15:23:47 - Emerson Vale (Work notes)
Waiting on user callback.",Rebuilt profile; network drive mapped.,true,0,Service Desk|Endpoint Engineering
INC1202231,2026-03-25T09:39:05-04:00,2026-03-27T20:50:12-04:00,2026-03-27T22:35:31-04:00,Closed,4-Low,facilities,workspace,Facilities,Sol Vega,Need workspace setup in Building A,"Need workspace setup in Building A
Please assist.
Thanks,
Sol Vega
@example.invalid","2026-03-25 09:39:05 - Sol Vega (Work notes)
User reports: Need workspace setup in Building A. Routing toward Facilities.
2026-03-25 10:39:12 - Sol Vega (Work notes)
Checked workspace path; still failing.
2026-03-25 11:39:19 - Sol Vega (Work notes)
Applied standard workaround.",Desk move completed.,true,0,Service Desk|Facilities
INC1202236,2026-08-27T11:17:18-04:00,,,In Progress,3-Moderate,identity,password-reset,Service Desk,Quinn Patel,Need password reset for shared kiosk,"Need password reset for shared kiosk
Please assist.
Thanks,
Quinn Patel
@example.invalid",,,,0,Service Desk
INC1202239,2026-08-03T17:14:13-04:00,2026-08-04T11:59:18-04:00,2026-08-05T04:49:16-04:00,Closed,3-Moderate,network,dns,Network Ops,Hayden Cruz,Cannot resolve printer hostname,"Cannot resolve printer hostname
Please assist.
Thanks,
Hayden Cruz
@example.invalid",,Flushed DNS; internal zones resolve.,false,0,Service Desk|Network Ops
INC1202242,2026-05-13T09:40:52-04:00,2026-05-15T00:35:03-04:00,2026-05-15T13:54:04-04:00,Closed,3-Moderate,desktop,laptop-hardware,Desktop Support,Reese Dalton,Docking station not detecting Surface Laptop,"Docking station not detecting Surface Laptop
Please assist.
Thanks,
Reese Dalton
@example.invalid","2026-05-13 09:40:52 - Reese Dalton (Work notes)
User reports: Docking station not detecting Surface Laptop. Routing toward Desktop Support.
2026-05-13 10:40:59 - Reese Dalton (Work notes)
Applied standard workaround.
2026-05-13 11:40:06 - Reese Dalton (Work notes)
Checked laptop-hardware path; still failing.",Reseated dock; display path restored.,true,1,Service Desk|Desktop Support
INC1202243,2026-07-07T11:58:55-04:00,2026-07-09T05:04:35-04:00,2026-07-09T07:09:43-04:00,Closed,3-Moderate,desktop,peripheral,Desktop Support,Finley Shah,Webcam disabled after patch,"Webcam disabled after patch
Please assist.
Thanks,
Finley Shah
@example.invalid","2026-07-07 11:58:55 - Finley Shah (Work notes)
User reports: Webcam disabled after patch. Routing toward Desktop Support.",Updated dock firmware.,true,0,Service Desk|Desktop Support
INC1202245,2026-08-24T09:07:22-04:00,2026-08-25T07:24:19-04:00,2026-08-25T23:13:31-04:00,Closed,3-Moderate,app,sap,SAP Support,Blair Mendes,SAP dump while saving ME21N,"SAP dump while saving ME21N
Please assist.
Thanks,
Blair Mendes
@example.invalid","2026-08-24 09:07:22 - Blair Mendes (Work notes)
User reports: SAP dump while saving ME21N. Routing toward SAP Support.
2026-08-24 10:07:29 - Blair Mendes (Work notes)
Escalating to SAP Support.
2026-08-24 11:07:36 - Blair Mendes (Work notes)
Applied standard workaround.",SAP role provisioned; tcode authorized.,true,0,Service Desk|SAP Support
INC1202247,2026-07-09T15:17:27-04:00,2026-07-12T15:34:38-04:00,2026-07-14T23:50:46-04:00,Closed,3-Moderate,app,sap,SAP Support,Nico Alvarez,SAP GUI timeout on tcode ME21N,"SAP GUI timeout on tcode ME21N
Please assist.
Thanks,
Nico Alvarez
@example.invalid","2026-07-09 15:17:27 - Nico Alvarez (Work notes)
User reports: SAP GUI timeout on tcode ME21N. Routing toward SAP Support.
2026-07-09 16:17:34 - Nico Alvarez (Work notes)
Checked sap path; still failing.",SAP role provisioned; tcode authorized.,false,0,Major Incident|SAP Support
INC1202249,2026-03-21T01:12:45-04:00,2026-03-22T03:00:08-04:00,2026-03-22T06:40:59-04:00,Closed,3-Moderate,desktop,os-software,Desktop Support,,Windows patch failed on ThinkPad T14; bitlocker prompt loop,"Windows patch failed on ThinkPad T14; bitlocker prompt loop
Please assist.
Thanks,
End User
@example.invalid","2026-03-21 01:12:45 - Riley Cho (Work notes)
User reports: Windows patch failed on ThinkPad T14; bitlocker prompt loop. Routing toward Desktop Support.
2026-03-21 02:12:52 - Riley Cho (Work notes)
Checked os-software path; still failing.",Cleared update cache; reboot succeeded.,true,0,Service Desk|Desktop Support
INC1202252,2026-07-15T10:05:53-04:00,2026-07-16T19:24:13-04:00,2026-07-17T00:47:25-04:00,Closed,3-Moderate,desktop,printer,Desktop Support,Finley Shah,Color prints banding on Surface Laptop,"Color prints banding on Surface Laptop
Please assist.
Thanks,
Finley Shah
@example.invalid",,Power-cycled printer; queue drained.,true,1,Desktop Support|Desktop Support
INC1202256,2026-07-28T17:40:11-04:00,2026-07-29T07:51:10-04:00,2026-07-29T15:47:20-04:00,Closed,3-Moderate,app,sap,App Support,Shay Ortega,Slow SAP transaction MM03 this morning,"Slow SAP transaction MM03 this morning
Please assist.
Thanks,
Shay Ortega
@example.invalid","2026-07-28 17:40:11 - Shay Ortega (Work notes)
User reports: Slow SAP transaction MM03 this morning. Routing toward App Support.
2026-07-28 18:40:18 - Shay Ortega (Work notes)
Escalating to App Support.",GUI cache cleared; S/4 opens.,true,0,Service Desk|App Support
INC1202260,2026-04-29T09:47:57-04:00,2026-04-30T05:37:08-04:00,2026-04-30T11:59:33-04:00,Closed,3-Moderate,identity,mfa,Service Desk,Morgan Voss,MFA device lost; need reset,"MFA device lost; need reset
Please assist.
Thanks,
Morgan Voss
@example.invalid","2026-04-29 09:47:57 - Morgan Voss (Work notes)
User reports: MFA device lost; need reset. Routing toward Service Desk.",Resynced TOTP; MFA prompt succeeds.,true,0,Service Desk
INC1202264,2026-06-08T14:28:49-04:00,2026-06-13T16:12:17-04:00,,Resolved,3-Moderate,desktop,laptop-hardware,Desktop Support,,Laptop charger not seating; battery icon missing,"Laptop charger not seating; battery icon missing
Please assist.
Thanks,
End User
@example.invalid","2026-06-08 14:28:49 - Rowan Ellis (Work notes)
User reports: Laptop charger not seating; battery icon missing. Routing toward Desktop Support.
2026-06-08 15:28:56 - Blake Ibarra (Work notes)
Escalating to Desktop Support.",Replaced charger and retested battery.,true,2,Service Desk|Desktop Support
INC1202266,2026-08-27T13:53:08-04:00,2026-08-28T19:48:48-04:00,2026-08-28T22:39:16-04:00,Closed,4-Low,identity,mfa,Service Desk,Sage Okonkwo,MFA prompt loop — Duo push never arrives,"MFA prompt loop — Duo push never arrives
Please assist.
Thanks,
Sage Okonkwo
@example.invalid",,Resynced TOTP; MFA prompt succeeds.,true,0,Service Desk|Service Desk|Service Desk|Service Desk
INC1202272,2026-08-05T11:40:01-04:00,2026-08-06T21:44:04-04:00,2026-08-07T05:54:49-04:00,Closed,3-Moderate,app,zoom-teams,App Support,Shay Ortega,Teams will not join from laptop,"Teams will not join from laptop
Please assist.
Thanks,
Shay Ortega
@example.invalid","2026-08-05 11:40:01 - Shay Ortega (Work notes)
User reports: Teams will not join from laptop. Routing toward App Support.
2026-08-05 12:40:08 - Shay Ortega (Work notes)
Waiting on user callback.
2026-08-05 13:40:15 - Shay Ortega (Work notes)
Waiting on user callback.",Reinstalled Zoom client; audio device set.,true,0,App Support
INC1202274,2026-06-22T16:02:57-04:00,2026-06-23T07:04:40-04:00,2026-06-23T08:46:07-04:00,Closed,2-High,facilities,workspace,Major Incident,Marlowe Quinn,Chair hydraulic failed,"Chair hydraulic failed
Please assist.
Thanks,
Marlowe Quinn
@example.invalid","2026-06-22 16:02:57 - Marlowe Quinn (Work notes)
User reports: Chair hydraulic failed. Routing toward Major Incident.
2026-06-22 17:02:04 - Marlowe Quinn (Work notes)
Escalating to Major Incident.
2026-06-22 18:02:11 - Marlowe Quinn (Work notes)
Waiting on user callback.",Chair replaced.,true,0,Facilities|Major Incident
INC1202278,2026-05-04T00:59:02-04:00,2026-05-04T06:40:03-04:00,2026-05-04T10:53:44-04:00,Closed,3-Moderate,identity,account-lockout,Service Desk,Riley Cho,AD account disabled after password spray lockout,"AD account disabled after password spray lockout
Please assist.
Thanks,
Riley Cho
@example.invalid","2026-05-04 00:59:02 - Riley Cho (Work notes)
User reports: AD account disabled after password spray lockout. Routing toward Service Desk.",Unlocked AD account; advised password hygiene.,true,0,Major Incident|Service Desk
INC1202282,2026-03-09T09:42:56-04:00,2026-03-09T12:24:46-04:00,2026-03-09T17:05:55-04:00,Closed,3-Moderate,facilities,workspace,Facilities,Lane Ortiz,Need workspace setup in Building B,"Need workspace setup in Building B
Please assist.
Thanks,
Lane Ortiz
@example.invalid","2026-03-09 09:42:56 - Lane Ortiz (Work notes)
User reports: Need workspace setup in Building B. Routing toward Facilities.",Chair replaced.,true,0,Service Desk|Facilities
INC1202285,2026-07-27T01:59:49-04:00,2026-07-27T20:29:05-04:00,2026-07-28T01:02:19-04:00,Closed,4-Low,app,web-app,App Support,Shay Ortega,Chrome SSO timeout on web app,"Chrome SSO timeout on web app
Please assist.
Thanks,
Shay Ortega
@example.invalid","2026-07-27 01:59:49 - Shay Ortega (Work notes)
User reports: Chrome SSO timeout on web app. Routing toward App Support.
2026-07-27 02:59:56 - Shay Ortega (Work notes)
Waiting on user callback.
2026-07-27 03:59:03 - Shay Ortega (Work notes)
Checked web-app path; still failing.",Cleared SSO cookies; Chrome sign-in works.,true,0,Service Desk|App Support
INC1202288,2026-03-14T22:58:58-04:00,2026-03-16T09:10:30-04:00,2026-03-16T18:44:49-04:00,Closed,4-Low,network,vpn,Network Ops,Peyton Ames,AnyConnect error after password change,"AnyConnect error after password change
Please assist.
Thanks,
Peyton Ames
@example.invalid","2026-03-14 22:58:58 - Peyton Ames (Work notes)
User reports: AnyConnect error after password change. Routing toward Network Ops.
2026-03-14 23:58:05 - Peyton Ames (Work notes)
Applied standard workaround.",Reset AnyConnect and refreshed cert.,true,0,Service Desk|Network Ops
INC1202295,2026-03-24T13:20:44-04:00,2026-03-29T03:36:32-04:00,2026-04-01T04:10:06-04:00,Closed,4-Low,desktop,laptop-hardware,Service Desk,Jordan Hale,Laptop will not boot — EliteBook 840 will not boot,"Laptop will not boot — EliteBook 840 will not boot
Please assist.
Thanks,
Jordan Hale
@example.invalid","2026-03-24 13:20:44 - Jordan Hale (Work notes)
User reports: Laptop will not boot — EliteBook 840 will not boot. Routing toward Service Desk.
2026-03-24 14:20:51 - Jordan Hale (Work notes)
Waiting on user callback.
2026-03-24 15:20:58 - Jordan Hale (Work notes)
Checked laptop-hardware path; still failing. jhale419@example.invalid",Reseated dock; display path restored.,true,1,Service Desk|Service Desk|Service Desk|Service Desk
INC1202300,2026-06-05T09:30:55-04:00,2026-06-08T15:53:31-04:00,2026-06-13T14:21:51-04:00,Closed,4-Low,app,zoom-teams,Collaboration Services,Taryn Bell,Teams presence stuck offline,"Teams presence stuck offline
Please assist.
Thanks,
Taryn Bell
@example.invalid","2026-06-05 09:30:55 - Taryn Bell (Work notes)
User reports: Teams presence stuck offline. Routing toward Collaboration Services.
2026-06-05 10:30:02 - Taryn Bell (Work notes)
Waiting on user callback.
2026-06-05 11:30:09 - Taryn Bell (Work notes)
Applied standard workaround.",Reinstalled Zoom client; audio device set.,true,0,Service Desk|Collaboration Services
INC1202306,2026-07-29T14:14:03-04:00,,,On Hold,4-Low,desktop,os-software,Desktop Support,Parker Singh,Software center missing required app on MacBook,"Software center missing required app on MacBook
Please assist.
Thanks,
Parker Singh
@example.invalid","2026-07-29 14:14:03 - Parker Singh (Work notes)
User reports: Software center missing required app on MacBook. Routing toward Desktop Support.
2026-07-29 15:14:10 - Parker Singh (Work notes)
Waiting on user callback.",,,0,Service Desk|Desktop Support
INC1202308,2026-05-11T15:32:57-04:00,2026-05-13T06:46:40-04:00,2026-05-13T16:27:55-04:00,Closed,3-Moderate,network,dns,Network Ops,Hayden Cruz,Cannot resolve printer hostname,"Cannot resolve printer hostname
Please assist.
Thanks,
Hayden Cruz
@example.invalid","2026-05-11 15:32:57 - Hayden Cruz (Work notes)
User reports: Cannot resolve printer hostname. Routing toward Network Ops.",Flushed DNS; internal zones resolve.,true,0,Major Incident|Network Ops
INC1202311,2026-08-24T09:24:49-04:00,,,In Progress,4-Low,network,other-network,Network Ops,Hayden Cruz,Network share unreachable from Surface Laptop,"Network share unreachable from Surface Laptop
Please assist.
Thanks,
Hayden Cruz
@example.invalid","2026-08-24 09:24:49 - Hayden Cruz (Work notes)
User reports: Network share unreachable from Surface Laptop. Routing toward Network Ops.
2026-08-24 10:24:56 - Hayden Cruz (Work notes)
Escalating to Network Ops.
2026-08-24 11:24:03 - Hayden Cruz (Work notes)
Checked other-network path; still failing.",,,0,Vendor Mgmt|Network Ops
INC1202313,2026-05-25T15:29:24-04:00,2026-05-26T03:53:07-04:00,2026-05-27T03:11:47-04:00,Closed,3-Moderate,desktop,printer,Endpoint Engineering,Jamie Solis,Label printer offline in Building North,"Label printer offline in Building North
Please assist.
Thanks,
Jamie Solis
@example.invalid","2026-05-25 15:29:24 - Jamie Solis (Work notes)
User reports: Label printer offline in Building North. Routing toward Endpoint Engineering.
2026-05-25 16:29:31 - Jamie Solis (Work notes)
Checked printer path; still failing.
2026-05-25 17:29:38 - Jamie Solis (Work notes)
Escalating to Endpoint Engineering.",Replaced toner and cleared jam.,true,0,Service Desk|Endpoint Engineering
INC1202317,2026-05-04T12:00:31-04:00,2026-05-04T20:10:53-04:00,2026-05-04T21:48:08-04:00,Closed,3-Moderate,network,vpn,Service Desk,,VPN disconnects during large file copy,"VPN disconnects during large file copy
Please assist.
Thanks,
End User
@example.invalid","2026-05-04 12:00:31 - Riley Cho (Work notes)
User reports: VPN disconnects during large file copy. Routing toward Service Desk.
2026-05-04 13:00:38 - Blake Ibarra (Work notes)
Applied standard workaround. jhale419@example.invalid",Fixed DNS suffix on VPN adapter.,true,0,Service Desk
INC1202321,2026-06-04T09:07:53-04:00,2026-06-04T13:30:45-04:00,2026-06-05T19:39:16-04:00,Closed,3-Moderate,app,web-app,App Support,Remy Cole,Chrome SSO timeout on web app,"Chrome SSO timeout on web app
Please assist.
Thanks,
Remy Cole
@example.invalid",,Cleared SSO cookies; Chrome sign-in works.,true,0,Service Desk|App Support
INC1202323,2026-06-12T09:32:22-04:00,2026-06-12T15:57:42-04:00,2026-06-12T21:04:45-04:00,Closed,2-High,facilities,other-facilities,Facilities,Indigo Walsh,Water leak reported Building B jhale419@example.invalid,"Water leak reported Building B
Please assist.
Thanks,
Indigo Walsh
@example.invalid",,Work order closed with vendor.,true,0,Service Desk|Facilities
INC1202324,2026-05-13T11:11:02-04:00,2026-05-14T03:58:41-04:00,2026-05-14T07:15:16-04:00,Closed,3-Moderate,desktop,os-software,Desktop Support,,Windows patch failed on ThinkPad T14; bitlocker prompt loop,"Windows patch failed on ThinkPad T14; bitlocker prompt loop
Please assist.
Thanks,
End User
@example.invalid","2026-05-13 11:11:02 - Casey Quintana (Work notes)
User reports: Windows patch failed on ThinkPad T14; bitlocker prompt loop. Routing toward Desktop Support.",Repaired Chrome install.,true,0,Service Desk|Desktop Support
INC1202326,2026-04-29T13:04:41-04:00,2026-04-30T06:07:40-04:00,2026-04-30T13:21:46-04:00,Closed,4-Low,desktop,other-desktop,Desktop Support,Parker Singh,Desktop profile corrupt after login,"Desktop profile corrupt after login
Please assist.
Thanks,
Parker Singh
@example.invalid","2026-04-29 13:04:41 - Parker Singh (Work notes)
User reports: Desktop profile corrupt after login. Routing toward Desktop Support.
2026-04-29 14:04:48 - Parker Singh (Work notes)
Waiting on user callback.",Rebuilt profile; network drive mapped.,true,0,Service Desk|Desktop Support
INC1202327,2026-05-10T05:46:58-04:00,2026-05-10T12:11:58-04:00,2026-05-12T13:00:25-04:00,Closed,2-High,network,vpn,Network Ops,Skyler Bond,Cannot reach SAP over VPN client,"Cannot reach SAP over VPN client
Please assist.
Thanks,
Skyler Bond
@example.invalid","2026-05-10 05:46:58 - Skyler Bond (Work notes)
User reports: Cannot reach SAP over VPN client. Routing toward Network Ops.",Fixed DNS suffix on VPN adapter.,true,0,Service Desk|Network Ops
INC1202334,2026-04-10T11:19:19-04:00,2026-04-11T04:29:28-04:00,2026-04-11T13:02:33-04:00,Closed,4-Low,desktop,peripheral,Desktop Support,Finley Shah,Headset mute button not working,,"2026-04-10 11:19:19 - Finley Shah (Work notes)
User reports: Headset mute button not working. Routing toward Desktop Support.",Re-enabled webcam in device manager.,true,0,Service Desk|Desktop Support
INC1202340,2026-07-03T19:26:18-04:00,2026-07-04T01:08:19-04:00,2026-07-04T18:08:26-04:00,Closed,3-Moderate,identity,mfa,Identity/IAM,Marlowe Singh,MFA device lost; need reset,"MFA device lost; need reset
Please assist.
Thanks,
Marlowe Singh
@example.invalid","2026-07-03 19:26:18 - Marlowe Singh (Work notes)
User reports: MFA device lost; need reset. Routing toward Identity/IAM.
2026-07-03 20:26:25 - Marlowe Singh (Work notes)
Applied standard workaround.",Resynced TOTP; MFA prompt succeeds.,true,0,Service Desk|Service Desk|Identity/IAM
INC1202341,2026-05-07T11:14:31-04:00,2026-05-07T19:06:01-04:00,2026-05-08T09:10:10-04:00,Closed,2-High,facilities,workspace,Facilities,Indigo Walsh,Desk move request Floor 3,"Desk move request Floor 3
Please assist.
Thanks,
Indigo Walsh
@example.invalid","2026-05-07 11:14:31 - Indigo Walsh (Work notes)
User reports: Desk move request Floor 3. Routing toward Facilities.
2026-05-07 12:14:38 - Indigo Walsh (Work notes)
Waiting on user callback.
2026-05-07 13:14:45 - Indigo Walsh (Work notes)
Escalating to Facilities.",Desk move completed.,true,0,Service Desk|Facilities
INC1202344,2026-05-04T10:05:17-04:00,2026-05-04T22:35:09-04:00,2026-05-05T05:37:33-04:00,Closed,3-Moderate,network,vpn,Network Ops,Hayden Cruz,VPN tunnel up but no internal DNS,"VPN tunnel up but no internal DNS
Please assist.
Thanks,
Hayden Cruz
@example.invalid","2026-05-04 10:05:17 - Hayden Cruz (Work notes)
User reports: VPN tunnel up but no internal DNS. Routing toward Network Ops.
2026-05-04 11:05:24 - Hayden Cruz (Work notes)
Checked vpn path; still failing.
2026-05-04 12:05:31 - Hayden Cruz (Work notes)
Waiting on user callback.",VPN profile rebuilt; tunnel stable.,true,0,Service Desk|Network Ops
INC1202347,2026-03-30T10:29:59-04:00,2026-04-01T22:25:08-04:00,2026-04-02T04:33:37-04:00,Closed,4-Low,desktop,printer,Desktop Support,Finley Shah,Cannot add printer Surface Laptop after profile rebuild,"Cannot add printer Surface Laptop after profile rebuild
Please assist.
Thanks,
Finley Shah
@example.invalid","2026-03-30 10:29:59 - Finley Shah (Work notes)
User reports: Cannot add printer Surface Laptop after profile rebuild. Routing toward Desktop Support.",Replaced toner and cleared jam.,true,0,Service Desk|Desktop Support
INC1202351,2026-07-15T10:42:53-04:00,2026-07-16T08:05:49-04:00,2026-07-16T11:38:59-04:00,Closed,3-Moderate,identity,mfa,Identity/IAM,Marlowe Singh,MFA enrollment week — new hire cannot complete Duo,"MFA enrollment week — new hire cannot complete Duo
Please assist.
Thanks,
Marlowe Singh
@example.invalid","2026-07-15 10:42:53 - Marlowe Singh (Work notes)
User reports: MFA enrollment week — new hire cannot complete Duo. Routing toward Identity/IAM.",Resynced TOTP; MFA prompt succeeds.,false,0,Service Desk|Identity/IAM
INC1202355,2026-04-20T14:22:58-04:00,2026-04-21T21:39:20-04:00,2026-04-22T10:19:18-04:00,Closed,4-Low,desktop,printer,Endpoint Engineering,Emerson Vale,Cannot print PDF to ThinkPad T14,"Cannot print PDF to ThinkPad T14
Please assist.
Thanks,
Emerson Vale
@example.invalid","2026-04-20 14:22:58 - Emerson Vale (Work notes)
User reports: Cannot print PDF to ThinkPad T14. Routing toward Endpoint Engineering.
2026-04-20 15:22:05 - Emerson Vale (Work notes)
Escalating to Endpoint Engineering.
2026-04-20 16:22:12 - Emerson Vale (Work notes)
Applied standard workaround.",Power-cycled printer; queue drained.,true,0,Service Desk|Endpoint Engineering
INC1202358,2026-05-06T00:40:44-04:00,2026-05-06T09:33:11-04:00,2026-05-07T08:28:54-04:00,Closed,3-Moderate,network,vpn,Service Desk,Blake Ibarra,VPN client drops every few minutes,"VPN client drops every few minutes
Please assist.
Thanks,
Blake Ibarra
@example.invalid",,Fixed DNS suffix on VPN adapter.,true,0,Service Desk
INC1202365,2026-08-20T14:15:55-04:00,,,In Progress,4-Low,app,sap,SAP Support,Shiloh Grant,Missing SAP authorization for FB01,"Missing SAP authorization for FB01
Please assist.
Thanks,
Shiloh Grant
@example.invalid","2026-08-20 14:15:55 - Shiloh Grant (Work notes)
User reports: Missing SAP authorization for FB01. Routing toward SAP Support.
2026-08-20 15:15:02 - Shiloh Grant (Work notes)
Checked sap path; still failing.",,,0,Service Desk|SAP Support
INC1202370,2026-05-04T10:53:46-04:00,2026-05-07T01:56:54-04:00,2026-05-07T13:02:53-04:00,Closed,4-Low,desktop,printer,Service Desk,Morgan Voss,Printer loud fan on Floor 5,"Printer loud fan on Floor 5
Please assist.
Thanks,
Morgan Voss
@example.invalid","2026-05-04 10:53:46 - Morgan Voss (Work notes)
User reports: Printer loud fan on Floor 5. Routing toward Service Desk.",Reset print queue and republished printer.,true,0,Service Desk|Vendor Mgmt|Service Desk
INC1202373,2026-04-20T09:23:23-04:00,2026-04-26T06:50:12-04:00,2026-04-26T08:01:56-04:00,Closed,4-Low,identity,account-lockout,Service Desk,Sage Okonkwo,AD account disabled after password spray lockout,"AD account disabled after password spray lockout
Please assist.
Thanks,
Sage Okonkwo
@example.invalid","2026-04-20 09:23:23 - Sage Okonkwo (Work notes)
User reports: AD account disabled after password spray lockout. Routing toward Service Desk.",Unlocked AD account; advised password hygiene.,true,1,Service Desk|Identity/IAM|Service Desk
INC1202377,2026-08-13T09:46:29-04:00,2026-08-14T08:14:02-04:00,2026-08-16T11:58:18-04:00,Closed,4-Low,app,sap,SAP Support,Shiloh Grant,S4HANA fiori tile missing after transport,"S4HANA fiori tile missing after transport
Please assist.
Thanks,
Shiloh Grant
@example.invalid","2026-08-13 09:46:29 - Shiloh Grant (Work notes)
User reports: S4HANA fiori tile missing after transport. Routing toward SAP Support.",SAP role provisioned; tcode authorized.,true,0,Service Desk|Service Desk|SAP Support
INC1202384,2026-08-05T11:20:27-04:00,2026-08-06T17:14:28-04:00,2026-08-08T09:04:13-04:00,Closed,3-Moderate,app,outlook,Collaboration Services,Wynn Foster,Cannot search mailbox after weekend,,"2026-08-05 11:20:27 - Wynn Foster (Work notes)
User reports: Cannot search mailbox after weekend. Routing toward Collaboration Services.",Mailbox quota increased; Outlook sending.,true,0,Service Desk|Collaboration Services
INC1202388,2026-08-14T09:59:25-04:00,2026-08-15T22:11:26-04:00,2026-08-16T06:40:43-04:00,Closed,3-Moderate,facilities,workspace,Vendor Mgmt,Tatum Rhodes,Desk move request Floor 2,"Desk move request Floor 2
Please assist.
Thanks,
Tatum Rhodes
@example.invalid","2026-08-14 09:59:25 - Tatum Rhodes (Work notes)
User reports: Desk move request Floor 2. Routing toward Vendor Mgmt.
2026-08-14 10:59:32 - Tatum Rhodes (Work notes)
Escalating to Vendor Mgmt.",Desk move completed.,true,1,Service Desk|Vendor Mgmt
INC1202392,2026-05-31T22:37:05-04:00,2026-06-01T12:13:01-04:00,2026-06-02T21:52:37-04:00,Closed,3-Moderate,app,other-app,App Support,Jules Navarro,Business app will not start after patch,,"2026-05-31 22:37:05 - Jules Navarro (Work notes)
User reports: Business app will not start after patch. Routing toward App Support.",Repaired client install; license refreshed.,true,0,Service Desk|App Support
INC1202397,2026-06-10T11:41:26-04:00,2026-06-11T22:23:28-04:00,2026-06-12T01:26:01-04:00,Closed,4-Low,app,zoom-teams,App Support,Kendall Frost,Teams will not join from laptop,"Teams will not join from laptop
Please assist.
Thanks,
Kendall Frost
@example.invalid","2026-06-10 11:41:26 - Kendall Frost (Work notes)
User reports: Teams will not join from laptop. Routing toward App Support.
2026-06-10 12:41:33 - Kendall Frost (Work notes)
Waiting on user callback.",Teams cache cleared.,true,0,Service Desk|App Support
INC1202401,2026-03-10T23:38:47-04:00,2026-03-12T10:22:17-04:00,2026-03-13T03:53:09-04:00,Closed,4-Low,app,zoom-teams,App Support,Shay Ortega,Zoom meeting audio missing on Latitude 5540,"Zoom meeting audio missing on Latitude 5540
Please assist.
Thanks,
Shay Ortega
@example.invalid",,Reinstalled Zoom client; audio device set.,false,0,Service Desk|App Support
INC1202408,2026-07-09T09:58:27-04:00,2026-07-11T00:09:24-04:00,2026-07-11T17:06:12-04:00,Closed,3-Moderate,desktop,printer,Desktop Support,Cameron Ortiz,Cannot print PDF to Surface Laptop,"Cannot print PDF to Surface Laptop
Please assist.
Thanks,
Cameron Ortiz
@example.invalid","2026-07-09 09:58:27 - Cameron Ortiz (Work notes)
User reports: Cannot print PDF to Surface Laptop. Routing toward Desktop Support.
2026-07-09 10:58:34 - Cameron Ortiz (Work notes)
Checked printer path; still failing.
2026-07-09 11:58:41 - Cameron Ortiz (Work notes)
Applied standard workaround.",Replaced toner and cleared jam.,true,0,Service Desk|Desktop Support
INC1202410,2026-04-28T09:30:16-04:00,2026-04-28T15:40:02-04:00,2026-04-29T00:10:09-04:00,Closed,2-High,network,wifi,Service Desk,Drew Kimura,Cannot join corporate SSID after laptop rebuild,,"2026-04-28 09:30:16 - Drew Kimura (Work notes)
User reports: Cannot join corporate SSID after laptop rebuild. Routing toward Service Desk.
2026-04-28 10:30:23 - Drew Kimura (Work notes)
Waiting on user callback.",Reprovisioned SSID profile.,true,0,Service Desk|Network Ops|Service Desk
INC1202411,2026-03-23T15:39:10-04:00,2026-03-23T23:43:13-04:00,2026-03-24T11:51:10-04:00,Closed,3-Moderate,app,zoom-teams,Collaboration Services,Arden Miles,Zoom client crash on screen share,"Zoom client crash on screen share
Please assist.
Thanks,
Arden Miles
@example.invalid","2026-03-23 15:39:10 - Arden Miles (Work notes)
User reports: Zoom client crash on screen share. Routing toward Collaboration Services.
2026-03-23 16:39:17 - Arden Miles (Work notes)
Waiting on user callback.",Reinstalled Zoom client; audio device set.,true,0,Major Incident|Collaboration Services
INC1202418,2026-07-29T07:57:49-04:00,2026-07-29T08:41:06-04:00,2026-07-29T20:30:47-04:00,Closed,2-High,app,outlook,Collaboration Services,Arden Miles,Shared mailbox missing after migration,"Shared mailbox missing after migration
Please assist.
Thanks,
Arden Miles
@example.invalid","2026-07-29 07:57:49 - Arden Miles (Work notes)
User reports: Shared mailbox missing after migration. Routing toward Collaboration Services.
2026-07-29 08:57:56 - Arden Miles (Work notes)
Escalating to Collaboration Services.
2026-07-29 09:57:03 - Arden Miles (Work notes)
Applied standard workaround.",Mailbox quota increased; Outlook sending.,true,0,Service Desk|Service Desk|Collaboration Services
INC1202420,2026-08-10T10:56:45-04:00,2026-08-12T08:01:26-04:00,2026-08-14T01:18:07-04:00,Closed,3-Moderate,app,sap,SAP Support,Eden Brooks,SAP dump while saving MM03,"SAP dump while saving MM03
Please assist.
Thanks,
Eden Brooks
@example.invalid","2026-08-10 10:56:45 - Eden Brooks (Work notes)
User reports: SAP dump while saving MM03. Routing toward SAP Support.",GUI cache cleared; S/4 opens.,true,0,Service Desk|SAP Support
INC1202427,2026-04-12T22:09:38-04:00,2026-04-13T05:21:32-04:00,2026-04-13T10:09:49-04:00,Closed,4-Low,network,dns,Network Ops,Hayden Cruz,MFA device lost; need reset,"MFA device lost; need reset
Please assist.
Thanks,
Hayden Cruz
@example.invalid","2026-04-12 22:09:38 - Hayden Cruz (Work notes)
User reports: MFA device lost; need reset. Routing toward Network Ops.
2026-04-12 23:09:45 - Hayden Cruz (Work notes)
Waiting on user callback.
2026-04-12 00:09:52 - Hayden Cruz (Work notes)
Applied standard workaround.",Corrected VPN DNS servers.,true,0,Facilities|Network Ops
INC1202431,2026-04-29T09:37:40-04:00,2026-04-29T14:48:36-04:00,2026-04-30T07:13:54-04:00,Closed,4-Low,desktop,laptop-hardware,Desktop Support,Reese Dalton,Cannot boot Surface Laptop after weekend patch,"Cannot boot Surface Laptop after weekend patch
Please assist.
Thanks,
Reese Dalton
@example.invalid",,Reseated dock; display path restored.,true,0,Service Desk|Desktop Support
INC1202435,2026-08-11T15:37:34-04:00,2026-08-12T05:54:27-04:00,,Resolved,3-Moderate,identity,mfa,Identity/IAM,Eden Park,MFA enrollment week — new hire cannot complete Duo,"MFA enrollment week — new hire cannot complete Duo
Please assist.
Thanks,
Eden Park
@example.invalid","2026-08-11 15:37:34 - Eden Park (Work notes)
User reports: MFA enrollment week — new hire cannot complete Duo. Routing toward Identity/IAM.
2026-08-11 16:37:41 - Eden Park (Work notes)
Waiting on user callback.
2026-08-11 17:37:48 - Eden Park (Work notes)
Applied standard workaround.",Reset Duo device; enrollment complete.,true,0,Service Desk|Identity/IAM
INC1202436,2026-03-13T10:01:44-04:00,2026-03-13T23:15:24-04:00,2026-03-14T04:01:36-04:00,Closed,4-Low,app,sap,Major Incident,Lennox Hart,SAP GUI timeout on tcode IW32,,,SAP role provisioned; tcode authorized.,true,0,Major Incident
INC1202443,2026-03-26T03:41:00-04:00,2026-03-27T22:18:55-04:00,2026-03-29T06:49:32-04:00,Closed,3-Moderate,desktop,other-desktop,Desktop Support,Reese Dalton,Slow logon on ThinkPad T14,,"2026-03-26 03:41:00 - Reese Dalton (Work notes)
User reports: Slow logon on ThinkPad T14. Routing toward Desktop Support.",Rebuilt profile; network drive mapped.,true,0,Service Desk|Desktop Support
INC1202445,2026-04-07T11:08:14-04:00,2026-04-07T17:25:24-04:00,2026-04-08T15:43:45-04:00,Closed,3-Moderate,facilities,badge-access,Facilities,Indigo Walsh,New badge not provisioned,"New badge not provisioned
Please assist.
Thanks,
Indigo Walsh
@example.invalid","2026-04-07 11:08:14 - Indigo Walsh (Work notes)
User reports: New badge not provisioned. Routing toward Facilities.
2026-04-07 12:08:21 - Indigo Walsh (Work notes)
Escalating to Facilities.",Badge recoded; reader tested.,true,0,Service Desk|Facilities
INC1202450,2026-03-30T19:26:29-04:00,2026-04-11T07:39:26-04:00,2026-04-14T04:39:19-04:00,Closed,4-Low,desktop,laptop-hardware,Desktop Support,Finley Shah,ThinkPad T14 overheats under light load,"ThinkPad T14 overheats under light load
Please assist.
Thanks,
Finley Shah
@example.invalid","2026-03-30 19:26:29 - Finley Shah (Work notes)
User reports: ThinkPad T14 overheats under light load. Routing toward Desktop Support.
2026-03-30 20:26:36 - Finley Shah (Work notes)
Waiting on user callback.
2026-03-30 21:26:43 - Finley Shah (Work notes)
Checked laptop-hardware path; still failing.",Imaged laptop; hardware test passed.,false,0,Service Desk|Desktop Support
INC1202451,2026-03-12T14:09:00-04:00,,2026-03-14T14:25:04-04:00,Canceled,3-Moderate,identity,password-reset,Identity/IAM,Sloane Adler,Password expired; cannot log on,"Password expired; cannot log on
Please assist.
Thanks,
Sloane Adler
@example.invalid","2026-03-12 14:09:00 - Sloane Adler (Work notes)
User reports: Password expired; cannot log on. Routing toward Identity/IAM.",Canceled — duplicate of INC1202439,,0,Service Desk|Identity/IAM
INC1202453,2026-06-04T11:21:41-04:00,2026-06-05T17:54:32-04:00,2026-06-06T05:39:13-04:00,Closed,4-Low,facilities,badge-access,Service Desk,,VPN tunnel up but no internal DNS,"VPN tunnel up but no internal DNS
Please assist.
Thanks,
End User
@example.invalid",,Door controller reset.,true,0,Service Desk
INC1202457,2026-05-25T05:17:43-04:00,2026-05-25T06:39:24-04:00,2026-05-25T07:58:03-04:00,Closed,1-Critical,facilities,workspace,Facilities,River Santos,Chair hydraulic failed,"Chair hydraulic failed
Please assist.
Thanks,
River Santos
@example.invalid","2026-05-25 05:17:43 - River Santos (Work notes)
User reports: Chair hydraulic failed. Routing toward Facilities.
2026-05-25 06:17:50 - River Santos (Work notes)
Escalating to Major Incident.",Chair replaced.,true,0,Service Desk|Major Incident|Facilities
INC1202459,2026-06-03T18:59:33-04:00,,2026-06-03T22:52:10-04:00,Canceled,2-High,network,vpn,Network Ops,Peyton Ames,AnyConnect error after password change,"AnyConnect error after password change
Please assist.
Thanks,
Peyton Ames
@example.invalid","2026-06-03 18:59:33 - Peyton Ames (Work notes)
User reports: AnyConnect error after password change. Routing toward Network Ops.",Canceled — user no-response,,0,Service Desk|Network Ops
INC1202462,2026-03-16T14:01:32-04:00,2026-03-16T23:30:44-04:00,2026-03-17T17:28:14-04:00,Closed,3-Moderate,app,outlook,Collaboration Services,Taryn Bell,Cannot search mailbox after weekend,,"2026-03-16 14:01:32 - Taryn Bell (Work notes)
User reports: Cannot search mailbox after weekend. Routing toward Collaboration Services.
2026-03-16 15:01:39 - Taryn Bell (Work notes)
Checked outlook path; still failing.",Remapped shared mailbox.,true,0,Service Desk|Collaboration Services
INC1202469,2026-06-30T11:10:27-04:00,2026-07-01T02:13:14-04:00,2026-07-01T10:15:37-04:00,Closed,4-Low,desktop,laptop-hardware,Service Desk,Sage Okonkwo,Laptop lid sensor false sleep on Latitude 5540,"Laptop lid sensor false sleep on Latitude 5540
Please assist.
Thanks,
Sage Okonkwo
@example.invalid","2026-06-30 11:10:27 - Sage Okonkwo (Work notes)
User reports: Laptop lid sensor false sleep on Latitude 5540. Routing toward Service Desk.
2026-06-30 12:10:34 - Sage Okonkwo (Work notes)
Waiting on user callback.",Replaced charger and retested battery.,true,2,Service Desk
INC1202470,2026-02-27T11:18:37-05:00,2026-03-01T18:31:55-05:00,2026-03-02T06:47:57-05:00,Closed,4-Low,app,zoom-teams,Collaboration Services,Arden Miles,Zoom meeting audio missing on EliteBook 840,"Zoom meeting audio missing on EliteBook 840
Please assist.
Thanks,
Arden Miles
@example.invalid","2026-02-27 11:18:37 - Arden Miles (Work notes)
User reports: Zoom meeting audio missing on EliteBook 840. Routing toward Collaboration Services.",Teams cache cleared.,true,0,Collaboration Services
INC1202475,2026-08-05T15:18:10-04:00,2026-08-07T05:54:45-04:00,2026-08-07T10:05:07-04:00,Closed,3-Moderate,desktop,peripheral,Desktop Support,Finley Shah,Keyboard not detected after sleep,"Keyboard not detected after sleep
Please assist.
Thanks,
Finley Shah
@example.invalid",,Swapped headset; mute works.,true,0,Major Incident|Desktop Support
INC1202479,2026-06-01T22:28:30-04:00,2026-06-02T08:04:30-04:00,2026-06-02T10:13:32-04:00,Closed,4-Low,app,sap,SAP Support,Shiloh Grant,SAP dump while saving VA01,,"2026-06-01 22:28:30 - Shiloh Grant (Work notes)
User reports: SAP dump while saving VA01. Routing toward SAP Support.",Transport reapplied; tile restored.,true,0,Service Desk|SAP Support
INC1202484,2026-04-07T13:03:57-04:00,2026-04-12T18:46:29-04:00,2026-04-12T19:39:39-04:00,Closed,3-Moderate,facilities,badge-access,Facilities,Indigo Walsh,New badge not provisioned,"New badge not provisioned
Please assist.
Thanks,
Indigo Walsh
@example.invalid","2026-04-07 13:03:57 - Indigo Walsh (Work notes)
User reports: New badge not provisioned. Routing toward Facilities.",Badge recoded; reader tested.,false,0,Service Desk|Facilities
INC1202490,2026-05-15T20:51:19-04:00,2026-05-16T12:34:03-04:00,2026-05-16T16:42:58-04:00,Closed,3-Moderate,facilities,hvac,Facilities,Sol Vega,HVAC too cold on Floor 12,,"2026-05-15 20:51:19 - Sol Vega (Work notes)
User reports: HVAC too cold on Floor 12. Routing toward Facilities.",Vendor adjusted HVAC setpoint.,true,0,Service Desk|Facilities
INC1202495,2026-06-29T12:29:10-04:00,2026-07-01T07:21:11-04:00,2026-07-01T12:54:55-04:00,Closed,4-Low,identity,mfa,Identity/IAM,Eden Park,TOTP out of sync after clock change,"TOTP out of sync after clock change
Please assist.
Thanks,
Eden Park
@example.invalid","2026-06-29 12:29:10 - Eden Park (Work notes)
User reports: TOTP out of sync after clock change. Routing toward Identity/IAM.
2026-06-29 13:29:17 - Eden Park (Work notes)
Waiting on user callback.
2026-06-29 14:29:24 - Eden Park (Work notes)
Escalating to Identity/IAM.",Reset Duo device; enrollment complete.,true,0,Service Desk|Identity/IAM
INC1202496,2026-07-10T11:13:34-04:00,2026-07-10T19:04:22-04:00,2026-07-10T20:37:50-04:00,Closed,3-Moderate,desktop,os-software,Service Desk,Casey Quintana,Chrome will not start after update on Latitude 5540,"Chrome will not start after update on Latitude 5540
Please assist.
Thanks,
Casey Quintana
@example.invalid","2026-07-10 11:13:34 - Casey Quintana (Work notes)
User reports: Chrome will not start after update on Latitude 5540. Routing toward Service Desk.
2026-07-10 12:13:41 - Casey Quintana (Work notes)
Applied standard workaround.",Completed patch and verified BitLocker.,true,0,Service Desk
INC1202503,2026-03-03T10:04:03-05:00,2026-03-03T18:19:39-05:00,,Resolved,3-Moderate,desktop,os-software,Desktop Support,Reese Dalton,Windows update stuck at 87% on Surface Laptop,"Windows update stuck at 87% on Surface Laptop
Please assist.
Thanks,
Reese Dalton
@example.invalid","2026-03-03 10:04:03 - Reese Dalton (Work notes)
User reports: Windows update stuck at 87% on Surface Laptop. Routing toward Desktop Support.
2026-03-03 11:04:10 - Reese Dalton (Work notes)
Escalating to Desktop Support.",Completed patch and verified BitLocker.,true,0,Service Desk|Desktop Support
INC1202508,2026-03-03T14:51:26-05:00,2026-03-03T23:30:23-05:00,2026-03-04T06:15:35-05:00,Closed,3-Moderate,app,web-app,App Support,Kendall Frost,Chrome SSO timeout on web app,"Chrome SSO timeout on web app
Please assist.
Thanks,
Kendall Frost
@example.invalid","2026-03-03 14:51:26 - Kendall Frost (Work notes)
User reports: Chrome SSO timeout on web app. Routing toward App Support.",Cleared SSO cookies; Chrome sign-in works.,true,0,App Support
INC1202513,2026-07-04T17:45:57-04:00,2026-07-05T07:10:23-04:00,2026-07-05T17:07:53-04:00,Closed,4-Low,facilities,other-facilities,Facilities,Indigo Walsh,Light out near desk,"Light out near desk
Please assist.
Thanks,
Indigo Walsh
@example.invalid","2026-07-04 17:45:57 - Indigo Walsh (Work notes)
User reports: Light out near desk. Routing toward Facilities.",Work order closed with vendor.,true,0,Service Desk|Facilities
INC1202519,2026-07-01T09:59:52-04:00,2026-07-02T00:00:57-04:00,2026-07-03T02:20:35-04:00,Closed,3-Moderate,desktop,peripheral,Desktop Support,Reese Dalton,Keyboard not detected after sleep,"Keyboard not detected after sleep
Please assist.
Thanks,
Reese Dalton
@example.invalid","2026-07-01 09:59:52 - Reese Dalton (Work notes)
User reports: Keyboard not detected after sleep. Routing toward Desktop Support.
2026-07-01 10:59:59 - Reese Dalton (Work notes)
Applied standard workaround.",Updated dock firmware.,true,0,Service Desk|Desktop Support
INC1202522,2026-08-20T13:05:45-04:00,2026-08-22T01:16:10-04:00,2026-08-23T08:08:23-04:00,Closed,4-Low,identity,access-request,Identity/IAM,Phoenix Lee,Access request for distribution list,"Access request for distribution list
Please assist.
Thanks,
Phoenix Lee
@example.invalid","2026-08-20 13:05:45 - Phoenix Lee (Work notes)
User reports: Access request for distribution list. Routing toward Identity/IAM.
2026-08-20 14:05:52 - Phoenix Lee (Work notes)
Checked access-request path; still failing.
2026-08-20 15:05:59 - Phoenix Lee (Work notes)
Escalating to Identity/IAM.",Added to Okta group / distribution list.,true,0,Service Desk|Identity/IAM
INC1202526,2026-04-28T11:01:22-04:00,2026-04-28T19:38:12-04:00,2026-04-28T23:21:28-04:00,Closed,3-Moderate,desktop,peripheral,Endpoint Engineering,Taylor Brooks,Second monitor no signal after dock swap,"Second monitor no signal after dock swap
Please assist.
Thanks,
Taylor Brooks
@example.invalid","2026-04-28 11:01:22 - Taylor Brooks (Work notes)
User reports: Second monitor no signal after dock swap. Routing toward Endpoint Engineering.
2026-04-28 12:01:29 - Taylor Brooks (Work notes)
Checked peripheral path; still failing.
2026-04-28 13:01:36 - Taylor Brooks (Work notes)
Waiting on user callback.",Swapped headset; mute works.,true,0,Service Desk|Endpoint Engineering
INC1202527,2026-07-14T19:00:44-04:00,2026-07-14T22:37:27-04:00,,Resolved,2-High,app,other-app,App Support,Shay Ortega,License error on desktop client,"License error on desktop client
Please assist.
Thanks,
Shay Ortega
@example.invalid","2026-07-14 19:00:44 - Shay Ortega (Work notes)
User reports: License error on desktop client. Routing toward App Support.
2026-07-14 20:00:51 - Shay Ortega (Work notes)
Escalating to App Support.",Repaired client install; license refreshed.,true,0,Service Desk|App Support
INC1202532,2026-08-08T15:21:25-04:00,2026-08-14T08:24:31-04:00,2026-08-14T20:32:15-04:00,Closed,3-Moderate,facilities,badge-access,Facilities,River Santos,Badge access denied on Floor 2,"Badge access denied on Floor 2
Please assist.
Thanks,
River Santos
@example.invalid","2026-08-08 15:21:25 - River Santos (Work notes)
User reports: Badge access denied on Floor 2. Routing toward Facilities.
2026-08-08 16:21:32 - River Santos (Work notes)
Applied standard workaround.",Badge recoded; reader tested.,false,0,Service Desk|Facilities
INC1202534,2026-04-13T07:14:26-04:00,2026-04-13T12:01:56-04:00,2026-04-13T20:20:46-04:00,Closed,3-Moderate,desktop,os-software,Desktop Support,Cameron Ortiz,Chrome will not start after update on ThinkPad T14,"Chrome will not start after update on ThinkPad T14
Please assist.
Thanks,
Cameron Ortiz
@example.invalid","2026-04-13 07:14:26 - Cameron Ortiz (Work notes)
User reports: Chrome will not start after update on ThinkPad T14. Routing toward Desktop Support.
2026-04-13 08:14:33 - Cameron Ortiz (Work notes)
Escalating to Desktop Support.",Repaired Chrome install.,true,0,Service Desk|Desktop Support
INC1202538,2026-05-29T11:22:38-04:00,2026-05-30T06:04:15-04:00,2026-05-30T09:33:41-04:00,Closed,3-Moderate,desktop,os-software,Endpoint Engineering,Dakota Chen,Windows patch failed on Surface Laptop; bitlocker prompt loop,"Windows patch failed on Surface Laptop; bitlocker prompt loop
Please assist.
Thanks,
Dakota Chen
@example.invalid","2026-05-29 11:22:38 - Dakota Chen (Work notes)
User reports: Windows patch failed on Surface Laptop; bitlocker prompt loop. Routing toward Endpoint Engineering.",Repaired Chrome install.,true,0,Service Desk|Endpoint Engineering
INC1202539,2026-05-04T03:20:37-04:00,2026-05-05T02:50:40-04:00,2026-05-06T03:42:43-04:00,Closed,3-Moderate,network,vpn,Network Ops,Hayden Cruz,VPN client will not launch on EliteBook 840,"VPN client will not launch on EliteBook 840
Please assist.
Thanks,
Hayden Cruz
@example.invalid","2026-05-04 03:20:37 - Hayden Cruz (Work notes)
User reports: VPN client will not launch on EliteBook 840. Routing toward Network Ops.",Reset AnyConnect and refreshed cert.,true,0,Service Desk|Network Ops
INC1202541,2026-04-29T10:38:56-04:00,2026-04-29T23:58:40-04:00,,Resolved,3-Moderate,identity,mfa,Identity/IAM,Marlowe Singh,MFA enrollment week — new hire cannot complete Duo,"MFA enrollment week — new hire cannot complete Duo
Please assist.
Thanks,
Marlowe Singh
@example.invalid","2026-04-29 10:38:56 - Marlowe Singh (Work notes)
User reports: MFA enrollment week — new hire cannot complete Duo. Routing toward Identity/IAM.
2026-04-29 11:38:03 - Marlowe Singh (Work notes)
Applied standard workaround.
2026-04-29 12:38:10 - Marlowe Singh (Work notes)
Escalating to Identity/IAM.",Reset Duo device; enrollment complete.,true,0,Service Desk|Identity/IAM
INC1202548,2026-04-09T11:45:02-04:00,2026-04-09T17:51:12-04:00,2026-04-09T19:37:46-04:00,Closed,3-Moderate,desktop,os-software,Desktop Support,Finley Shah,BitLocker recovery key requested for ThinkPad T14,"BitLocker recovery key requested for ThinkPad T14
Please assist.
Thanks,
Finley Shah
@example.invalid","2026-04-09 11:45:02 - Finley Shah (Work notes)
User reports: BitLocker recovery key requested for ThinkPad T14. Routing toward Desktop Support.
2026-04-09 12:45:09 - Finley Shah (Work notes)
Waiting on user callback.
2026-04-09 13:45:16 - Finley Shah (Work notes)
Escalating to Desktop Support.",Cleared update cache; reboot succeeded.,true,0,Service Desk|Desktop Support
INC1202549,2026-07-18T03:06:51-04:00,2026-07-18T18:44:45-04:00,2026-07-23T01:07:04-04:00,Closed,3-Moderate,identity,access-request,Identity/IAM,Marlowe Singh,Access request for distribution list,"Access request for distribution list
Please assist.
Thanks,
Marlowe Singh
@example.invalid","2026-07-18 03:06:51 - Marlowe Singh (Work notes)
User reports: Access request for distribution list. Routing toward Identity/IAM.
2026-07-18 04:06:58 - Marlowe Singh (Work notes)
Escalating to Identity/IAM.",Provisioned shared mailbox access.,true,0,Identity/IAM
INC1202550,2026-08-20T12:02:54-04:00,2026-08-21T01:44:47-04:00,2026-08-21T03:51:52-04:00,Closed,4-Low,network,vpn,Network Ops,Hayden Cruz,VPN client will not launch on ThinkPad T14,"VPN client will not launch on ThinkPad T14
Please assist.
Thanks,
Hayden Cruz
@example.invalid","2026-08-20 12:02:54 - Hayden Cruz (Work notes)
User reports: VPN client will not launch on ThinkPad T14. Routing toward Network Ops.",Reset AnyConnect and refreshed cert.,true,0,Service Desk|Network Ops
INC1202557,2026-03-16T12:55:40-04:00,2026-03-19T14:27:41-04:00,2026-03-19T20:48:22-04:00,Closed,3-Moderate,network,vpn,Service Desk,Jordan Hale,AnyConnect error after password change,"AnyConnect error after password change
Please assist.
Thanks,
Jordan Hale
@example.invalid","2026-03-16 12:55:40 - Jordan Hale (Work notes)
User reports: AnyConnect error after password change. Routing toward Service Desk.
2026-03-16 13:55:47 - Jordan Hale (Work notes)
Waiting on user callback.
2026-03-16 14:55:54 - Jordan Hale (Work notes)
Applied standard workaround.",Reset AnyConnect and refreshed cert.,false,1,Service Desk|Service Desk
INC1202564,2026-04-24T13:53:44-04:00,2026-04-25T00:46:13-04:00,2026-04-25T02:22:27-04:00,Closed,4-Low,desktop,os-software,Service Desk,Drew Kimura,Chrome will not start after update on Surface Laptop,"Chrome will not start after update on Surface Laptop
Please assist.
Thanks,
Drew Kimura
@example.invalid","2026-04-24 13:53:44 - Drew Kimura (Work notes)
User reports: Chrome will not start after update on Surface Laptop. Routing toward Service Desk.",Completed patch and verified BitLocker.,true,1,Service Desk
INC1202569,2026-07-08T15:22:16-04:00,2026-07-10T00:32:12-04:00,2026-07-10T19:06:05-04:00,Closed,3-Moderate,desktop,printer,Service Desk,Jordan Hale,Cannot add printer MacBook after profile rebuild,"Cannot add printer MacBook after profile rebuild
Please assist.
Thanks,
Jordan Hale
@example.invalid","2026-07-08 15:22:16 - Jordan Hale (Work notes)
User reports: Cannot add printer MacBook after profile rebuild. Routing toward Service Desk.
2026-07-08 16:22:23 - Jordan Hale (Work notes)
Checked printer path; still failing.",Replaced toner and cleared jam.,true,0,Service Desk|Endpoint Engineering|Service Desk
INC1202571,2026-05-08T23:45:11-04:00,2026-05-09T18:00:45-04:00,2026-05-09T19:34:41-04:00,Closed,4-Low,network,vpn,Service Desk,Riley Cho,Cannot connect VPN from home — anyconnect timeout,"Cannot connect VPN from home — anyconnect timeout
Please assist.
Thanks,
Riley Cho
@example.invalid","2026-05-08 23:45:11 - Riley Cho (Work notes)
User reports: Cannot connect VPN from home — anyconnect timeout. Routing toward Service Desk.",Fixed DNS suffix on VPN adapter.,true,0,Service Desk
INC1202577,2026-08-17T10:49:00-04:00,2026-08-18T22:24:54-04:00,2026-08-19T11:02:36-04:00,Closed,3-Moderate,network,other-network,Network Ops,Logan West,Network share unreachable from Latitude 5540,"Network share unreachable from Latitude 5540
Please assist.
Thanks,
Logan West
@example.invalid","2026-08-17 10:49:00 - Logan West (Work notes)
User reports: Network share unreachable from Latitude 5540. Routing toward Network Ops.
2026-08-17 11:49:07 - Logan West (Work notes)
Escalating to Network Ops.",Share path restored after ACL fix.,true,1,Service Desk|Network Ops|Network Ops
INC1202584,2026-05-04T10:00:56-04:00,2026-05-05T15:38:00-04:00,2026-05-05T18:19:08-04:00,Closed,3-Moderate,desktop,printer,Desktop Support,Finley Shah,Label printer offline in Building C,"Label printer offline in Building C
Please assist.
Thanks,
Finley Shah
@example.invalid",,Replaced toner and cleared jam.,true,0,Vendor Mgmt|Desktop Support
INC1202585,2026-03-17T18:58:04-04:00,2026-03-19T01:32:02-04:00,2026-03-19T03:17:45-04:00,Closed,3-Moderate,facilities,workspace,Facilities,Indigo Walsh,Desk move request Floor 12,"Desk move request Floor 12
Please assist.
Thanks,
Indigo Walsh
@example.invalid","2026-03-17 18:58:04 - Indigo Walsh (Work notes)
User reports: Desk move request Floor 12. Routing toward Facilities.
2026-03-17 19:58:11 - Indigo Walsh (Work notes)
Applied standard workaround.",Desk move completed.,true,0,Service Desk|Facilities
INC1202591,2026-08-13T01:34:35-04:00,2026-08-13T09:21:22-04:00,2026-08-14T13:06:36-04:00,Closed,3-Moderate,facilities,badge-access,Facilities,Lane Ortiz,Badge access denied on Floor 5,"Badge access denied on Floor 5
Please assist.
Thanks,
Lane Ortiz
@example.invalid","2026-08-13 01:34:35 - Lane Ortiz (Work notes)
User reports: Badge access denied on Floor 5. Routing toward Facilities.
2026-08-13 02:34:42 - Lane Ortiz (Work notes)
Escalating to Facilities.",Door controller reset.,true,0,Service Desk|Facilities
INC1202592,2026-05-04T14:52:09-04:00,2026-05-04T19:53:16-04:00,2026-05-04T20:18:51-04:00,Closed,3-Moderate,network,vpn,Service Desk,Riley Cho,AnyConnect error after password change,"AnyConnect error after password change
Please assist.
Thanks,
Riley Cho
@example.invalid","2026-05-04 14:52:09 - Riley Cho (Work notes)
User reports: AnyConnect error after password change. Routing toward Service Desk.
2026-05-04 15:52:16 - Riley Cho (Work notes)
Escalating to Service Desk.
2026-05-04 16:52:23 - Riley Cho (Work notes)
Applied standard workaround.",VPN profile rebuilt; tunnel stable.,false,0,Service Desk
INC1202599,2026-06-19T10:18:19-04:00,2026-06-19T15:08:01-04:00,2026-06-21T17:37:40-04:00,Closed,3-Moderate,desktop,os-software,Endpoint Engineering,Dakota Chen,Software center missing required app on Latitude 5540,"Software center missing required app on Latitude 5540
Please assist.
Thanks,
Dakota Chen
@example.invalid","2026-06-19 10:18:19 - Dakota Chen (Work notes)
User reports: Software center missing required app on Latitude 5540. Routing toward Endpoint Engineering.
2026-06-19 11:18:26 - Dakota Chen (Work notes)
Escalating to Endpoint Engineering.",Completed patch and verified BitLocker.,true,0,Service Desk|Endpoint Engineering
INC1202602,2026-05-26T09:35:33-04:00,2026-05-27T14:33:07-04:00,2026-05-28T03:31:18-04:00,Closed,3-Moderate,app,other-app,App Support,Shay Ortega,Business app will not start after patch,"Business app will not start after patch
Please assist.
Thanks,
Shay Ortega
@example.invalid",,Repaired client install; license refreshed.,true,0,Service Desk|App Support
INC1202607,2026-08-17T03:10:18-04:00,2026-08-17T19:50:33-04:00,2026-08-17T20:40:16-04:00,Closed,3-Moderate,app,web-app,App Support,Shay Ortega,Split tunnel missing file share over VPN,"Split tunnel missing file share over VPN
Please assist.
Thanks,
Shay Ortega
@example.invalid",,Cleared SSO cookies; Chrome sign-in works.,true,0,Service Desk|App Support
INC1202608,2026-07-08T10:49:53-04:00,2026-07-08T15:43:04-04:00,2026-07-08T17:18:55-04:00,Closed,3-Moderate,network,wan-lan,Network Ops,Logan West,Intermittent WAN outage reported by floor 4,"Intermittent WAN outage reported by floor 4
Please assist.
Thanks,
Logan West
@example.invalid","2026-07-08 10:49:53 - Logan West (Work notes)
User reports: Intermittent WAN outage reported by floor 4. Routing toward Network Ops.
2026-07-08 11:49:00 - Logan West (Work notes)
Waiting on user callback.
2026-07-08 12:49:07 - Logan West (Work notes)
Checked wan-lan path; still failing.",Port bounce on switch; link up.,true,0,Service Desk|Network Ops
INC1202609,2026-06-15T13:35:08-04:00,2026-06-15T22:19:28-04:00,2026-06-15T23:54:00-04:00,Closed,3-Moderate,identity,password-reset,Security Ops,Samir Holt,Password expired; cannot log on,"Password expired; cannot log on
Please assist.
Thanks,
Samir Holt
@example.invalid","2026-06-15 13:35:08 - Samir Holt (Work notes)
User reports: Password expired; cannot log on. Routing toward Security Ops. +1-212-555-0142",Unlocked account and forced password change.,true,0,Service Desk|Security Ops
INC1202610,2026-07-08T09:05:57-04:00,2026-07-08T22:54:03-04:00,2026-07-09T00:45:55-04:00,Closed,3-Moderate,facilities,other-facilities,Facilities,River Santos,Water leak reported Building East,"Water leak reported Building East
Please assist.
Thanks,
River Santos
@example.invalid","2026-07-08 09:05:57 - River Santos (Work notes)
User reports: Water leak reported Building East. Routing toward Facilities.
2026-07-08 10:05:04 - River Santos (Work notes)
Checked other-facilities path; still failing.
2026-07-08 11:05:11 - River Santos (Work notes)
Checked other-facilities path; still failing.",Work order closed with vendor.,true,0,Service Desk|Facilities
INC1202616,2026-06-23T13:24:29-04:00,2026-06-23T21:07:38-04:00,2026-06-24T07:06:09-04:00,Closed,3-Moderate,facilities,workspace,Service Desk,Jordan Hale,Chair hydraulic failed,"Chair hydraulic failed
Please assist.
Thanks,
Jordan Hale
@example.invalid","2026-06-23 13:24:29 - Jordan Hale (Work notes)
User reports: Chair hydraulic failed. Routing toward Service Desk.
2026-06-23 14:24:36 - Jordan Hale (Work notes)
Checked workspace path; still failing.
2026-06-23 15:24:43 - Jordan Hale (Work notes)
Applied standard workaround.",Chair replaced.,true,0,Service Desk
INC1202623,2026-04-10T14:02:02-04:00,2026-04-11T16:10:52-04:00,2026-04-11T18:39:33-04:00,Closed,3-Moderate,network,vpn,Vendor Mgmt,Tatum Rhodes,AnyConnect error after password change,"AnyConnect error after password change
Please assist.
Thanks,
Tatum Rhodes
@example.invalid","2026-04-10 14:02:02 - Tatum Rhodes (Work notes)
User reports: AnyConnect error after password change. Routing toward Vendor Mgmt.
2026-04-10 15:02:09 - Tatum Rhodes (Work notes)
Applied standard workaround.",VPN profile rebuilt; tunnel stable.,true,0,Service Desk|Vendor Mgmt
INC1202629,2026-07-27T02:53:03-04:00,2026-07-30T04:48:54-04:00,2026-07-30T13:13:43-04:00,Closed,3-Moderate,app,outlook,Service Desk,,Shared mailbox missing after migration,"Shared mailbox missing after migration
Please assist.
Thanks,
End User
@example.invalid",,Remapped shared mailbox.,false,1,Service Desk|Collaboration Services|Service Desk
INC1202633,2026-07-13T11:42:11-04:00,2026-07-14T10:48:53-04:00,2026-07-14T14:26:10-04:00,Closed,3-Moderate,identity,mfa,Identity/IAM,Phoenix Lee,MFA enrollment week — new hire cannot complete Duo,"MFA enrollment week — new hire cannot complete Duo
Please assist.
Thanks,
Phoenix Lee
@example.invalid","2026-07-13 11:42:11 - Phoenix Lee (Work notes)
User reports: MFA enrollment week — new hire cannot complete Duo. Routing toward Identity/IAM.",Resynced TOTP; MFA prompt succeeds.,true,0,Service Desk|Identity/IAM
INC1202640,2026-08-26T03:28:30-04:00,,,In Progress,3-Moderate,app,sap,SAP Support,Shiloh Grant,Cannot launch S/4 after role change,"Cannot launch S/4 after role change
Please assist.
Thanks,
Shiloh Grant
@example.invalid","2026-08-26 03:28:30 - Shiloh Grant (Work notes)
User reports: Cannot launch S/4 after role change. Routing toward SAP Support.",,,2,Service Desk|SAP Support
INC1202647,2026-06-24T05:05:29-04:00,2026-07-22T04:30:11-04:00,2026-07-22T08:44:36-04:00,Closed,4-Low,identity,password-reset,Service Desk,Drew Kimura,Password reset needed — account lockout,"Password reset needed — account lockout
Please assist.
Thanks,
Drew Kimura
@example.invalid","2026-06-24 05:05:29 - Drew Kimura (Work notes)
User reports: Password reset needed — account lockout. Routing toward Service Desk.
2026-06-24 06:05:36 - Drew Kimura (Work notes)
Waiting on user callback.
2026-06-24 07:05:43 - Drew Kimura (Work notes)
Escalating to Service Desk.",Password reset completed; user logged on.,false,0,Service Desk
INC1202649,2026-02-27T18:20:30-05:00,2026-03-01T00:49:35-05:00,2026-03-01T07:53:46-05:00,Closed,4-Low,identity,account-lockout,Major Incident,Cassidy Rowe,AD account disabled after password spray lockout,"AD account disabled after password spray lockout
Please assist.
Thanks,
Cassidy Rowe
@example.invalid","2026-02-27 18:20:30 - Cassidy Rowe (Work notes)
User reports: AD account disabled after password spray lockout. Routing toward Major Incident.
2026-02-27 19:20:37 - Cassidy Rowe (Work notes)
Escalating to Major Incident.",Unlocked AD account; advised password hygiene.,true,2,Major Incident
INC1202652,2026-08-24T02:31:03-04:00,,,New,3-Moderate,network,wifi,Service Desk,Avery Lang,WiFi drops in Building B Floor 2,"WiFi drops in Building B Floor 2
Please assist.
Thanks,
Avery Lang
@example.invalid","2026-08-24 02:31:03 - Avery Lang (Work notes)
User reports: WiFi drops in Building B Floor 2. Routing toward Service Desk.",,,0,Service Desk
INC1202657,2026-05-25T20:24:21-04:00,2026-05-26T16:46:48-04:00,2026-05-26T22:29:10-04:00,Closed,3-Moderate,app,sap,SAP Support,Nico Alvarez,Slow SAP transaction FB01 this morning,"Slow SAP transaction FB01 this morning
Please assist.
Thanks,
Nico Alvarez
@example.invalid","2026-05-25 20:24:21 - Nico Alvarez (Work notes)
User reports: Slow SAP transaction FB01 this morning. Routing toward SAP Support.",Transport reapplied; tile restored.,true,0,Service Desk|SAP Support
INC1202661,2026-08-13T10:06:48-04:00,2026-08-14T09:02:28-04:00,2026-08-14T13:14:23-04:00,Closed,3-Moderate,network,vpn,Major Incident,Cassidy Rowe,VPN disconnects during large file copy,"VPN disconnects during large file copy
Please assist.
Thanks,
Cassidy Rowe
@example.invalid",,Fixed DNS suffix on VPN adapter.,true,2,Service Desk|Major Incident
INC1202664,2026-06-23T21:45:05-04:00,2026-06-24T18:29:09-04:00,2026-06-25T15:31:52-04:00,Closed,3-Moderate,desktop,laptop-hardware,Service Desk,Sage Okonkwo,Laptop loud fan — Latitude 5540 will not charge,"Laptop loud fan — Latitude 5540 will not charge
Please assist.
Thanks,
Sage Okonkwo
@example.invalid","2026-06-23 21:45:05 - Sage Okonkwo (Work notes)
User reports: Laptop loud fan — Latitude 5540 will not charge. Routing toward Service Desk.
2026-06-23 22:45:12 - Sage Okonkwo (Work notes)
Applied standard workaround.",Replaced charger and retested battery.,true,0,Service Desk
INC1202671,2026-07-31T14:59:10-04:00,2026-08-01T15:46:25-04:00,2026-08-02T00:45:30-04:00,Closed,2-High,app,web-app,App Support,Jules Navarro,Chrome SSO timeout on web app,"Chrome SSO timeout on web app
Please assist.
Thanks,
Jules Navarro
@example.invalid","2026-07-31 14:59:10 - Jules Navarro (Work notes)
User reports: Chrome SSO timeout on web app. Routing toward App Support.",Cleared SSO cookies; Chrome sign-in works.,false,1,Service Desk|Service Desk|Major Incident|App Support
INC1202673,2026-08-02T05:43:19-04:00,2026-08-05T11:16:06-04:00,2026-08-06T14:06:10-04:00,Closed,3-Moderate,desktop,laptop-hardware,Service Desk,Casey Quintana,Laptop lid sensor false sleep on EliteBook 840,"Laptop lid sensor false sleep on EliteBook 840
Please assist.
Thanks,
Casey Quintana
@example.invalid","2026-08-02 05:43:19 - Casey Quintana (Work notes)
User reports: Laptop lid sensor false sleep on EliteBook 840. Routing toward Service Desk.",Reseated dock; display path restored.,false,0,Service Desk
INC1202675,2026-07-28T13:41:06-04:00,2026-07-28T15:17:12-04:00,2026-07-28T23:31:21-04:00,Closed,3-Moderate,network,vpn,Network Ops,Peyton Ames,AnyConnect error after password change,"AnyConnect error after password change
Please assist.
Thanks,
Peyton Ames
@example.invalid",,Fixed DNS suffix on VPN adapter.,true,0,Service Desk|Network Ops
INC1202680,2026-03-01T05:46:05-05:00,2026-03-04T02:44:57-05:00,2026-03-04T11:50:53-05:00,Closed,3-Moderate,network,vpn,Facilities,Lane Ortiz,Cannot reach SAP over VPN client,"Cannot reach SAP over VPN client
Please assist.
Thanks,
Lane Ortiz
@example.invalid",,Reset AnyConnect and refreshed cert.,false,0,Facilities
INC1202681,2026-05-25T14:20:19-04:00,2026-05-26T09:19:12-04:00,2026-05-26T14:43:43-04:00,Closed,3-Moderate,facilities,hvac,Facilities,Lane Ortiz,HVAC alarm on Floor 3,"HVAC alarm on Floor 3
Please assist.
Thanks,
Lane Ortiz
@example.invalid","2026-05-25 14:20:19 - Lane Ortiz (Work notes)
User reports: HVAC alarm on Floor 3. Routing toward Facilities.
2026-05-25 15:20:26 - Lane Ortiz (Work notes)
Applied standard workaround.
2026-05-25 16:20:33 - Lane Ortiz (Work notes)
Waiting on user callback.",Vendor adjusted HVAC setpoint.,true,2,Service Desk|Facilities
INC1202684,2026-08-17T13:48:17-04:00,2026-08-22T19:15:00-04:00,2026-08-23T01:00:52-04:00,Closed,4-Low,desktop,other-desktop,Major Incident,Lennox Hart,Slow logon on Surface Laptop,"Slow logon on Surface Laptop
Please assist.
Thanks,
Lennox Hart
@example.invalid","2026-08-17 13:48:17 - Lennox Hart (Work notes)
User reports: Slow logon on Surface Laptop. Routing toward Major Incident.
2026-08-17 14:48:24 - Lennox Hart (Work notes)
Applied standard workaround.
2026-08-17 15:48:31 - Lennox Hart (Work notes)
Checked other-desktop path; still failing.",Rebuilt profile; network drive mapped.,false,0,Major Incident
INC1202690,2026-03-26T14:23:17-04:00,2026-03-27T04:16:42-04:00,2026-03-29T00:58:15-04:00,Closed,3-Moderate,desktop,printer,Endpoint Engineering,Emerson Vale,Color prints banding on EliteBook 840,"Color prints banding on EliteBook 840
Please assist.
Thanks,
Emerson Vale
@example.invalid","2026-03-26 14:23:17 - Emerson Vale (Work notes)
User reports: Color prints banding on EliteBook 840. Routing toward Endpoint Engineering.",Reset print queue and republished printer.,true,0,Service Desk|Endpoint Engineering
INC1202697,2026-05-04T13:22:43-04:00,,2026-05-06T07:45:31-04:00,Canceled,3-Moderate,network,vpn,Vendor Mgmt,Ellis Prado,Split tunnel missing file share over VPN,"Split tunnel missing file share over VPN
Please assist.
Thanks,
Ellis Prado
@example.invalid",,Canceled — duplicate of INC1202685,,0,Service Desk|Vendor Mgmt
INC1202699,2026-05-07T02:43:19-04:00,2026-05-08T22:24:14-04:00,2026-05-09T11:13:32-04:00,Closed,3-Moderate,identity,password-reset,Service Desk,Drew Kimura,Need password reset for shared kiosk,"Need password reset for shared kiosk
Please assist.
Thanks,
Drew Kimura
@example.invalid","2026-05-07 02:43:19 - Drew Kimura (Work notes)
User reports: Need password reset for shared kiosk. Routing toward Service Desk.
2026-05-07 03:43:26 - Drew Kimura (Work notes)
Checked password-reset path; still failing.
2026-05-07 04:43:33 - Drew Kimura (Work notes)
Escalating to Service Desk.",Password reset completed; user logged on.,true,0,Service Desk
INC1202700,2026-04-30T13:47:52-04:00,2026-05-01T04:31:46-04:00,2026-05-03T08:38:24-04:00,Closed,4-Low,desktop,laptop-hardware,Endpoint Engineering,Dakota Chen,Laptop random restart — Surface Laptop will not wake,"Laptop random restart — Surface Laptop will not wake
Please assist.
Thanks,
Dakota Chen
@example.invalid","2026-04-30 13:47:52 - Dakota Chen (Work notes)
User reports: Laptop random restart — Surface Laptop will not wake. Routing toward Endpoint Engineering.
2026-04-30 14:47:59 - Dakota Chen (Work notes)
Waiting on user callback.",Replaced charger and retested battery.,true,1,Service Desk|Endpoint Engineering
INC1202702,2026-08-13T15:16:42-04:00,2026-08-15T20:23:33-04:00,2026-08-15T21:48:35-04:00,Closed,4-Low,identity,password-reset,Service Desk,Drew Kimura,User forgot password after leave,,"2026-08-13 15:16:42 - Drew Kimura (Work notes)
User reports: User forgot password after leave. Routing toward Service Desk.",Unlocked account and forced password change.,true,0,Service Desk
INC1202703,2026-06-25T02:13:59-04:00,2026-06-27T02:21:55-04:00,2026-06-29T06:46:03-04:00,Closed,4-Low,facilities,badge-access,Facilities,River Santos,New badge not provisioned,"New badge not provisioned
Please assist.
Thanks,
River Santos
@example.invalid","2026-06-25 02:13:59 - River Santos (Work notes)
User reports: New badge not provisioned. Routing toward Facilities.
2026-06-25 03:13:06 - River Santos (Work notes)
Waiting on user callback.
2026-06-25 04:13:13 - River Santos (Work notes)
Waiting on user callback.",Badge recoded; reader tested.,true,0,Facilities
INC1202704,2026-06-22T14:46:32-04:00,2026-06-23T12:16:56-04:00,2026-06-23T15:39:26-04:00,Closed,3-Moderate,app,other-app,App Support,Kendall Frost,Business app will not start after patch,"Business app will not start after patch
Please assist.
Thanks,
Kendall Frost
@example.invalid","2026-06-22 14:46:32 - Kendall Frost (Work notes)
User reports: Business app will not start after patch. Routing toward App Support.
2026-06-22 15:46:39 - Kendall Frost (Work notes)
Waiting on user callback.
2026-06-22 16:46:46 - Kendall Frost (Work notes)
Escalating to App Support. +1-212-555-0142",Repaired client install; license refreshed.,true,0,Service Desk|App Support
INC1202705,2026-08-24T02:55:06-04:00,,,In Progress,3-Moderate,network,dns,Major Incident,Marlowe Quinn,Name resolution timeout after VPN connect,"Name resolution timeout after VPN connect
Please assist.
Thanks,
Marlowe Quinn
@example.invalid","2026-08-24 02:55:06 - Marlowe Quinn (Work notes)
User reports: Name resolution timeout after VPN connect. Routing toward Major Incident.",,,1,Major Incident
INC1202711,2026-07-07T16:06:15-04:00,2026-07-08T08:39:31-04:00,2026-07-08T13:39:16-04:00,Closed,4-Low,facilities,badge-access,Facilities,River Santos,Badge access denied on Floor 2,"Badge access denied on Floor 2
Please assist.
Thanks,
River Santos
@example.invalid","2026-07-07 16:06:15 - River Santos (Work notes)
User reports: Badge access denied on Floor 2. Routing toward Facilities.
2026-07-07 17:06:22 - River Santos (Work notes)
Waiting on user callback.
2026-07-07 18:06:29 - River Santos (Work notes)
Checked badge-access path; still failing.",Door controller reset.,true,0,Service Desk|Facilities
INC1202713,2026-04-13T01:47:28-04:00,2026-04-13T21:18:33-04:00,2026-04-14T01:54:23-04:00,Closed,3-Moderate,app,outlook,App Support,Shay Ortega,Shared mailbox missing after migration,"Shared mailbox missing after migration
Please assist.
Thanks,
Shay Ortega
@example.invalid","2026-04-13 01:47:28 - Shay Ortega (Work notes)
User reports: Shared mailbox missing after migration. Routing toward App Support.
2026-04-13 02:47:35 - Shay Ortega (Work notes)
Waiting on user callback.",Mailbox quota increased; Outlook sending.,true,1,Service Desk|App Support
INC1202715,2026-05-05T10:43:19-04:00,2026-05-05T17:55:42-04:00,2026-05-06T08:22:46-04:00,Closed,3-Moderate,network,vpn,Network Ops,Hayden Cruz,Cannot reach SAP over VPNN client,"Cannot reach SAP over VPNN client
Please assist.
Thanks,
Hayden Cruz
@example.invalid","2026-05-05 10:43:19 - Hayden Cruz (Work notes)
User reports: Cannot reach SAP over VPNN client. Routing toward Network Ops.
2026-05-05 11:43:26 - Hayden Cruz (Work notes)
Waiting on user callback.
2026-05-05 12:43:33 - Hayden Cruz (Work notes)
Applied standard workaround.",Reset AnyConnect and refreshed cert.,true,0,Service Desk|Network Ops
INC1202718,2026-03-12T10:03:02-04:00,2026-03-14T17:02:53-04:00,2026-03-15T05:55:25-04:00,Closed,4-Low,identity,access-request,Service Desk,Avery Lang,Active directory group membership request,"Active directory group membership request
Please assist.
Thanks,
Avery Lang
@example.invalid","2026-03-12 10:03:02 - Avery Lang (Work notes)
User reports: Active directory group membership request. Routing toward Service Desk.
2026-03-12 11:03:09 - Avery Lang (Work notes)
Applied standard workaround.
2026-03-12 12:03:16 - Avery Lang (Work notes)
Escalating to Service Desk.",Added to Okta group / distribution list.,true,0,Service Desk
INC1202720,2026-06-15T13:35:47-04:00,2026-06-15T16:43:06-04:00,2026-06-17T04:56:45-04:00,Closed,3-Moderate,app,sap,Service Desk,Drew Kimura,SAP password expired; GUI will not open,"SAP password expired; GUI will not open
Please assist.
Thanks,
Drew Kimura
@example.invalid",,GUI cache cleared; S/4 opens.,true,0,Service Desk|SAP Support|Service Desk
INC1202722,2026-06-30T14:41:33-04:00,2026-07-05T14:10:08-04:00,2026-07-05T16:23:57-04:00,Closed,4-Low,identity,password-reset,Identity/IAM,Eden Park,Need password reset for shared kiosk,"Need password reset for shared kiosk
Please assist.
Thanks,
Eden Park
@example.invalid","2026-06-30 14:41:33 - Eden Park (Work notes)
User reports: Need password reset for shared kiosk. Routing toward Identity/IAM.
2026-06-30 15:41:40 - Eden Park (Work notes)
Escalating to Identity/IAM.
2026-06-30 16:41:47 - Eden Park (Work notes)
Checked password-reset path; still failing.",Unlocked account and forced password change.,true,1,Service Desk|Identity/IAM
INC1202729,2026-08-07T13:15:40-04:00,2026-08-08T15:41:19-04:00,2026-08-09T06:21:18-04:00,Closed,3-Moderate,app,other-app,App Support,Jules Navarro,License error on desktop client,"License error on desktop client
Please assist.
Thanks,
Jules Navarro
@example.invalid","2026-08-07 13:15:40 - Jules Navarro (Work notes)
User reports: License error on desktop client. Routing toward App Support.
2026-08-07 14:15:47 - Jules Navarro (Work notes)
Escalating to App Support.",Repaired client install; license refreshed.,true,0,Vendor Mgmt|App Support
INC1202732,2026-04-22T07:45:28-04:00,2026-04-22T14:04:06-04:00,,Resolved,3-Moderate,identity,access-request,Service Desk,Blake Ibarra,Need Okta group for new role,"Need Okta group for new role
Please assist.
Thanks,
Blake Ibarra
@example.invalid","2026-04-22 07:45:28 - Blake Ibarra (Work notes)
User reports: Need Okta group for new role. Routing toward Service Desk.
2026-04-22 08:45:35 - Blake Ibarra (Work notes)
Checked access-request path; still failing.",Provisioned shared mailbox access.,true,0,Service Desk
INC1202735,2026-04-20T14:58:39-04:00,2026-04-20T18:06:45-04:00,2026-04-20T19:20:55-04:00,Closed,3-Moderate,identity,access-request,Service Desk,Drew Kimura,Access to shared mailbox for project,"Access to shared mailbox for project
Please assist.
Thanks,
Drew Kimura
@example.invalid",,Provisioned shared mailbox access.,true,0,Service Desk
INC1202737,2026-03-31T14:00:53-04:00,2026-04-02T11:26:19-04:00,2026-04-05T02:11:46-04:00,Closed,4-Low,facilities,workspace,Facilities,Sol Vega,Chair hydraulic failed,"Chair hydraulic failed
Please assist.
Thanks,
Sol Vega
@example.invalid","2026-03-31 14:00:53 - Sol Vega (Work notes)
User reports: Chair hydraulic failed. Routing toward Facilities.",Chair replaced.,true,0,Service Desk|Facilities
INC1202743,2026-03-10T02:21:13-04:00,2026-03-11T02:04:08-04:00,2026-03-11T15:04:10-04:00,Closed,4-Low,network,wan-lan,Network Ops,,Latency spike to app gateway,"Latency spike to app gateway
Please assist.
Thanks,
End User
@example.invalid","2026-03-10 02:21:13 - Riley Cho (Work notes)
User reports: Latency spike to app gateway. Routing toward Network Ops.
2026-03-10 03:21:20 - Avery Lang (Work notes)
Checked wan-lan path; still failing.
2026-03-10 04:21:27 - Drew Kimura (Work notes)
Escalating to Network Ops.",Port bounce on switch; link up.,true,0,Service Desk|Network Ops
INC1202749,2026-05-06T15:41:39-04:00,2026-05-06T20:45:57-04:00,2026-05-07T14:10:28-04:00,Closed,3-Moderate,network,vpn,Service Desk,Sage Okonkwo,VPN client drops every few minutes,"VPN client drops every few minutes
Please assist.
Thanks,
Sage Okonkwo
@example.invalid","2026-05-06 15:41:39 - Sage Okonkwo (Work notes)
User reports: VPN client drops every few minutes. Routing toward Service Desk.
2026-05-06 16:41:46 - Sage Okonkwo (Work notes)
Checked vpn path; still failing.
2026-05-06 17:41:53 - Sage Okonkwo (Work notes)
Waiting on user callback.",VPN profile rebuilt; tunnel stable.,true,0,Service Desk
INC1202751,2026-06-22T09:30:24-04:00,2026-06-22T22:03:28-04:00,2026-06-23T05:56:28-04:00,Closed,4-Low,desktop,os-software,Desktop Support,Finley Shah,OS freeze / blue screen on MacBook,"OS freeze / blue screen on MacBook
Please assist.
Thanks,
Finley Shah
@example.invalid","2026-06-22 09:30:24 - Finley Shah (Work notes)
User reports: OS freeze / blue screen on MacBook. Routing toward Desktop Support.",Completed patch and verified BitLocker.,true,0,Service Desk|Desktop Support
INC1202754,2026-05-09T18:24:59-04:00,2026-05-11T01:21:16-04:00,2026-05-11T02:58:57-04:00,Closed,3-Moderate,network,vpn,Network Ops,Logan West,VPN tunnel up but no internal DNS,"VPN tunnel up but no internal DNS
Please assist.
Thanks,
Logan West
@example.invalid","2026-05-09 18:24:59 - Logan West (Work notes)
User reports: VPN tunnel up but no internal DNS. Routing toward Network Ops.
2026-05-09 19:24:06 - Logan West (Work notes)
Escalating to Network Ops.",VPN profile rebuilt; tunnel stable.,true,1,Service Desk|Network Ops
INC1202758,2026-08-24T09:37:50-04:00,2026-08-24T12:35:38-04:00,2026-08-24T16:44:22-04:00,Closed,2-High,app,zoom-teams,Collaboration Services,Taryn Bell,Zoom client crash on screen share,"Zoom client crash on screen share
Please assist.
Thanks,
Taryn Bell
@example.invalid",,Reinstalled Zoom client; audio device set.,true,0,Service Desk|Major Incident|Collaboration Services
INC1202764,2026-05-26T14:04:03-04:00,2026-05-30T08:34:12-04:00,2026-05-30T14:26:52-04:00,Closed,4-Low,desktop,other-desktop,Desktop Support,Parker Singh,Desktop profile corrupt after login,"Desktop profile corrupt after login
Please assist.
Thanks,
Parker Singh
@example.invalid","2026-05-26 14:04:03 - Parker Singh (Work notes)
User reports: Desktop profile corrupt after login. Routing toward Desktop Support.",Granted temporary local admin.,true,1,Service Desk|Desktop Support
INC1202770,2026-05-11T09:23:56-04:00,2026-05-12T05:09:26-04:00,2026-05-12T18:47:02-04:00,Closed,4-Low,desktop,laptop-hardware,Desktop Support,Harper Nunez,Cannot boot Latitude 5540 after weekend patch,"Cannot boot Latitude 5540 after weekend patch
Please assist.
Thanks,
Harper Nunez
@example.invalid","2026-05-11 09:23:56 - Harper Nunez (Work notes)
User reports: Cannot boot Latitude 5540 after weekend patch. Routing toward Desktop Support.
2026-05-11 10:23:03 - Harper Nunez (Work notes)
Waiting on user callback.
2026-05-11 11:23:10 - Harper Nunez (Work notes)
Applied standard workaround.",Imaged laptop; hardware test passed.,true,0,Service Desk|Desktop Support
INC1202773,2026-07-21T15:02:26-04:00,2026-07-21T19:16:42-04:00,2026-07-22T03:13:04-04:00,Closed,2-High,desktop,os-software,Desktop Support,Finley Shah,OS freeze / blue screen on ThinkPad T14,"OS freeze / blue screen on ThinkPad T14
Please assist.
Thanks,
Finley Shah
@example.invalid","2026-07-21 15:02:26 - Finley Shah (Work notes)
User reports: OS freeze / blue screen on ThinkPad T14. Routing toward Desktop Support.
2026-07-21 16:02:33 - Finley Shah (Work notes)
Waiting on user callback.
2026-07-21 17:02:40 - Finley Shah (Work notes)
Checked os-software path; still failing.",Repaired Chrome install.,false,0,Service Desk|Desktop Support
INC1202776,2026-06-30T10:11:30-04:00,2026-06-30T23:34:04-04:00,2026-07-01T12:21:59-04:00,Closed,3-Moderate,desktop,laptop-hardware,Desktop Support,Cameron Ortiz,Laptop will not boot — EliteBook 840 will not boot,"Laptop will not boot — EliteBook 840 will not boot
Please assist.
Thanks,
Cameron Ortiz
@example.invalid","2026-06-30 10:11:30 - Cameron Ortiz (Work notes)
User reports: Laptop will not boot — EliteBook 840 will not boot. Routing toward Desktop Support.
2026-06-30 11:11:37 - Cameron Ortiz (Work notes)
Waiting on user callback.",Replaced charger and retested battery.,true,0,Service Desk|Desktop Support
INC1202780,2026-05-07T11:36:59-04:00,2026-05-09T19:19:40-04:00,,Resolved,4-Low,app,web-app,App Support,Kendall Frost,Chrome SSO timeout on web app,"Chrome SSO timeout on web app
Please assist.
Thanks,
Kendall Frost
@example.invalid","2026-05-07 11:36:59 - Kendall Frost (Work notes)
User reports: Chrome SSO timeout on web app. Routing toward App Support.",Cleared SSO cookies; Chrome sign-in works.,false,0,Service Desk|App Support
INC1202783,2026-06-23T19:28:51-04:00,2026-06-25T01:03:26-04:00,2026-06-26T18:10:00-04:00,Closed,3-Moderate,identity,account-lockout,Identity/IAM,Sloane Adler,AD account disabled after password spray lockout,"AD account disabled after password spray lockout
Please assist.
Thanks,
Sloane Adler
@example.invalid",,Unlocked AD account; advised password hygiene.,false,1,Service Desk|Identity/IAM
INC1202788,2026-03-11T10:19:12-04:00,2026-03-13T21:34:44-04:00,2026-03-14T05:05:31-04:00,Closed,4-Low,network,wifi,Major Incident,Marlowe Quinn,Poor wifi near conference room 8,,"2026-03-11 10:19:12 - Marlowe Quinn (Work notes)
User reports: Poor wifi near conference room 8. Routing toward Major Incident.
2026-03-11 11:19:19 - Marlowe Quinn (Work notes)
Checked wifi path; still failing.
2026-03-11 12:19:26 - Marlowe Quinn (Work notes)
Checked wifi path; still failing.",AP reset on Floor — signal restored.,true,0,Service Desk|Major Incident
INC1202795,2026-06-23T09:42:08-04:00,2026-06-26T03:57:15-04:00,2026-06-26T09:08:06-04:00,Closed,3-Moderate,desktop,laptop-hardware,Desktop Support,Finley Shah,Cannot boot EliteBook 840 after weekend patch,"Cannot boot EliteBook 840 after weekend patch
Please assist.
Thanks,
Finley Shah
@example.invalid","2026-06-23 09:42:08 - Finley Shah (Work notes)
User reports: Cannot boot EliteBook 840 after weekend patch. Routing toward Desktop Support.
2026-06-23 10:42:15 - Finley Shah (Work notes)
Waiting on user callback.",Reseated dock; display path restored.,false,0,Service Desk|Desktop Support
INC1202798,2026-06-01T09:52:36-04:00,2026-06-02T09:36:45-04:00,2026-06-02T13:54:53-04:00,Closed,3-Moderate,identity,mfa,Identity/IAM,Marlowe Singh,TOTP out of sync after clock change,,"2026-06-01 09:52:36 - Marlowe Singh (Work notes)
User reports: TOTP out of sync after clock change. Routing toward Identity/IAM.",Reset Duo device; enrollment complete.,true,0,Service Desk|Identity/IAM
INC1202803,2026-03-31T09:04:39-04:00,2026-04-01T19:24:20-04:00,2026-04-01T22:37:43-04:00,Closed,4-Low,network,vpn,Network Ops,Hayden Cruz,VPN client will not launch on Latitude 5540,"VPN client will not launch on Latitude 5540
Please assist.
Thanks,
Hayden Cruz
@example.invalid","2026-03-31 09:04:39 - Hayden Cruz (Work notes)
User reports: VPN client will not launch on Latitude 5540. Routing toward Network Ops.
2026-03-31 10:04:46 - Hayden Cruz (Work notes)
Waiting on user callback.",Reset AnyConnect and refreshed cert.,true,1,Service Desk|Network Ops
INC1202805,2026-05-04T10:39:49-04:00,2026-05-05T22:51:56-04:00,2026-05-06T00:23:21-04:00,Closed,4-Low,network,vpn,Network Ops,Peyton Ames,VPN tunnel up but no internal DNS,"VPN tunnel up but no internal DNS
Please assist.
Thanks,
Peyton Ames
@example.invalid",,VPN profile rebuilt; tunnel stable.,true,0,Service Desk|Network Ops
INC1202811,2026-05-14T10:39:47-04:00,2026-05-18T20:17:31-04:00,2026-05-19T08:11:58-04:00,Closed,3-Moderate,desktop,printer,Desktop Support,Finley Shah,Label printer offline in Building North,"Label printer offline in Building North
Please assist.
Thanks,
Finley Shah
@example.invalid",,Replaced toner and cleared jam.,false,2,Service Desk|Service Desk|Desktop Support
INC1202818,2026-05-05T10:32:35-04:00,2026-05-08T06:43:49-04:00,2026-05-08T10:07:34-04:00,Closed,3-Moderate,network,vpn,Network Ops,Logan West,AnyConnect error after password change,"AnyConnect error after password change
Please assist.
Thanks,
Logan West
@example.invalid",,VPN profile rebuilt; tunnel stable.,false,0,Service Desk|Network Ops
INC1202822,2026-08-26T00:48:45-04:00,2026-08-26T19:03:42-04:00,2026-08-26T23:48:00-04:00,Closed,3-Moderate,desktop,laptop-hardware,Desktop Support,Harper Nunez,EliteBook 840 battery drains in under two hours,"EliteBook 840 battery drains in under two hours
Please assist.
Thanks,
Harper Nunez
@example.invalid","2026-08-26 00:48:45 - Harper Nunez (Work notes)
User reports: EliteBook 840 battery drains in under two hours. Routing toward Desktop Support.
2026-08-26 01:48:52 - Harper Nunez (Work notes)
Applied standard workaround.",Imaged laptop; hardware test passed.,true,0,Service Desk|Desktop Support
INC1202824,2026-03-24T10:51:07-04:00,2026-03-24T11:14:16-04:00,2026-03-24T13:37:47-04:00,Closed,2-High,network,wifi,Network Ops,Logan West,Cannot join corporate SSID after laptop rebuild,"Cannot join corporate SSID after laptop rebuild
Please assist.
Thanks,
Logan West
@example.invalid","2026-03-24 10:51:07 - Logan West (Work notes)
User reports: Cannot join corporate SSID after laptop rebuild. Routing toward Network Ops.
2026-03-24 11:51:14 - Logan West (Work notes)
Applied standard workaround.",Reprovisioned SSID profile.,true,0,Service Desk|Network Ops
INC1202829,2026-05-14T10:11:09-04:00,,2026-05-16T04:33:36-04:00,Canceled,4-Low,network,wan-lan,Network Ops,Hayden Cruz,Wired port dead at desk,"Wired port dead at desk
Please assist.
Thanks,
Hayden Cruz
@example.invalid","2026-05-14 10:11:09 - Hayden Cruz (Work notes)
User reports: Wired port dead at desk. Routing toward Network Ops.
2026-05-14 11:11:16 - Hayden Cruz (Work notes)
Applied standard workaround.",Canceled — duplicate of INC1202817,,0,Service Desk|Network Ops
INC1202833,2026-08-02T07:37:33-04:00,2026-08-03T04:19:18-04:00,2026-08-03T08:08:23-04:00,Closed,4-Low,app,other-app,App Support,Kendall Frost,App crash on save,"App crash on save
Please assist.
Thanks,
Kendall Frost
@example.invalid","2026-08-02 07:37:33 - Kendall Frost (Work notes)
User reports: App crash on save. Routing toward App Support. +1-212-555-0142",Repaired client install; license refreshed.,true,0,Service Desk|App Support
INC1202839,2026-07-03T02:37:51-04:00,2026-07-03T20:45:02-04:00,2026-07-04T03:35:25-04:00,Closed,2-High,app,sap,SAP Support,Nico Alvarez,SAP dump while saving MM03,"SAP dump while saving MM03
Please assist.
Thanks,
Nico Alvarez
@example.invalid","2026-07-03 02:37:51 - Nico Alvarez (Work notes)
User reports: SAP dump while saving MM03. Routing toward SAP Support.",SAP role provisioned; tcode authorized.,false,0,Service Desk|SAP Support
INC1202840,2026-04-06T11:16:32-04:00,2026-04-06T21:51:16-04:00,2026-04-08T08:06:41-04:00,Closed,3-Moderate,desktop,printer,Desktop Support,Cameron Ortiz,Cannot add printer Surface Laptop after profile rebuild,"Cannot add printer Surface Laptop after profile rebuild
Please assist.
Thanks,
Cameron Ortiz
@example.invalid",,Replaced toner and cleared jam.,true,0,Desktop Support
INC1202841,2026-06-16T08:59:10-04:00,2026-06-17T00:14:51-04:00,2026-06-17T01:31:08-04:00,Closed,3-Moderate,app,sap,SAP Support,Eden Brooks,S4HANA fiori tile missing after transport,"S4HANA fiori tile missing after transport
Please assist.
Thanks,
Eden Brooks
@example.invalid","2026-06-16 08:59:10 - Eden Brooks (Work notes)
User reports: S4HANA fiori tile missing after transport. Routing toward SAP Support.",Transport reapplied; tile restored.,true,0,Service Desk|SAP Support
INC1202844,2026-03-30T11:31:56-04:00,2026-03-31T05:01:25-04:00,2026-04-01T08:12:47-04:00,Closed,3-Moderate,network,wifi,Network Ops,Hayden Cruz,Poor wifi near conference room 2,"Poor wifi near conference room 2
Please assist.
Thanks,
Hayden Cruz
@example.invalid","2026-03-30 11:31:56 - Hayden Cruz (Work notes)
User reports: Poor wifi near conference room 2. Routing toward Network Ops.",AP reset on Floor — signal restored.,true,0,Service Desk|Network Ops
INC1202847,2026-05-29T11:33:39-04:00,2026-05-31T20:06:43-04:00,2026-06-01T05:30:56-04:00,Closed,4-Low,app,outlook,Collaboration Services,Taryn Bell,Exchange disconnected banner in Outlook,"Exchange disconnected banner in Outlook
Please assist.
Thanks,
Taryn Bell
@example.invalid","2026-05-29 11:33:39 - Taryn Bell (Work notes)
User reports: Exchange disconnected banner in Outlook. Routing toward Collaboration Services.
2026-05-29 12:33:46 - Taryn Bell (Work notes)
Escalating to Collaboration Services.",Remapped shared mailbox.,true,0,Service Desk|Collaboration Services
INC1202849,2026-05-05T15:54:23-04:00,2026-05-07T01:47:48-04:00,2026-05-07T04:59:42-04:00,Closed,3-Moderate,app,zoom-teams,Collaboration Services,Taryn Bell,Teams presence stuck offline,"Teams presence stuck offline
Please assist.
Thanks,
Taryn Bell
@example.invalid","2026-05-05 15:54:23 - Taryn Bell (Work notes)
User reports: Teams presence stuck offline. Routing toward Collaboration Services.
2026-05-05 16:54:30 - Taryn Bell (Work notes)
Checked zoom-teams path; still failing.
2026-05-05 17:54:37 - Taryn Bell (Work notes)
Waiting on user callback.",Reinstalled Zoom client; audio device set.,true,0,Service Desk|Collaboration Services
INC1202856,2026-07-06T14:22:31-04:00,2026-07-06T18:15:17-04:00,,Resolved,3-Moderate,network,wifi,Service Desk,Drew Kimura,Poor wifi near conference room 8,"Poor wifi near conference room 8
Please assist.
Thanks,
Drew Kimura
@example.invalid","2026-07-06 14:22:31 - Drew Kimura (Work notes)
User reports: Poor wifi near conference room 8. Routing toward Service Desk.
2026-07-06 15:22:38 - Drew Kimura (Work notes)
Escalating to Service Desk.",AP reset on Floor — signal restored.,true,0,Service Desk
INC1202863,2026-06-29T11:18:47-04:00,2026-06-30T10:53:13-04:00,2026-06-30T18:40:37-04:00,Closed,4-Low,app,outlook,App Support,Jules Navarro,Distribution list bounce on send,"Distribution list bounce on send
Please assist.
Thanks,
Jules Navarro
@example.invalid","2026-06-29 11:18:47 - Jules Navarro (Work notes)
User reports: Distribution list bounce on send. Routing toward App Support.
2026-06-29 12:18:54 - Jules Navarro (Work notes)
Waiting on user callback.
2026-06-29 13:18:01 - Jules Navarro (Work notes)
Waiting on user callback.",Mailbox quota increased; Outlook sending.,true,1,Service Desk|App Support
INC1202869,2026-07-03T13:19:25-04:00,2026-07-05T18:47:38-04:00,2026-07-05T20:00:58-04:00,Closed,4-Low,identity,mfa,Identity/IAM,Sloane Adler,TOTP out of sync after clock change,"TOTP out of sync after clock change
Please assist.
Thanks,
Sloane Adler
@example.invalid",,Resynced TOTP; MFA prompt succeeds.,true,0,Service Desk|Identity/IAM
INC1202871,2026-06-01T09:51:41-04:00,2026-06-02T10:06:03-04:00,2026-06-02T12:32:11-04:00,Closed,4-Low,app,outlook,Collaboration Services,Taryn Bell,Shared mailbox missing after migration,"Shared mailbox missing after migration
Please assist.
Thanks,
Taryn Bell
@example.invalid","2026-06-01 09:51:41 - Taryn Bell (Work notes)
User reports: Shared mailbox missing after migration. Routing toward Collaboration Services.
2026-06-01 10:51:48 - Taryn Bell (Work notes)
Checked outlook path; still failing.
2026-06-01 11:51:55 - Taryn Bell (Work notes)
Waiting on user callback.",Mailbox quota increased; Outlook sending.,true,0,Service Desk|Collaboration Services
INC1202877,2026-07-29T11:15:20-04:00,2026-07-30T19:15:39-04:00,2026-07-31T05:47:05-04:00,Closed,3-Moderate,desktop,other-desktop,Service Desk,Riley Cho,Mapped network drive missing at logon,"Mapped network drive missing at logon
Please assist.
Thanks,
Riley Cho
@example.invalid","2026-07-29 11:15:20 - Riley Cho (Work notes)
User reports: Mapped network drive missing at logon. Routing toward Service Desk.
2026-07-29 12:15:27 - Riley Cho (Work notes)
Waiting on user callback.",Granted temporary local admin.,true,0,Service Desk
INC1202884,2026-04-08T22:41:31-04:00,2026-04-09T22:32:08-04:00,2026-04-10T01:40:41-04:00,Closed,4-Low,app,other-app,App Support,Kendall Frost,Business app will not start after patch,"Business app will not start after patch
Please assist.
Thanks,
Kendall Frost
@example.invalid","2026-04-08 22:41:31 - Kendall Frost (Work notes)
User reports: Business app will not start after patch. Routing toward App Support.
2026-04-08 23:41:38 - Kendall Frost (Work notes)
Checked other-app path; still failing.
2026-04-08 00:41:45 - Kendall Frost (Work notes)
Escalating to App Support.",Repaired client install; license refreshed.,true,0,Service Desk|App Support
INC1202888,2026-07-01T13:01:01-04:00,,2026-07-03T02:48:40-04:00,Canceled,3-Moderate,app,zoom-teams,Collaboration Services,,Zoom meeting audio missing on EliteBook 840,"Zoom meeting audio missing on EliteBook 840
Please assist.
Thanks,
End User
@example.invalid","2026-07-01 13:01:01 - Casey Quintana (Work notes)
User reports: Zoom meeting audio missing on EliteBook 840. Routing toward Collaboration Services.
2026-07-01 14:01:08 - Blake Ibarra (Work notes)
Checked zoom-teams path; still failing.
2026-07-01 15:01:15 - Morgan Voss (Work notes)
Checked zoom-teams path; still failing.",Canceled — user no-response,,0,Service Desk|Collaboration Services
INC1202892,2026-08-18T13:01:32-04:00,2026-08-20T09:19:53-04:00,2026-08-20T19:46:54-04:00,Closed,3-Moderate,desktop,os-software,Desktop Support,Cameron Ortiz,Chrome will not start after update on Surface Laptop,"Chrome will not start after update on Surface Laptop
Please assist.
Thanks,
Cameron Ortiz
@example.invalid","2026-08-18 13:01:32 - Cameron Ortiz (Work notes)
User reports: Chrome will not start after update on Surface Laptop. Routing toward Desktop Support.",Cleared update cache; reboot succeeded.,false,0,Service Desk|Desktop Support
INC1202895,2026-05-11T10:07:10-04:00,2026-05-11T14:55:52-04:00,2026-05-12T16:54:18-04:00,Closed,3-Moderate,identity,password-reset,Service Desk,Sage Okonkwo,Password reset via self-service failed,"Password reset via self-service failed
Please assist.
Thanks,
Sage Okonkwo
@example.invalid","2026-05-11 10:07:10 - Sage Okonkwo (Work notes)
User reports: Password reset via self-service failed. Routing toward Service Desk.
2026-05-11 11:07:17 - Sage Okonkwo (Work notes)
Escalating to Service Desk.",Password reset completed; user logged on.,true,1,Service Desk
INC1202902,2026-05-05T14:20:16-04:00,2026-05-05T20:19:38-04:00,2026-05-05T22:20:10-04:00,Closed,3-Moderate,app,sap,App Support,Shay Ortega,SAP dump while saving SU01,"SAP dump while saving SU01
Please assist.
Thanks,
Shay Ortega
@example.invalid","2026-05-05 14:20:16 - Shay Ortega (Work notes)
User reports: SAP dump while saving SU01. Routing toward App Support.
2026-05-05 15:20:23 - Shay Ortega (Work notes)
Waiting on user callback.
2026-05-05 16:20:30 - Shay Ortega (Work notes)
Applied standard workaround.",Transport reapplied; tile restored.,true,0,Service Desk|App Support
INC1202907,2026-05-04T12:38:21-04:00,2026-05-05T22:17:39-04:00,2026-05-06T22:14:45-04:00,Closed,3-Moderate,desktop,laptop-hardware,Desktop Support,Parker Singh,Latitude 5540 battery drains in under two hours,"Latitude 5540 battery drains in under two hours
Please assist.
Thanks,
Parker Singh
@example.invalid","2026-05-04 12:38:21 - Parker Singh (Work notes)
User reports: Latitude 5540 battery drains in under two hours. Routing toward Desktop Support.",Imaged laptop; hardware test passed.,true,1,Service Desk|Desktop Support
INC1202908,2026-07-22T09:27:15-04:00,2026-07-22T15:56:31-04:00,2026-07-22T18:04:28-04:00,Closed,2-High,identity,password-reset,App Support,Remy Cole,Password reset via self-service failed,"Password reset via self-service failed
Please assist.
Thanks,
Remy Cole
@example.invalid",,Password reset completed; user logged on.,true,0,App Support
INC1202910,2026-04-15T13:16:53-04:00,2026-04-15T23:27:06-04:00,2026-04-16T06:26:52-04:00,Closed,3-Moderate,network,vpn,Network Ops,Skyler Bond,VPN client drops every few minutes,"VPN client drops every few minutes
Please assist.
Thanks,
Skyler Bond
@example.invalid","2026-04-15 13:16:53 - Skyler Bond (Work notes)
User reports: VPN client drops every few minutes. Routing toward Network Ops.",VPN profile rebuilt; tunnel stable.,true,0,Service Desk|Network Ops
INC1202917,2026-06-01T15:42:18-04:00,2026-06-02T05:26:13-04:00,2026-06-02T11:32:15-04:00,Closed,3-Moderate,desktop,peripheral,Desktop Support,Harper Nunez,Second monitor no signal after dock swap,"Second monitor no signal after dock swap
Please assist.
Thanks,
Harper Nunez
@example.invalid",,Re-enabled webcam in device manager.,true,0,Major Incident|Desktop Support
INC1202922,2026-04-08T11:02:52-04:00,2026-04-08T19:50:07-04:00,2026-04-09T23:21:33-04:00,Closed,3-Moderate,facilities,badge-access,Facilities,Sol Vega,Badge reader at Building C door will not beep,"Badge reader at Building C door will not beep
Please assist.
Thanks,
Sol Vega
@example.invalid","2026-04-08 11:02:52 - Sol Vega (Work notes)
User reports: Badge reader at Building C door will not beep. Routing toward Facilities.",Door controller reset.,true,0,Service Desk|Facilities
INC1202923,2026-08-20T09:55:38-04:00,2026-08-20T14:39:34-04:00,2026-08-20T21:49:56-04:00,Closed,2-High,app,sap,App Support,Jules Navarro,SAP GUI timeout on tcode ME21N,"SAP GUI timeout on tcode ME21N
Please assist.
Thanks,
Jules Navarro
@example.invalid","2026-08-20 09:55:38 - Jules Navarro (Work notes)
User reports: SAP GUI timeout on tcode ME21N. Routing toward App Support.
2026-08-20 10:55:45 - Jules Navarro (Work notes)
Waiting on user callback.
2026-08-20 11:55:52 - Jules Navarro (Work notes)
Waiting on user callback. ad\jhale419",Transport reapplied; tile restored.,true,1,Service Desk|Major Incident|App Support
INC1202925,2026-08-20T13:54:00-04:00,,,New,4-Low,desktop,laptop-hardware,Desktop Support,Reese Dalton,Laptop intermittent freeze — Latitude 5540 will not charge,"Laptop intermittent freeze — Latitude 5540 will not charge
Please assist.
Thanks,
Reese Dalton
@example.invalid","2026-08-20 13:54:00 - Reese Dalton (Work notes)
User reports: Laptop intermittent freeze — Latitude 5540 will not charge. Routing toward Desktop Support.",,,0,Service Desk|Desktop Support
INC1202930,2026-06-29T10:53:25-04:00,2026-06-29T22:04:38-04:00,2026-06-30T01:39:33-04:00,Closed,3-Moderate,identity,mfa,Identity/IAM,Eden Park,MFA prompt loop — Duo push never arrives,"MFA prompt loop — Duo push never arrives
Please assist.
Thanks,
Eden Park
@example.invalid","2026-06-29 10:53:25 - Eden Park (Work notes)
User reports: MFA prompt loop — Duo push never arrives. Routing toward Identity/IAM.
2026-06-29 11:53:32 - Eden Park (Work notes)
Applied standard workaround.
2026-06-29 12:53:39 - Eden Park (Work notes)
Escalating to Identity/IAM.",Resynced TOTP; MFA prompt succeeds.,true,0,Service Desk|Identity/IAM
INC1202937,2026-03-17T11:14:04-04:00,2026-03-17T20:27:56-04:00,2026-03-18T10:17:50-04:00,Closed,3-Moderate,app,web-app,App Support,Shay Ortega,Browser tab freeze on internal portal,"Browser tab freeze on internal portal
Please assist.
Thanks,
Shay Ortega
@example.invalid","2026-03-17 11:14:04 - Shay Ortega (Work notes)
User reports: Browser tab freeze on internal portal. Routing toward App Support.
2026-03-17 12:14:11 - Shay Ortega (Work notes)
Escalating to App Support.
2026-03-17 13:14:18 - Shay Ortega (Work notes)
Applied standard workaround.",Cleared SSO cookies; Chrome sign-in works.,true,0,Major Incident|App Support
INC1202938,2026-05-08T07:12:55-04:00,2026-05-12T06:49:03-04:00,2026-05-15T11:39:55-04:00,Closed,3-Moderate,network,vpn,Network Ops,Logan West,Split tunnel missing file share over VPNN,"Split tunnel missing file share over VPNN
Please assist.
Thanks,
Logan West
@example.invalid","2026-05-08 07:12:55 - Logan West (Work notes)
User reports: Split tunnel missing file share over VPNN. Routing toward Network Ops.",VPN profile rebuilt; tunnel stable.,false,0,Service Desk|Network Ops
INC1202942,2026-05-20T05:29:54-04:00,2026-06-03T05:08:56-04:00,2026-06-03T12:01:15-04:00,Closed,4-Low,app,sap,SAP Support,Eden Brooks,SAP GUI timeout on tcode VA01,"SAP GUI timeout on tcode VA01
Please assist.
Thanks,
Eden Brooks
@example.invalid","2026-05-20 05:29:54 - Eden Brooks (Work notes)
User reports: SAP GUI timeout on tcode VA01. Routing toward SAP Support.
2026-05-20 06:29:01 - Eden Brooks (Work notes)
Checked sap path; still failing.",GUI cache cleared; S/4 opens.,false,0,Service Desk|SAP Support
INC1202943,2026-06-12T10:33:46-04:00,2026-06-12T11:55:37-04:00,2026-06-12T14:56:57-04:00,Closed,2-High,desktop,printer,Endpoint Engineering,Dakota Chen,Print queue will not clear for shared ThinkPad T14,"Print queue will not clear for shared ThinkPad T14
Please assist.
Thanks,
Dakota Chen
@example.invalid","2026-06-12 10:33:46 - Dakota Chen (Work notes)
User reports: Print queue will not clear for shared ThinkPad T14. Routing toward Endpoint Engineering.
2026-06-12 11:33:53 - Dakota Chen (Work notes)
Checked printer path; still failing.",Reset print queue and republished printer.,true,0,Service Desk|Endpoint Engineering
INC1202950,2026-08-13T08:09:32-04:00,2026-08-15T03:55:28-04:00,2026-08-16T05:15:55-04:00,Closed,4-Low,network,wifi,Network Ops,Peyton Ames,DHCP not assigning on wifi,,,Reprovisioned SSID profile.,true,0,Service Desk|Network Ops
INC1202953,2026-08-20T09:16:08-04:00,2026-08-21T21:46:30-04:00,2026-08-22T06:12:47-04:00,Closed,3-Moderate,desktop,os-software,Desktop Support,Finley Shah,Windows update stuck at 87% on EliteBook 840,"Windows update stuck at 87% on EliteBook 840
Please assist.
Thanks,
Finley Shah
@example.invalid","2026-08-20 09:16:08 - Finley Shah (Work notes)
User reports: Windows update stuck at 87% on EliteBook 840. Routing toward Desktop Support.
2026-08-20 10:16:15 - Finley Shah (Work notes)
Waiting on user callback.
2026-08-20 11:16:22 - Finley Shah (Work notes)
Waiting on user callback.",Cleared update cache; reboot succeeded.,true,0,Service Desk|Desktop Support
INC1202958,2026-07-23T16:35:12-04:00,2026-07-24T20:16:13-04:00,2026-07-24T22:44:18-04:00,Closed,4-Low,identity,password-reset,Service Desk,Drew Kimura,Need password reset for shared kiosk,"Need password reset for shared kiosk
Please assist.
Thanks,
Drew Kimura
@example.invalid","2026-07-23 16:35:12 - Drew Kimura (Work notes)
User reports: Need password reset for shared kiosk. Routing toward Service Desk.
2026-07-23 17:35:19 - Drew Kimura (Work notes)
Checked password-reset path; still failing.
2026-07-23 18:35:26 - Drew Kimura (Work notes)
Applied standard workaround.",Unlocked account and forced password change.,true,0,Service Desk
INC1202962,2026-04-02T14:50:25-04:00,2026-04-03T05:54:18-04:00,,Resolved,3-Moderate,facilities,badge-access,Facilities,Indigo Walsh,Badge access denied on Floor 5,"Badge access denied on Floor 5
Please assist.
Thanks,
Indigo Walsh
@example.invalid","2026-04-02 14:50:25 - Indigo Walsh (Work notes)
User reports: Badge access denied on Floor 5. Routing toward Facilities.
2026-04-02 15:50:32 - Indigo Walsh (Work notes)
Waiting on user callback.",Door controller reset.,true,0,Service Desk|Facilities
INC1202968,2026-06-26T11:00:33-04:00,2026-06-26T13:38:04-04:00,2026-06-26T21:00:35-04:00,Closed,3-Moderate,network,vpn,Network Ops,Peyton Ames,VPN tunnel up but no internal DNS,"VPN tunnel up but no internal DNS
Please assist.
Thanks,
Peyton Ames
@example.invalid","2026-06-26 11:00:33 - Peyton Ames (Work notes)
User reports: VPN tunnel up but no internal DNS. Routing toward Network Ops.
2026-06-26 12:00:40 - Peyton Ames (Work notes)
Checked vpn path; still failing.
2026-06-26 13:00:47 - Peyton Ames (Work notes)
Waiting on user callback.",Fixed DNS suffix on VPN adapter.,true,0,Network Ops
INC1202974,2026-07-07T14:00:34-04:00,2026-07-08T20:33:07-04:00,2026-07-11T05:22:28-04:00,Closed,3-Moderate,network,wifi,Network Ops,Peyton Ames,WiFi drops in Building North Floor 2,"WiFi drops in Building North Floor 2
Please assist.
Thanks,
Peyton Ames
@example.invalid","2026-07-07 14:00:34 - Peyton Ames (Work notes)
User reports: WiFi drops in Building North Floor 2. Routing toward Network Ops.
2026-07-07 15:00:41 - Peyton Ames (Work notes)
Escalating to Network Ops.
2026-07-07 16:00:48 - Peyton Ames (Work notes)
Checked wifi path; still failing.",AP reset on Floor — signal restored.,true,0,Service Desk|Network Ops
INC1202978,2026-08-24T15:29:43-04:00,,,New,4-Low,desktop,laptop-hardware,Service Desk,Drew Kimura,Latitude 5540 overheats under light load,"Latitude 5540 overheats under light load
Please assist.
Thanks,
Drew Kimura
@example.invalid","2026-08-24 15:29:43 - Drew Kimura (Work notes)
User reports: Latitude 5540 overheats under light load. Routing toward Service Desk.",,,0,Desktop Support|Service Desk
INC1202982,2026-04-22T11:01:27-04:00,2026-04-22T22:51:52-04:00,2026-04-23T19:02:22-04:00,Closed,4-Low,facilities,badge-access,Facilities,Lane Ortiz,Badge access denied on Floor 2,"Badge access denied on Floor 2
Please assist.
Thanks,
Lane Ortiz
@example.invalid","2026-04-22 11:01:27 - Lane Ortiz (Work notes)
User reports: Badge access denied on Floor 2. Routing toward Facilities.",Badge recoded; reader tested.,true,1,Service Desk|Facilities
INC1202983,2026-06-30T13:45:51-04:00,2026-07-01T10:40:26-04:00,,Resolved,2-High,app,sap,SAP Support,Eden Brooks,Slow SAP transaction FB01 this morning,"Slow SAP transaction FB01 this morning
Please assist.
Thanks,
Eden Brooks
@example.invalid","2026-06-30 13:45:51 - Eden Brooks (Work notes)
User reports: Slow SAP transaction FB01 this morning. Routing toward SAP Support.
2026-06-30 14:45:58 - Eden Brooks (Work notes)
Escalating to SAP Support.
2026-06-30 15:45:05 - Eden Brooks (Work notes)
Escalating to SAP Support.",SAP role provisioned; tcode authorized.,false,0,Service Desk|SAP Support
INC1202985,2026-08-11T06:25:08-04:00,2026-08-11T07:35:51-04:00,2026-08-11T13:26:50-04:00,Closed,3-Moderate,network,vpn,Network Ops,Skyler Bond,VPN client drops every few minutes,"VPN client drops every few minutes
Please assist.
Thanks,
Skyler Bond
@example.invalid","2026-08-11 06:25:08 - Skyler Bond (Work notes)
User reports: VPN client drops every few minutes. Routing toward Network Ops.
2026-08-11 07:25:15 - Skyler Bond (Work notes)
Applied standard workaround.
2026-08-11 08:25:22 - Skyler Bond (Work notes)
Waiting on user callback.",VPN profile rebuilt; tunnel stable.,true,0,Service Desk|Network Ops
INC1202988,2026-03-20T10:14:22-04:00,2026-03-20T12:28:03-04:00,2026-03-20T22:36:02-04:00,Closed,3-Moderate,network,wifi,Network Ops,Skyler Bond,Poor wifi near conference room 3,"Poor wifi near conference room 3
Please assist.
Thanks,
Skyler Bond
@example.invalid","2026-03-20 10:14:22 - Skyler Bond (Work notes)
User reports: Poor wifi near conference room 3. Routing toward Network Ops.
2026-03-20 11:14:29 - Skyler Bond (Work notes)
Escalating to Network Ops.",Replaced wireless driver.,true,0,Service Desk|Network Ops
INC1202995,2026-03-12T10:50:53-04:00,2026-03-13T10:45:09-04:00,2026-03-13T13:38:55-04:00,Closed,4-Low,desktop,other-desktop,Desktop Support,Harper Nunez,Mapped network drive missing at logon,"Mapped network drive missing at logon
Please assist.
Thanks,
Harper Nunez
@example.invalid","2026-03-12 10:50:53 - Harper Nunez (Work notes)
User reports: Mapped network drive missing at logon. Routing toward Desktop Support.
2026-03-12 11:50:00 - Harper Nunez (Work notes)
Waiting on user callback.
2026-03-12 12:50:07 - Harper Nunez (Work notes)
Checked other-desktop path; still failing.",Rebuilt profile; network drive mapped.,true,0,Service Desk|Desktop Support
INC1203001,2026-07-21T13:39:10-04:00,,,On Hold,4-Low,facilities,other-facilities,Facilities,River Santos,Light out near desk,"Light out near desk
Please assist.
Thanks,
River Santos
@example.invalid","2026-07-21 13:39:10 - River Santos (Work notes)
User reports: Light out near desk. Routing toward Facilities.
2026-07-21 14:39:17 - River Santos (Work notes)
Applied standard workaround.",,,0,Service Desk|Facilities
INC1203004,2026-05-29T15:12:10-04:00,2026-05-29T22:12:02-04:00,2026-05-29T23:22:53-04:00,Closed,2-High,desktop,laptop-hardware,Service Desk,Morgan Voss,Laptop lid sensor false sleep on MacBook,"Laptop lid sensor false sleep on MacBook
Please assist.
Thanks,
Morgan Voss
@example.invalid",,Reseated dock; display path restored.,true,2,Service Desk|Service Desk
INC1203006,2026-05-14T14:54:25-04:00,2026-05-24T06:49:29-04:00,2026-05-24T07:59:55-04:00,Closed,4-Low,identity,password-reset,Service Desk,Casey Quintana,Password reset needed — account lockout,,"2026-05-14 14:54:25 - Casey Quintana (Work notes)
User reports: Password reset needed — account lockout. Routing toward Service Desk.
2026-05-14 15:54:32 - Casey Quintana (Work notes)
Checked password-reset path; still failing.
2026-05-14 16:54:39 - Casey Quintana (Work notes)
Checked password-reset path; still failing.",Password reset completed; user logged on.,false,0,Service Desk
INC1203010,2026-06-16T11:28:41-04:00,2026-06-17T01:56:48-04:00,2026-06-17T03:58:14-04:00,Closed,2-High,network,vpn,Service Desk,Casey Quintana,VPN disconnects during large file copy,"VPN disconnects during large file copy
Please assist.
Thanks,
Casey Quintana
@example.invalid",,VPN profile rebuilt; tunnel stable.,false,0,Service Desk
INC1203017,2026-06-25T15:44:38-04:00,2026-06-26T02:36:15-04:00,2026-06-26T20:38:04-04:00,Closed,3-Moderate,desktop,os-software,Desktop Support,Finley Shah,BitLocker recovery key requested for ThinkPad T14,"BitLocker recovery key requested for ThinkPad T14
Please assist.
Thanks,
Finley Shah
@example.invalid","2026-06-25 15:44:38 - Finley Shah (Work notes)
User reports: BitLocker recovery key requested for ThinkPad T14. Routing toward Desktop Support.",Cleared update cache; reboot succeeded.,true,0,Service Desk|Desktop Support
INC1203018,2026-08-27T13:43:59-04:00,2026-08-27T15:42:05-04:00,2026-08-28T13:04:22-04:00,Closed,3-Moderate,app,sap,SAP Support,Nico Alvarez,S4HANA fiori tile missing after transport,"S4HANA fiori tile missing after transport
Please assist.
Thanks,
Nico Alvarez
@example.invalid","2026-08-27 13:43:59 - Nico Alvarez (Work notes)
User reports: S4HANA fiori tile missing after transport. Routing toward SAP Support.
2026-08-27 14:43:06 - Nico Alvarez (Work notes)
Applied standard workaround.
2026-08-27 15:43:13 - Nico Alvarez (Work notes)
Waiting on user callback.",GUI cache cleared; S/4 opens.,true,0,Service Desk|SAP Support
INC1203024,2026-07-23T20:06:37-04:00,2026-07-23T20:42:30-04:00,2026-07-24T00:06:36-04:00,Closed,1-Critical,desktop,printer,Desktop Support,Parker Singh,Label printer offline in Building East,"Label printer offline in Building East
Please assist.
Thanks,
Parker Singh
@example.invalid","2026-07-23 20:06:37 - Parker Singh (Work notes)
User reports: Label printer offline in Building East. Routing toward Desktop Support.
2026-07-23 21:06:44 - Parker Singh (Work notes)
Checked printer path; still failing.",Reset print queue and republished printer.,true,0,Service Desk|Major Incident|Desktop Support
INC1203026,2026-07-23T13:27:52-04:00,2026-07-24T06:55:39-04:00,2026-07-24T09:02:35-04:00,Closed,3-Moderate,network,wifi,Network Ops,Hayden Cruz,Poor wifi near conference room 5,"Poor wifi near conference room 5
Please assist.
Thanks,
Hayden Cruz
@example.invalid","2026-07-23 13:27:52 - Hayden Cruz (Work notes)
User reports: Poor wifi near conference room 5. Routing toward Network Ops.
2026-07-23 14:27:59 - Hayden Cruz (Work notes)
Escalating to Network Ops.
2026-07-23 15:27:06 - Hayden Cruz (Work notes)
Waiting on user callback.",AP reset on Floor — signal restored.,true,0,Network Ops
INC1203028,2026-03-23T09:42:11-04:00,2026-03-24T09:27:35-04:00,2026-03-25T06:01:42-04:00,Closed,4-Low,app,sap,SAP Support,Shiloh Grant,SAP GUI timeout on tcode VA01,"SAP GUI timeout on tcode VA01
Please assist.
Thanks,
Shiloh Grant
@example.invalid","2026-03-23 09:42:11 - Shiloh Grant (Work notes)
User reports: SAP GUI timeout on tcode VA01. Routing toward SAP Support.
2026-03-23 10:42:18 - Shiloh Grant (Work notes)
Checked sap path; still failing. ad\jhale419",Transport reapplied; tile restored.,true,0,Service Desk|SAP Support
INC1203031,2026-03-18T13:54:08-04:00,2026-03-19T02:19:26-04:00,2026-03-19T23:10:30-04:00,Closed,3-Moderate,facilities,other-facilities,Facilities,Sol Vega,Water leak reported Building B,"Water leak reported Building B
Please assist.
Thanks,
Sol Vega
@example.invalid","2026-03-18 13:54:08 - Sol Vega (Work notes)
User reports: Water leak reported Building B. Routing toward Facilities.",Work order closed with vendor.,true,0,Facilities
INC1203032,2026-07-05T06:34:16-04:00,2026-07-09T12:23:29-04:00,2026-07-09T14:34:42-04:00,Closed,3-Moderate,identity,mfa,Identity/IAM,Phoenix Lee,MFA device lost; need reset,"MFA device lost; need reset
Please assist.
Thanks,
Phoenix Lee
@example.invalid","2026-07-05 06:34:16 - Phoenix Lee (Work notes)
User reports: MFA device lost; need reset. Routing toward Identity/IAM.
2026-07-05 07:34:23 - Phoenix Lee (Work notes)
Escalating to Identity/IAM.
2026-07-05 08:34:30 - Phoenix Lee (Work notes)
Applied standard workaround.",Resynced TOTP; MFA prompt succeeds.,false,0,Service Desk|Identity/IAM
INC1203034,2026-07-03T14:55:46-04:00,2026-07-05T11:05:27-04:00,2026-07-05T14:23:32-04:00,Closed,4-Low,identity,password-reset,Service Desk,,Password reset via self-service failed,"Password reset via self-service failed
Please assist.
Thanks,
End User
@example.invalid","2026-07-03 14:55:46 - Quinn Patel (Work notes)
User reports: Password reset via self-service failed. Routing toward Service Desk.
2026-07-03 15:55:53 - Casey Quintana (Work notes)
Escalating to Service Desk.",Password reset completed; user logged on.,true,1,App Support|Service Desk
INC1203037,2026-04-28T12:09:36-04:00,2026-04-29T10:54:01-04:00,,Resolved,3-Moderate,network,vpn,Vendor Mgmt,Ellis Prado,Cannot reach SAP over VPN client,"Cannot reach SAP over VPN client
Please assist.
Thanks,
Ellis Prado
@example.invalid","2026-04-28 12:09:36 - Ellis Prado (Work notes)
User reports: Cannot reach SAP over VPN client. Routing toward Vendor Mgmt.
2026-04-28 13:09:43 - Ellis Prado (Work notes)
Waiting on user callback.
2026-04-28 14:09:50 - Ellis Prado (Work notes)
Checked vpn path; still failing.",Fixed DNS suffix on VPN adapter.,true,0,Service Desk|Vendor Mgmt
INC1203041,2026-05-15T15:20:02-04:00,,2026-05-17T14:43:12-04:00,Canceled,3-Moderate,network,wan-lan,Service Desk,,Wired port dead at desk,"Wired port dead at desk
Please assist.
Thanks,
End User
@example.invalid","2026-05-15 15:20:02 - Quinn Patel (Work notes)
User reports: Wired port dead at desk. Routing toward Service Desk.",Canceled — duplicate of INC1203029,,0,Major Incident|Service Desk
INC1203043,2026-03-27T14:45:50-04:00,2026-03-28T06:30:11-04:00,2026-03-28T18:13:07-04:00,Closed,2-High,app,zoom-teams,App Support,,Zoom meeting audio missing on Surface Laptop,"Zoom meeting audio missing on Surface Laptop
Please assist.
Thanks,
End User
@example.invalid","2026-03-27 14:45:50 - Sage Okonkwo (Work notes)
User reports: Zoom meeting audio missing on Surface Laptop. Routing toward App Support.
2026-03-27 15:45:57 - Avery Lang (Work notes)
Waiting on user callback.",Teams cache cleared.,false,0,Service Desk|App Support
INC1203045,2026-03-26T14:12:16-04:00,2026-03-29T16:00:05-04:00,2026-03-30T02:39:08-04:00,Closed,4-Low,identity,mfa,Security Ops,Chris Adelman,Cannot enroll MFA token on new phone,"Cannot enroll MFA token on new phone
Please assist.
Thanks,
Chris Adelman
@example.invalid","2026-03-26 14:12:16 - Chris Adelman (Work notes)
User reports: Cannot enroll MFA token on new phone. Routing toward Security Ops.
2026-03-26 15:12:23 - Chris Adelman (Work notes)
Applied standard workaround.
2026-03-26 16:12:30 - Chris Adelman (Work notes)
Applied standard workaround.",Resynced TOTP; MFA prompt succeeds.,true,0,Service Desk|Security Ops
INC1203047,2026-05-27T13:45:04-04:00,2026-05-29T17:58:20-04:00,2026-05-30T08:48:41-04:00,Closed,4-Low,network,wan-lan,Network Ops,Peyton Ames,Latency spike to app gateway,"Latency spike to app gateway
Please assist.
Thanks,
Peyton Ames
@example.invalid",,Vendor cleared WAN incident.,true,0,Service Desk|Network Ops
INC1203048,2026-08-14T10:25:52-04:00,2026-08-16T02:05:16-04:00,2026-08-16T06:15:49-04:00,Closed,2-High,desktop,laptop-hardware,Desktop Support,Cameron Ortiz,Laptop intermittent freeze — Latitude 5540 will not charge,"Laptop intermittent freeze — Latitude 5540 will not charge
Please assist.
Thanks,
Cameron Ortiz
@example.invalid","2026-08-14 10:25:52 - Cameron Ortiz (Work notes)
User reports: Laptop intermittent freeze — Latitude 5540 will not charge. Routing toward Desktop Support.
2026-08-14 11:25:59 - Cameron Ortiz (Work notes)
Escalating to Desktop Support.
2026-08-14 12:25:06 - Cameron Ortiz (Work notes)
Escalating to Desktop Support.",Replaced charger and retested battery.,false,0,Service Desk|Desktop Support
INC1203050,2026-08-03T11:28:46-04:00,2026-08-04T00:48:45-04:00,2026-08-04T09:41:34-04:00,Closed,4-Low,desktop,other-desktop,Major Incident,Cassidy Rowe,Local admin rights needed for vendor tool,"Local admin rights needed for vendor tool
Please assist.
Thanks,
Cassidy Rowe
@example.invalid","2026-08-03 11:28:46 - Cassidy Rowe (Work notes)
User reports: Local admin rights needed for vendor tool. Routing toward Major Incident.",Rebuilt profile; network drive mapped.,true,0,Major Incident
INC1203057,2026-03-02T14:54:47-05:00,2026-03-02T19:46:07-05:00,2026-03-02T20:21:53-05:00,Closed,3-Moderate,network,other-network,Network Ops,Skyler Bond,Packet loss on wired dock,"Packet loss on wired dock
Please assist.
Thanks,
Skyler Bond
@example.invalid","2026-03-02 14:54:47 - Skyler Bond (Work notes)
User reports: Packet loss on wired dock. Routing toward Network Ops.
2026-03-02 15:54:54 - Skyler Bond (Work notes)
Escalating to Network Ops.
2026-03-02 16:54:01 - Skyler Bond (Work notes)
Checked other-network path; still failing.",Share path restored after ACL fix.,true,0,Service Desk|Network Ops
INC1203062,2026-05-27T09:15:41-04:00,2026-05-28T20:50:17-04:00,2026-05-28T23:19:00-04:00,Closed,4-Low,desktop,laptop-hardware,Desktop Support,Reese Dalton,Laptop intermittent freeze — MacBook will not charge,,"2026-05-27 09:15:41 - Reese Dalton (Work notes)
User reports: Laptop intermittent freeze — MacBook will not charge. Routing toward Desktop Support.
2026-05-27 10:15:48 - Reese Dalton (Work notes)
Checked laptop-hardware path; still failing.
2026-05-27 11:15:55 - Reese Dalton (Work notes)
Checked laptop-hardware path; still failing.",Imaged laptop; hardware test passed.,true,0,Service Desk|Desktop Support
INC1203065,2026-04-06T04:55:36-04:00,2026-04-06T16:08:10-04:00,2026-04-07T03:42:28-04:00,Closed,3-Moderate,desktop,peripheral,Major Incident,Cassidy Rowe,Webcam disabled after patch,"Webcam disabled after patch
Please assist.
Thanks,
Cassidy Rowe
@example.invalid",,Re-enabled webcam in device manager.,true,0,Major Incident
INC1203070,2026-05-05T20:57:53-04:00,2026-05-06T06:23:08-04:00,2026-05-06T10:26:06-04:00,Closed,3-Moderate,network,vpn,Major Incident,Lennox Hart,VPN tunnel up but no internal DNS,"VPN tunnel up but no internal DNS
Please assist.
Thanks,
Lennox Hart
@example.invalid","2026-05-05 20:57:53 - Lennox Hart (Work notes)
User reports: VPN tunnel up but no internal DNS. Routing toward Major Incident.
2026-05-05 21:57:00 - Lennox Hart (Work notes)
Escalating to Major Incident.",VPN profile rebuilt; tunnel stable.,true,0,Major Incident
INC1203074,2026-06-17T18:01:19-04:00,2026-06-18T16:18:24-04:00,2026-06-18T21:26:02-04:00,Closed,3-Moderate,app,sap,SAP Support,,SAP password expired; GUI will not open,"SAP password expired; GUI will not open
Please assist.
Thanks,
End User
@example.invalid","2026-06-17 18:01:19 - Blake Ibarra (Work notes)
User reports: SAP password expired; GUI will not open. Routing toward SAP Support.",SAP role provisioned; tcode authorized.,true,0,Service Desk|SAP Support
INC1203081,2026-07-19T08:25:09-04:00,2026-07-19T15:51:00-04:00,2026-07-22T15:00:10-04:00,Closed,3-Moderate,identity,password-reset,Service Desk,Riley Cho,Password expired; cannot log on,"Password expired; cannot log on
Please assist.
Thanks,
Riley Cho
@example.invalid","2026-07-19 08:25:09 - Riley Cho (Work notes)
User reports: Password expired; cannot log on. Routing toward Service Desk.",Password reset completed; user logged on.,true,0,Service Desk|Service Desk
INC1203083,2026-08-14T08:26:01-04:00,2026-08-16T20:51:11-04:00,2026-08-17T01:52:28-04:00,Closed,4-Low,desktop,laptop-hardware,Service Desk,Casey Quintana,MacBook overheats under light load,"MacBook overheats under light load
Please assist.
Thanks,
Casey Quintana
@example.invalid","2026-08-14 08:26:01 - Casey Quintana (Work notes)
User reports: MacBook overheats under light load. Routing toward Service Desk.
2026-08-14 09:26:08 - Casey Quintana (Work notes)
Checked laptop-hardware path; still failing.",Replaced charger and retested battery.,true,0,Service Desk
INC1203084,2026-04-10T09:34:51-04:00,2026-04-10T16:04:13-04:00,2026-04-10T20:48:56-04:00,Closed,3-Moderate,identity,password-reset,Service Desk,Morgan Voss,Password reset via self-service failed,"Password reset via self-service failed
Please assist.
Thanks,
Morgan Voss
@example.invalid","2026-04-10 09:34:51 - Morgan Voss (Work notes)
User reports: Password reset via self-service failed. Routing toward Service Desk.
2026-04-10 10:34:58 - Morgan Voss (Work notes)
Waiting on user callback.
2026-04-10 11:34:05 - Morgan Voss (Work notes)
Waiting on user callback.",Password reset completed; user logged on.,false,0,Service Desk
INC1203089,2026-06-17T13:50:44-04:00,2026-06-17T15:20:06-04:00,2026-06-19T16:55:35-04:00,Closed,2-High,identity,mfa,Identity/IAM,Eden Park,MFA device lost; need reset,"MFA device lost; need reset
Please assist.
Thanks,
Eden Park
@example.invalid",,Resynced TOTP; MFA prompt succeeds.,true,0,Service Desk|Service Desk|Major Incident|Identity/IAM
INC1203093,2026-05-13T13:44:41-04:00,2026-05-13T22:37:52-04:00,2026-05-14T10:07:59-04:00,Closed,2-High,facilities,hvac,Facilities,,HVAC too cold on Floor 5,"HVAC too cold on Floor 5
Please assist.
Thanks,
End User
@example.invalid","2026-05-13 13:44:41 - Sage Okonkwo (Work notes)
User reports: HVAC too cold on Floor 5. Routing toward Facilities.
2026-05-13 14:44:48 - Casey Quintana (Work notes)
Checked hvac path; still failing.",Thermostat reset; temperature stable.,false,0,Major Incident|Facilities
INC1203095,2026-08-05T20:01:41-04:00,2026-08-10T06:17:46-04:00,2026-08-10T10:50:32-04:00,Closed,3-Moderate,app,sap,SAP Support,Nico Alvarez,SAP password expired; GUI will not open,"SAP password expired; GUI will not open
Please assist.
Thanks,
Nico Alvarez
@example.invalid","2026-08-05 20:01:41 - Nico Alvarez (Work notes)
User reports: SAP password expired; GUI will not open. Routing toward SAP Support.",SAP role provisioned; tcode authorized.,false,0,Service Desk|SAP Support
INC1203100,2026-07-13T10:03:44-04:00,2026-07-14T07:48:54-04:00,2026-07-14T09:41:18-04:00,Closed,4-Low,app,sap,SAP Support,Nico Alvarez,Missing SAP authorization for FB01,"Missing SAP authorization for FB01
Please assist.
Thanks,
Nico Alvarez
@example.invalid","2026-07-13 10:03:44 - Nico Alvarez (Work notes)
User reports: Missing SAP authorization for FB01. Routing toward SAP Support.",Transport reapplied; tile restored.,true,0,Service Desk|SAP Support
INC1203102,2026-05-09T01:32:20-04:00,2026-05-10T10:13:23-04:00,,Resolved,3-Moderate,desktop,laptop-hardware,Desktop Support,Parker Singh,Laptop random restart — Surface Laptop will not dock,"Laptop random restart — Surface Laptop will not dock
Please assist.
Thanks,
Parker Singh
@example.invalid","2026-05-09 01:32:20 - Parker Singh (Work notes)
User reports: Laptop random restart — Surface Laptop will not dock. Routing toward Desktop Support.",Imaged laptop; hardware test passed.,true,1,Service Desk|Desktop Support
INC1203103,2026-04-15T15:29:54-04:00,2026-04-15T18:43:35-04:00,,Resolved,2-High,desktop,os-software,Desktop Support,Finley Shah,Windows patch failed on MacBook; bitlocker prompt loop,"Windows patch failed on MacBook; bitlocker prompt loop
Please assist.
Thanks,
Finley Shah
@example.invalid","2026-04-15 15:29:54 - Finley Shah (Work notes)
User reports: Windows patch failed on MacBook; bitlocker prompt loop. Routing toward Desktop Support.",Cleared update cache; reboot succeeded.,true,0,Service Desk|Major Incident|Desktop Support
INC1203104,2026-03-23T07:42:24-04:00,2026-03-23T22:07:33-04:00,2026-03-24T03:07:24-04:00,Closed,3-Moderate,app,other-app,Major Incident,Lennox Hart,License error on desktop client,"License error on desktop client
Please assist.
Thanks,
Lennox Hart
@example.invalid","2026-03-23 07:42:24 - Lennox Hart (Work notes)
User reports: License error on desktop client. Routing toward Major Incident.
2026-03-23 08:42:31 - Lennox Hart (Work notes)
Escalating to Major Incident. +1-212-555-0142",Repaired client install; license refreshed.,true,0,Major Incident
INC1203111,2026-08-10T14:27:03-04:00,2026-08-13T15:10:25-04:00,2026-08-14T01:03:53-04:00,Closed,4-Low,identity,account-lockout,Identity/IAM,Marlowe Singh,Account lockout repeating every hour,"Account lockout repeating every hour
Please assist.
Thanks,
Marlowe Singh
@example.invalid","2026-08-10 14:27:03 - Marlowe Singh (Work notes)
User reports: Account lockout repeating every hour. Routing toward Identity/IAM.
2026-08-10 15:27:10 - Marlowe Singh (Work notes)
Checked account-lockout path; still failing.",Unlocked AD account; advised password hygiene.,true,0,Service Desk|Identity/IAM
INC1203112,2026-05-29T12:06:58-04:00,2026-06-02T22:25:59-04:00,,Resolved,4-Low,facilities,hvac,Facilities,River Santos,HVAC alarm on Floor 5,,"2026-05-29 12:06:58 - River Santos (Work notes)
User reports: HVAC alarm on Floor 5. Routing toward Facilities.
2026-05-29 13:06:05 - River Santos (Work notes)
Waiting on user callback.",Vendor adjusted HVAC setpoint.,true,0,Service Desk|Facilities
INC1203116,2026-07-01T10:56:30-04:00,2026-07-02T07:39:48-04:00,2026-07-02T10:26:57-04:00,Closed,3-Moderate,network,wan-lan,Major Incident,Cassidy Rowe,Intermittent WAN outage reported by floor 12,"Intermittent WAN outage reported by floor 12
Please assist.
Thanks,
Cassidy Rowe
@example.invalid","2026-07-01 10:56:30 - Cassidy Rowe (Work notes)
User reports: Intermittent WAN outage reported by floor 12. Routing toward Major Incident.
2026-07-01 11:56:37 - Cassidy Rowe (Work notes)
Applied standard workaround.
2026-07-01 12:56:44 - Cassidy Rowe (Work notes)
Escalating to Major Incident.",Vendor cleared WAN incident.,true,0,Major Incident
INC1203117,2026-08-15T19:08:24-04:00,2026-08-16T22:21:03-04:00,2026-08-17T03:26:21-04:00,Closed,3-Moderate,facilities,hvac,Vendor Mgmt,Sutton Grey,HVAC too cold on Floor 8,"HVAC too cold on Floor 8
Please assist.
Thanks,
Sutton Grey
@example.invalid","2026-08-15 19:08:24 - Sutton Grey (Work notes)
User reports: HVAC too cold on Floor 8. Routing toward Vendor Mgmt.
2026-08-15 20:08:31 - Sutton Grey (Work notes)
Applied standard workaround.
2026-08-15 21:08:38 - Sutton Grey (Work notes)
Applied standard workaround.",Thermostat reset; temperature stable.,true,0,Service Desk|Vendor Mgmt
INC1203118,2026-08-19T14:08:32-04:00,2026-08-20T06:01:41-04:00,2026-08-20T14:04:12-04:00,Closed,4-Low,identity,password-reset,Service Desk,Morgan Voss,Password reset needed — account lockout,"Password reset needed — account lockout
Please assist.
Thanks,
Morgan Voss
@example.invalid","2026-08-19 14:08:32 - Morgan Voss (Work notes)
User reports: Password reset needed — account lockout. Routing toward Service Desk.
2026-08-19 15:08:39 - Morgan Voss (Work notes)
Waiting on user callback.",Password reset completed; user logged on.,true,0,Service Desk
INC1203125,2026-08-03T14:48:36-04:00,2026-08-04T10:49:54-04:00,2026-08-04T23:36:14-04:00,Closed,4-Low,desktop,laptop-hardware,Desktop Support,Reese Dalton,Laptop lid sensor false sleep on Surface Laptop,,"2026-08-03 14:48:36 - Reese Dalton (Work notes)
User reports: Laptop lid sensor false sleep on Surface Laptop. Routing toward Desktop Support.
2026-08-03 15:48:43 - Reese Dalton (Work notes)
Escalating to Desktop Support.",Imaged laptop; hardware test passed.,true,0,Service Desk|Desktop Support
INC1203131,2026-07-29T14:03:13-04:00,2026-07-30T07:46:24-04:00,2026-07-30T09:50:47-04:00,Closed,4-Low,network,wan-lan,Network Ops,Hayden Cruz,Intermittent WAN outage reported by floor 8,"Intermittent WAN outage reported by floor 8
Please assist.
Thanks,
Hayden Cruz
@example.invalid","2026-07-29 14:03:13 - Hayden Cruz (Work notes)
User reports: Intermittent WAN outage reported by floor 8. Routing toward Network Ops.",Vendor cleared WAN incident.,true,0,Service Desk|Network Ops
INC1203135,2026-05-04T15:55:28-04:00,2026-05-07T06:20:35-04:00,2026-05-07T13:19:50-04:00,Closed,4-Low,app,zoom-teams,Collaboration Services,Arden Miles,Zoom meeting audio missing on ThinkPad T14,"Zoom meeting audio missing on ThinkPad T14
Please assist.
Thanks,
Arden Miles
@example.invalid","2026-05-04 15:55:28 - Arden Miles (Work notes)
User reports: Zoom meeting audio missing on ThinkPad T14. Routing toward Collaboration Services.",Reinstalled Zoom client; audio device set.,true,0,Service Desk|Collaboration Services
INC1203136,2026-06-03T08:36:59-04:00,2026-06-05T05:29:41-04:00,2026-06-05T16:57:57-04:00,Closed,3-Moderate,app,outlook,App Support,Jules Navarro,Exchange disconnected banner in Outlook,"Exchange disconnected banner in Outlook
Please assist.
Thanks,
Jules Navarro
@example.invalid","2026-06-03 08:36:59 - Jules Navarro (Work notes)
User reports: Exchange disconnected banner in Outlook. Routing toward App Support.
2026-06-03 09:36:06 - Jules Navarro (Work notes)
Waiting on user callback.",Mailbox quota increased; Outlook sending.,true,0,Service Desk|App Support
INC1203141,2026-03-05T13:52:41-05:00,2026-03-06T15:14:32-05:00,,Resolved,4-Low,app,sap,SAP Support,Shiloh Grant,SAP dump while saving VA01,"SAP dump while saving VA01
Please assist.
Thanks,
Shiloh Grant
@example.invalid","2026-03-05 13:52:41 - Shiloh Grant (Work notes)
User reports: SAP dump while saving VA01. Routing toward SAP Support.",SAP role provisioned; tcode authorized.,true,0,Service Desk|SAP Support
INC1203143,2026-03-09T14:30:00-04:00,2026-03-09T18:44:36-04:00,2026-03-09T23:17:55-04:00,Closed,3-Moderate,identity,account-lockout,Identity/IAM,Phoenix Lee,Cannot unlock AD account from Service Desk tool,,"2026-03-09 14:30:00 - Phoenix Lee (Work notes)
User reports: Cannot unlock AD account from Service Desk tool. Routing toward Identity/IAM.",Unlocked AD account; advised password hygiene.,true,2,Service Desk|Identity/IAM
INC1203146,2026-06-08T11:41:32-04:00,2026-06-09T02:18:14-04:00,2026-06-09T09:42:33-04:00,Closed,3-Moderate,app,zoom-teams,App Support,Kendall Frost,Meeting headset not selected in Zoom,"Meeting headset not selected in Zoom
Please assist.
Thanks,
Kendall Frost
@example.invalid","2026-06-08 11:41:32 - Kendall Frost (Work notes)
User reports: Meeting headset not selected in Zoom. Routing toward App Support.
2026-06-08 12:41:39 - Kendall Frost (Work notes)
Waiting on user callback.",Reinstalled Zoom client; audio device set.,true,0,Service Desk|App Support
INC1203152,2026-06-30T15:50:20-04:00,2026-07-02T03:27:53-04:00,2026-07-02T10:10:59-04:00,Closed,4-Low,identity,mfa,Identity/IAM,Sloane Adler,MFA device lost; need reset,"MFA device lost; need reset
Please assist.
Thanks,
Sloane Adler
@example.invalid","2026-06-30 15:50:20 - Sloane Adler (Work notes)
User reports: MFA device lost; need reset. Routing toward Identity/IAM.",Resynced TOTP; MFA prompt succeeds.,true,0,Identity/IAM
INC1203155,2026-04-26T06:52:47-04:00,2026-04-27T11:09:24-04:00,2026-04-29T01:33:15-04:00,Closed,3-Moderate,identity,mfa,Service Desk,Blake Ibarra,MFA enrollment week — new hire cannot complete Duo,"MFA enrollment week — new hire cannot complete Duo
Please assist.
Thanks,
Blake Ibarra
@example.invalid","2026-04-26 06:52:47 - Blake Ibarra (Work notes)
User reports: MFA enrollment week — new hire cannot complete Duo. Routing toward Service Desk.
2026-04-26 07:52:54 - Blake Ibarra (Work notes)
Applied standard workaround.
2026-04-26 08:52:01 - Blake Ibarra (Work notes)
Checked mfa path; still failing.",Reset Duo device; enrollment complete.,false,0,Service Desk
INC1203157,2026-07-30T15:14:55-04:00,2026-08-01T16:07:27-04:00,2026-08-01T17:45:35-04:00,Closed,4-Low,network,wan-lan,Network Ops,Skyler Bond,Wired port dead at desk,"Wired port dead at desk
Please assist.
Thanks,
Skyler Bond
@example.invalid","2026-07-30 15:14:55 - Skyler Bond (Work notes)
User reports: Wired port dead at desk. Routing toward Network Ops.
2026-07-30 16:14:02 - Skyler Bond (Work notes)
Checked wan-lan path; still failing.
2026-07-30 17:14:09 - Skyler Bond (Work notes)
Applied standard workaround.",Port bounce on switch; link up.,true,0,Service Desk|Network Ops
INC1203163,2026-03-23T11:57:10-04:00,2026-03-25T07:53:34-04:00,2026-03-25T19:38:07-04:00,Closed,4-Low,app,outlook,App Support,Shay Ortega,Shared mailbox missing after migration,,"2026-03-23 11:57:10 - Shay Ortega (Work notes)
User reports: Shared mailbox missing after migration. Routing toward App Support.
2026-03-23 12:57:17 - Shay Ortega (Work notes)
Escalating to App Support.",Repaired Outlook profile.,true,0,Service Desk|App Support
INC1203170,2026-02-26T14:50:12-05:00,2026-02-27T10:44:05-05:00,2026-02-27T11:35:34-05:00,Closed,3-Moderate,network,vpn,Service Desk,,VPN disconnects during large file copy,"VPN disconnects during large file copy
Please assist.
Thanks,
End User
@example.invalid","2026-02-26 14:50:12 - Morgan Voss (Work notes)
User reports: VPN disconnects during large file copy. Routing toward Service Desk.
2026-02-26 15:50:19 - Jordan Hale (Work notes)
Applied standard workaround.
2026-02-26 16:50:26 - Casey Quintana (Work notes)
Checked vpn path; still failing.",Fixed DNS suffix on VPN adapter.,true,0,Service Desk
